id,title,text,subreddit,score,comments,created_utc,url,cleaned_text,sentiment,sentiment_score,emotion,emotion_score
1q2qsg0,Just got an iPhone 17! What should I do first?,"Just got an iPhone 17! What should I do first? Just got an iPhone 17! What should I do first? Oh and I upgraded from the iPhone SE 3rd Gen 😭

EDIT: Yes, I turned it on, a screen protector is already on and I got a Spigen NeoOne case.

EDIT 2: I'm not selling it, trading it for another phone, or anything like that.",iphone17,759,381,1767433954.0,https://i.redd.it/3j2jc8mkw3bg1.jpeg,got iphone first got iphone first oh upgraded iphone se rd gen edit yes turned screen protector already got spigen neoone case edit not selling trading another phone anything like,positive,0.6369,surprise,0.5205
1ot9k4n,Been using iPhone 17 for a month,"Been using iPhone 17 for a month Been using iPhone 17 for a month I've had the iPhone 17 for a bit over a month. I went from a 16 pro to this. Occasionally I miss the telephoto but other than that it's perfect.
Battery is great, lasts me all day. I always set a charge limit of 90% then when I get to work I charge it to 100% then I don't need to worry about it for the rest of the day. Easily 8 hours SOT.
Love the Sage colour. Went with the Liquid air case from Sipgen. Great look, feel and grip. Brilliant case.
Oh and going from a pro to bad model I didn't realise how significant the weight difference was but maaaan after like a day I was like "" it sooo light, I can hold the thing for ages without me hands aching 😄""
Anyway yeah, loveeee it",iphone17,604,132,1762767574.0,https://www.reddit.com/gallery/1ot9k4n,using iphone month using iphone month iphone bit month went pro occasionally miss telephoto perfect battery great lasts day always set charge limit get work charge need worry rest day easily hours sot love sage colour went liquid air case sipgen great look feel grip brilliant case oh going pro bad model realise significant weight difference maan like day like soo light hold thing ages without hands aching anyway yeah lovee,positive,0.9775,sadness,0.982
1r9si1z,Switched from S23 to IPhone 17. any advices for first time iphone user?,Switched from S23 to IPhone 17. any advices for first time iphone user? Switched from S23 to IPhone 17. any advices for first time iphone user?,iphone17,494,167,1771585569.0,https://i.redd.it/7aaaq5bgtmkg1.jpeg,switched iphone advices first time iphone user switched iphone advices first time iphone user,positive,0.0,surprise,0.6594
1rkeufi,Switched from iPhone 15 Pro to iPhone 17 — one month later,"Switched from iPhone 15 Pro to iPhone 17 — one month later Switched from iPhone 15 Pro to iPhone 17 — one month later I’ve been using the iPhone 17 for about a month after switching from the 15 Pro, so here are some quick thoughts.

**Battery & heat**  
Battery life and heat control are noticeably better. My 15 Pro always felt slightly warm, even in winter, while the 17 usually stays cool. With normal use, it easily lasts a full day.

**General feel**  
Screen, weight, and overall feel are pretty similar to the 15 Pro. The bezels are a bit thinner, but it’s not something you really notice in daily use.

**Camera button**  
Not a fan. I keep triggering it by accident when holding the phone with my left hand, so I basically turned it off.

**iOS**  
iOS 18 was solid, but iOS 26 launched with quite a few bugs and some apps still feel unoptimized. Apple really needs to polish updates before releasing them.

**Overall**  
This year’s standard model actually feels very complete. I used to buy Pro mainly for the display and extra features, but honestly the regular model now covers everything I need.",iphone17,661,101,1772608332.0,https://i.redd.it/9dmfulrkazmg1.jpeg,switched iphone pro iphone one month later switched iphone pro iphone one month later using iphone month switching pro quick thoughts battery heat battery life heat control noticeably better pro always felt slightly warm even winter usually stays cool normal use easily lasts full day general feel screen weight overall feel pretty similar pro bezels bit thinner not something really notice daily use camera button not fan keep triggering accident holding phone left hand basically turned ios ios solid ios launched quite bugs apps still feel unoptimized apple really needs polish updates releasing overall year standard model actually feels complete used buy pro mainly display extra features honestly regular model covers everything need,positive,0.928,joy,0.9074
1r7xmm3,Switched from s24 to iPhone 17,Switched from s24 to iPhone 17 Switched from s24 to iPhone 17 Loved the phone best battery backup and love the pro motion display,iphone17,538,126,1771403706.0,https://i.redd.it/at3xmgjos7kg1.jpeg,switched iphone switched iphone loved phone best battery backup love pro motion display,positive,0.9231,neutral,0.5316
1rqp8zb,Upgraded from iPhone 11 Pro to iPhone 17 after 6 years,"Upgraded from iPhone 11 Pro to iPhone 17 after 6 years Upgraded from iPhone 11 Pro to iPhone 17 after 6 years Got the 11 Pro early 2020 for 1 lakh INR. Used it for iOS app dev, ran smooth, good pics and videos. Still works fine, just changed battery. Can't handle storage all the time as it's just 64GB so switched.

Picked up the 17 for 78K in Chennai. Don't see much difference. iPhone 17 is a little bigger than my 11 Pro.",iphone17,850,72,1773222026.0,https://i.redd.it/2klsoyhfzdog1.jpeg,upgraded iphone pro iphone years upgraded iphone pro iphone years got pro early lakh inr used ios app dev ran smooth good pics videos still works fine changed battery handle storage time gb switched picked chennai see much difference iphone little bigger pro,positive,0.5719,surprise,0.495
1rua5wl,iPhone 17 – 60 Day Review (Upgraded from iPhone 11),"iPhone 17 – 60 Day Review (Upgraded from iPhone 11) iPhone 17 – 60 Day Review (Upgraded from iPhone 11) Coming from an iPhone 11 that I used for almost 6 years, the iPhone 17 feels like a huge upgrade. The display alone is a 10/10 upgrade — everything feels insanely smooth and fluid, and apps load instantly.

The cameras are really solid, especially the 2x optical zoom, which has been super sharp and reliable. Speakers are top-notch too — noticeably punchier with more bass than my 11.

Battery life is decent. With around 6–7 hours of screen-on time, I usually end the day with about 30% left from an 80% charge.

The only downgrade for me was the unboxing experience. My iPhone 11 box felt huge and exciting, while the 17’s box is tiny and minimal with basically just the phone.

Overall, after 6 years on the 11, this feels like a really solid upgrade — and the 256GB base storage is the cherry on top.",iphone17,579,97,1773568700.0,https://www.reddit.com/gallery/1rua5wl,iphone day review upgraded iphone iphone day review upgraded iphone coming iphone used almost years iphone feels like huge upgrade display alone upgrade everything feels insanely smooth fluid apps load instantly cameras really solid especially optical zoom super sharp reliable speakers top notch noticeably punchier bass battery life decent around hours screen time usually end day left charge downgrade unboxing experience iphone box felt huge exciting box tiny minimal basically phone overall years feels like really solid upgrade gb base storage cherry top,positive,0.9604,joy,0.9592
1rckwt1,A huge upgrade from iPhone 6s Plus to iPhone 17 (I've literally leapfrogged into a new era!),A huge upgrade from iPhone 6s Plus to iPhone 17 (I've literally leapfrogged into a new era!) A huge upgrade from iPhone 6s Plus to iPhone 17 (I've literally leapfrogged into a new era!),iphone17,599,84,1771861525.0,https://i.redd.it/tblx1rg0m9lg1.jpeg,huge upgrade iphone plus iphone literally leapfrogged new era huge upgrade iphone plus iphone literally leapfrogged new era,positive,0.5574,surprise,0.6955
1rrrrdo,Decided to get a bikini for my iPhone 17 just in time for the summer season! ☀️🍏,"Decided to get a bikini for my iPhone 17 just in time for the summer season! ☀️🍏 Decided to get a bikini for my iPhone 17 just in time for the summer season! ☀️🍏 Just got my Arc Pulse case in the mail today!

I know this case is a controversial one, but the chrome against the frosted green just hits the spot for me.

I’ve seen drop tests where it actually holds up really well on flat surfaces, but it’s those uneven ones that’ll get ya!

Thoughts?",iphone17,300,120,1773324563.0,https://www.reddit.com/gallery/1rrrrdo,decided get bikini iphone time summer season decided get bikini iphone time summer season got arc pulse case mail today know case controversial one chrome frosted green hits spot seen drop tests actually holds really well flat surfaces uneven ones get ya thoughts,negative,-0.1298,surprise,0.5297
1qqj7n0,My iPhone 17 finally arrived!,My iPhone 17 finally arrived! My iPhone 17 finally arrived!,iphone17,688,66,1769716652.0,https://www.reddit.com/gallery/1qqj7n0,iphone finally arrived iphone finally arrived,neutral,0.0,surprise,0.4386
1qeck7e,Just Upgraded to IPhone 17 from XS Max after 6.5 Years. Skipped 6 iPhone Generations.,"Just Upgraded to IPhone 17 from XS Max after 6.5 Years. Skipped 6 iPhone Generations. Just Upgraded to IPhone 17 from XS Max after 6.5 Years. Skipped 6 iPhone Generations. I didn’t realize how much lag, heat, and battery anxiety I’d normalized until I switched. Worth it.

Biggest shock: battery life and the screen.

Anyone else skip multiple generations?",iphone17,351,120,1768559475.0,https://i.redd.it/y05m6ribvodg1.jpeg,upgraded iphone xs max years skipped iphone generations upgraded iphone xs max years skipped iphone generations realize much lag heat battery anxiety normalized switched worth biggest shock battery life screen anyone else skip multiple generations,negative,-0.5859,fear,0.4787
1qpona6,From 15 Pro to 17: My White 256GB iPhone is Here & It Feels Like The Future,"From 15 Pro to 17: My White 256GB iPhone is Here & It Feels Like The Future From 15 Pro to 17: My White 256GB iPhone is Here & It Feels Like The Future Finally made the jump from my iPhone 15 Pro to the new iPhone 17 in white, 256GB. It just arrived, and honestly, it feels so surreal to hold it.

Coming from the 15 Pro, the difference is immediately noticeable. The design, the feel, the speed—everything just screams next level. I'm still getting my head around all the new features in iOS 26; there's a lot to learn!

I'm really hoping this beauty lasts me a solid 4 years from here. Anyone else made a similar upgrade? Any iOS 26 tips or hidden features I should know about right away?

Share your thoughts or ask anything!",iphone17,277,107,1769635811.0,https://www.reddit.com/gallery/1qpona6,pro white gb iphone feels like future pro white gb iphone feels like future finally made jump iphone pro new iphone white gb arrived honestly feels surreal hold coming pro difference immediately noticeable design feel speed everything screams next level still getting head around new features ios lot learn really hoping beauty lasts solid years anyone else made similar upgrade ios tips hidden features know right away share thoughts ask anything,positive,0.941,surprise,0.7342
1rc9ycl,Upgraded from Samsung M12 to iPhone 17 (Black 256GB) – 4 Days In and I'm Impressed,"Upgraded from Samsung M12 to iPhone 17 (Black 256GB) – 4 Days In and I'm Impressed Upgraded from Samsung M12 to iPhone 17 (Black 256GB) – 4 Days In and I'm Impressed I’ve been using a Samsung Galaxy M12 for the past few years, so moving to the iPhone 17 (Black, 256GB) feels like stepping into a different world.

First thing I noticed was the build quality. The black finish looks super clean and premium in person. It feels solid and well balanced in hand.

Performance difference is massive. Everything feels instant. Apps open quickly, animations are smooth, and there’s zero lag compared to what I was used to.

The display is way sharper and brighter. Watching videos feels completely different.

Camera has been the biggest upgrade for me. The detail and color processing look much more natural, especially in indoor lighting.

Battery easily lasts me the whole day with normal use.

Overall, it’s a completely new experience and I’m genuinely enjoying it.  
Sharing some photos and would love to hear your thoughts.",iphone17,253,89,1771827904.0,https://www.reddit.com/gallery/1rc9ycl,upgraded samsung iphone black gb days impressed upgraded samsung iphone black gb days impressed using samsung galaxy past years moving iphone black gb feels like stepping different world first thing noticed build quality black finish looks super clean premium person feels solid well balanced hand performance difference massive everything feels instant apps open quickly animations smooth zero lag compared used display way sharper brighter watching videos feels completely different camera biggest upgrade detail color processing look much natural especially indoor lighting battery easily lasts whole day normal use overall completely new experience genuinely enjoying sharing photos would love hear thoughts,positive,0.9879,joy,0.5366
1r5p5lm,Moving from the Galaxy A55 to the iPhone 17,"Moving from the Galaxy A55 to the iPhone 17 Moving from the Galaxy A55 to the iPhone 17 I switched from a Galaxy A55 and got the base iPhone 17.

Simply perfect! I was debating whether to get one from the Pro line, but I guess I didn't need to, this one is more than enough!

It's great to be back on iOS!",iphone17,366,66,1771187457.0,https://i.redd.it/cemyjavnxpjg1.jpeg,moving galaxy iphone moving galaxy iphone switched galaxy got base iphone simply perfect debating whether get one pro line guess need one enough great back ios,positive,0.8316,surprise,0.4301
1ok681t,Got my first iPhone 17.,"Got my first iPhone 17. Got my first iPhone 17. It’s been 4 days, moving from pure android (pixel) to the latest iOS26. What are your opinions on the latest iPhone 17 with iOS 26?",iphone17,374,93,1761845789.0,https://i.redd.it/y8ciu9z2cayf1.jpeg,got first iphone got first iphone days moving pure android pixel latest ios opinions latest iphone ios,positive,0.0,surprise,0.505
1qxr11x,"My iPhone 15 Pro was stolen, so I got a base iPhone 17. Honestly? It’s the best thing that could’ve happened","My iPhone 15 Pro was stolen, so I got a base iPhone 17. Honestly? It’s the best thing that could’ve happened My iPhone 15 Pro was stolen, so I got a base iPhone 17. Honestly? It’s the best thing that could’ve happened I bought my iPhone 13 Pro in early 2022, and I have to admit, it’s been an excellent companion for the last 4 years. However, since my brother needed a replacement for his shattered XR, and since my girlfriend and I were celebrating our anniversary, she decided to surprise me with a refurbished 15 Pro.

Unfortunately, when the package arrived, it was empty—someone had stolen it during transit. Luckily, we got a refund pretty quickly, but after that experience (trust me, it changes your perspective on shipping), she didn't feel like buying online anymore. So, she went to a physical store and picked up a base iPhone 17 for me instead.

I’ve been using it for about a week now and - I never thought I’d say this -I’m almost glad the other one got stolen. Jokes aside, I think this device is perfectly tailored to what 99% of users actually need, myself included.

From my point of view, not only is it a better choice than going for an older refurbished Pro model, but it’s also the most well-rounded option in the new iPhone lineup**.** I’m not a huge fan of the Pro design this year, and the extra features it offers don't really justify the price gap for me. I also realized I don't really care about missing the telephoto lens, considering how little I actually used it on my previous Pro.

Don’t get me wrong, the 17 Pro and Pro Max are obviously great devices - like all iPhones - but everything that made me want to upgrade from my 13 Pro in the first place (USB-C, dynamic island, a brighter screen, better battery life, 48 mpx cameras etc.) is already right here in the base model.

Plus, it’s significantly lighter and more ergonomic than my old phone and, of course, the 17 Pro. The minimal design is stunning, especially in Black, it looks incredibly clean. I’m honestly thrilled with this phone, and I’d highly recommend making this jump to anyone looking to trade in an older Pro model but feeling undecided on which version to get.",iphone17,373,57,1770405441.0,https://i.redd.it/lldne6quaxhg1.jpeg,iphone pro stolen got base iphone honestly best thing could happened iphone pro stolen got base iphone honestly best thing could happened bought iphone pro early admit excellent companion last years however since brother needed replacement shattered xr since girlfriend celebrating anniversary decided surprise refurbished pro unfortunately package arrived empty someone stolen transit luckily got refund pretty quickly experience trust changes perspective shipping feel like buying online anymore went physical store picked base iphone instead using week never thought say almost glad one got stolen jokes aside think device perfectly tailored users actually need included point view not better choice going older refurbished pro model also well rounded option new iphone lineup not huge fan pro design year extra features offers really justify price gap also realized really care missing telephoto lens considering little actually used previous pro get wrong pro pro max obviously great devices like iphones everything made want upgrade pro first place usb dynamic island brighter screen better battery life mpx cameras etc already right base model plus significantly lighter ergonomic old phone course pro minimal design stunning especially black looks incredibly clean honestly thrilled phone highly recommend making jump anyone looking trade older pro model feeling undecided version get,positive,0.9939,sadness,0.9053
1qzjvl1,Finally gave in. iPhone 17 from 5+ years of LG G8X,"Finally gave in. iPhone 17 from 5+ years of LG G8X Finally gave in. iPhone 17 from 5+ years of LG G8X I’ve been rocking an LG G8X for the last 5+ years. I used that thing to its absolute limit. It was a soldier. But the battery was giving up, and the software was ancient. It was time to move on.

The ""Move to iOS"" Nightmare (PSA for new buyers):

I thought this would be a simple 30-minute job. Wrong.

Started at 2 AM (IST), and it turned into a 3-hour loop of hell.

* ""Move to iOS"" got stuck on ""Preparing"" multiple times.
* Apple ID login kept timing out during the initial setup (probably US server peak load?).
* The phone actually froze and I had to force restart it twice.

The Fix: If you are stuck in the login loop or transfer hell - **SKIP the Apple ID login** during the setup wizard. Just get your data (WhatsApp/Contacts) across and get to the Home Screen. Sign in via Settings later. Once I did that, it worked instantly. Don't fight the server.

First Impressions (12 Hours In)**:**

* The Audio: Holy F. The speakers on this thing are absurd. I’m at 50% volume and it feels like a Bluetooth speaker.
* The Display: Finally on a proper 120Hz OLED. Set Reddit to ""Midnight"" mode immediately to save pixels. It’s buttery smooth.
* Battery: Checked the logs - Cycle count 0, 100% capacity. I immediately turned on the 80% Limit. I plan to drive this phone for 3-4 years just like the LG.
* MagSafe: Got a cover with the magnets built-in. The ""snap"" is satisfying. I get the hype now. It’s a small engineering win, but it feels premium.

The ""Meh"" Stuff:

* Notifications: Android handles these way better. It feels cluttered here.
* The Keyboard: It’s... okay? I miss the number row. And the autocorrect forcing was too much especially typing in Hinglish
* Universal Back Gesture: Muscle memory is killing me. I keep swiping from the right and nothing happens.

Verdict:

It’s been a good 5+ years of service, LG. Rest in peace (till I need you for backup).

I’m still getting used to the ""Apple way,"" but I can't deny the hardware quality. It feels built to last.

Now, what are the first settings I should absolutely turn off? (I already killed the ""Allow Apps to Request to Track"" nonsense).",iphone17,338,57,1770582570.0,https://www.reddit.com/gallery/1qzjvl1,finally gave iphone years lg finally gave iphone years lg rocking lg last years used thing absolute limit soldier battery giving software ancient time move move ios nightmare psa new buyers thought would simple minute job wrong started ist turned hour loop hell move ios got stuck preparing multiple times apple id login kept timing initial setup probably us server peak load phone actually froze force restart twice fix stuck login loop transfer hell skip apple id login setup wizard get data whatsapp contacts across get home screen sign via settings later worked instantly fight server first impressions hours audio holy speakers thing absurd volume feels like bluetooth speaker display finally proper hz oled set reddit midnight mode immediately save pixels buttery smooth battery checked logs cycle count capacity immediately turned limit plan drive phone years like lg magsafe got cover magnets built snap satisfying get hype small engineering win feels premium meh stuff notifications android handles way better feels cluttered keyboard okay miss number row autocorrect forcing much especially typing hinglish universal back gesture muscle memory killing keep swiping right nothing happens verdict good years service lg rest peace till need backup still getting used apple way deny hardware quality feels built last first settings absolutely turn already killed allow apps request track nonsense,negative,-0.8783,sadness,0.8354
1nwobq5,16 PM to IPhone 17,16 PM to IPhone 17 16 PM to IPhone 17 Some may say it was a downgrade but to me this was an Upgrade. I really love this device,iphone17,171,154,1759461603.0,https://www.reddit.com/gallery/1nwobq5,pm iphone pm iphone may say downgrade upgrade really love device,positive,0.6697,neutral,0.3354
1o2uxma,Got my Iphone 17 ( white) finally🎉,"Got my Iphone 17 ( white) finally🎉 Got my Iphone 17 ( white) finally🎉 Coming from Iphone 13,This is a huge upgrade for me
Worth the buy
Look at the bezel less look on the white…😘",iphone17,549,56,1760083387.0,https://www.reddit.com/gallery/1o2uxma,got iphone white finally got iphone white finally coming iphone huge upgrade worth buy look bezel less look white,positive,0.4939,surprise,0.4353
1rsj1h5,From Samsung s23 to iPhone 17,"From Samsung s23 to iPhone 17 From Samsung s23 to iPhone 17 I recently got an iPhone 17, and it feels so much better than Android. Switching from Android to iPhone wasn’t easy, but after two weeks, I really like it and never want to go back to Android.",iphone17,188,59,1773395496.0,https://www.reddit.com/gallery/1rsj1h5,samsung iphone samsung iphone recently got iphone feels much better android switching android iphone easy two weeks really like never want go back android,positive,0.7968,joy,0.9012
1qws724,Upgraded from iphone 12 to iphone 17 after 4 years,"Upgraded from iphone 12 to iphone 17 after 4 years Upgraded from iphone 12 to iphone 17 after 4 years iPhone 12 had been amazing, only issue was the battery life and storage (128Gb), else worked completely fine. Whats more fascinating, its battery health was 79% after 4 fu\*kin years of use. Now, using  iPhone 17 feels like an entirely different league now, everything from display, camera, haptics, speakers, microphone, the dynamic island experience, so fuckin good. Even the cables now look like of durable quality. Totally worth the upgrade. And the sage colour 💚🤌🏻 , not that flashy like the orange 17 pro, but a subtle mid green tone.",iphone17,388,38,1770313860.0,https://www.reddit.com/gallery/1qws724,upgraded iphone iphone years upgraded iphone iphone years iphone amazing issue battery life storage gb else worked completely fine whats fascinating battery health fu kin years use using iphone feels like entirely different league everything display camera haptics speakers microphone dynamic island experience fuckin good even cables look like durable quality totally worth upgrade sage colour not flashy like orange pro subtle mid green tone,positive,0.9304,surprise,0.52
1qtrsrq,From iPhone 15 Pro to iPhone 17,"From iPhone 15 Pro to iPhone 17 From iPhone 15 Pro to iPhone 17 Even though it is not a Pro, it feels like a massive jump from iPhone 15 Pro. Battery is way better and it doesn't heat up. Apart from the lack of zooming, camera quality is better.

Plus the new iOS 26 hasn't glitched once",iphone17,167,68,1770029192.0,https://i.redd.it/q4v9ianj92hg1.jpeg,iphone pro iphone iphone pro iphone even though not pro feels like massive jump iphone pro battery way better heat apart lack zooming camera quality better plus new ios glitched,positive,0.3378,joy,0.39
1ppub77,Shifted From S21 Fe to iPhone 17,"Shifted From S21 Fe to iPhone 17 Shifted From S21 Fe to iPhone 17 what all settings should I do to make best use of phone? in battery, camera and performance?",iphone17,299,58,1766073379.0,https://i.redd.it/9maalgpviz7g1.jpeg,shifted fe iphone shifted fe iphone settings make best use phone battery camera performance,positive,0.6369,neutral,0.6269
1oge5pz,Switched from iPhone XS Max to iPhone 17,"Switched from iPhone XS Max to iPhone 17 Switched from iPhone XS Max to iPhone 17 This year’s base iPhone has just the perfect specs (apart from battery) which I always wanted. This is my first first-hand phone. My reason for choosing white was that it felt sophisticated, calm, and peaceful on the phone. Also, lavender, blue, or sage are also great colours choices this year, but I thought I will get bored of them in like 3-4 years which won’t happen with white because it can doesn’t give that “new”ish feeling, kinda remains constant, maybe I don’t have proper words for it.

Also a cool thing about this phone is that when you turn on the flash in a dark room, you can see the light reflecting off the edges, I have only seen it happen in white, do other colours do the same ?",iphone17,318,68,1761462577.0,https://www.reddit.com/gallery/1oge5pz,switched iphone xs max iphone switched iphone xs max iphone year base iphone perfect specs apart battery always wanted first first hand phone reason choosing white felt sophisticated calm peaceful phone also lavender blue sage also great colours choices year thought get bored like years happen white give new ish feeling kinda remains constant maybe proper words also cool thing phone turn flash dark room see light reflecting edges seen happen white colours,positive,0.9729,joy,0.9309
1r6vdpy,How many people use AOD on their iPhone 17,How many people use AOD on their iPhone 17 How many people use AOD on their iPhone 17,iphone17,36,89,1771299689.0,https://www.reddit.com/r/iphone17/comments/1r6vdpy/how_many_people_use_aod_on_their_iphone_17/,many people use aod iphone many people use aod iphone,positive,0.0,neutral,0.8614
1pfngv3,"iPhone 17, 40 days later","iPhone 17, 40 days later iPhone 17, 40 days later Been using a cheap case I got from a local store. No screen protector too. Let’s see just how good Ceramic Shield 2 is.",iphone17,284,57,1765021688.0,https://www.reddit.com/gallery/1pfngv3,iphone days later iphone days later using cheap case got local store no screen protector let see good ceramic shield,positive,0.1779,surprise,0.5759
1nxq3us,Bought an iPhone 17 from my own money !!!,"Bought an iPhone 17 from my own money !!! Bought an iPhone 17 from my own money !!! Switched from an mi 11 ultra after 2.5 years of use ( the WiFi+hotspot died a few months ago ) and I got the display line and I was done with the overheating and all 

The phone costed 40k to repair, I chose to wait it out and save more money for a new phone ( I had already skipped the 15/16 because of 60hz ) 

I know a lotta ppl say it doesn’t matter 120hz/60hz but for some users that are used to 120 can never go back.. so I ended up saving and pulling the trigger for the IPhone 17 256gb in Mist Blue !! 

I love the phone, the battery could be better ig it’ll get better w updates, got the case, camera protector, privacy glass before I even went to pick up the phone ( I didn’t wanna get in the rat race for a 16 pro 256gb ) 

Overall, very happy with my phone, it’s solid, it’s faster after the update no complaints finally doesn’t feel like a downgrade from a pro this year. If you’re waiting to pull the trigger just do it !!!!!",iphone17,323,67,1759572522.0,https://i.redd.it/0mvlyaxhk2tf1.jpeg,bought iphone money bought iphone money switched mi ultra years use wifi hotspot died months ago got display line done overheating phone costed repair chose wait save money new phone already skipped hz know lotta ppl say matter hz hz users used never go back ended saving pulling trigger iphone gb mist blue love phone battery could better ig get better updates got case camera protector privacy glass even went pick phone wanna get rat race pro gb overall happy phone solid faster update no complaints finally feel like downgrade pro year waiting pull trigger,positive,0.9569,joy,0.3882
1q9ohyf,"My iPhone 17 has insane battery life, how does Apple achieve this with such a small battery?","My iPhone 17 has insane battery life, how does Apple achieve this with such a small battery? My iPhone 17 has insane battery life, how does Apple achieve this with such a small battery? For a phone with a 3700 mAh battery I was originally skeptical of how good its battery life would be compared to the androids that have 5000,6000 and even 7000 capacities and it’s shocking it can keep up. Yesterday I had about 5.5 hours of screen on time and it went from 100 to 62% like wtf, my old iPhone XR only lasted like two hours on a single charge. Anyways this phone is so awesome and I love the fact that it has basically perfect battery life for me even without the Apple c1 modem as I keep data turned on 24/7 and never use wifi which is like the perfect use case for that modem. Makes me excited to see what Apple can achieve in future models WITH the c1 modem!",iphone17,115,77,1768101804.0,https://www.reddit.com/r/iphone17/comments/1q9ohyf/my_iphone_17_has_insane_battery_life_how_does/,iphone insane battery life apple achieve small battery iphone insane battery life apple achieve small battery phone mah battery originally skeptical good battery life would compared androids even capacities shocking keep yesterday hours screen time went like wtf old iphone xr lasted like two hours single charge anyways phone awesome love fact basically perfect battery life even without apple modem keep data turned never use wifi like perfect use case modem makes excited see apple achieve future models modem,positive,0.8931,surprise,0.7482
1px3xml,Just got iphone 17,"Just got iphone 17 Just got iphone 17 I got the new iphone 17 like hour ago and set it up.its amazing compared to my iphone 12 battery life is amazing,screen/animations are smooth no lagginess just overall perfect phone",iphone17,347,40,1766857938.0,https://i.redd.it/5r8o0dprbs9g1.jpeg,got iphone got iphone got new iphone like hour ago set amazing compared iphone battery life amazing screen animations smooth no lagginess overall perfect phone,positive,0.9118,surprise,0.6378
1rug6vy,iPhone 17 length of ownership,iPhone 17 length of ownership iPhone 17 length of ownership How long is everyone keeping their iPhone 17? I plan to keep mines until the 20th anniversary iPhone in 2027 or maybe wait till the 2028 iPhone lineup depending on when they will be released since Apple may change their release schedule.,iphone17,41,68,1773586730.0,https://www.reddit.com/r/iphone17/comments/1rug6vy/iphone_17_length_of_ownership/,iphone length ownership iphone length ownership long everyone keeping iphone plan keep mines th anniversary iphone maybe wait till iphone lineup depending released since apple may change release schedule,neutral,0.0,neutral,0.7235
1nwyc6j,Iphone 17 battery performance 👎,"Iphone 17 battery performance 👎 Iphone 17 battery performance 👎 There is definitely a problem, battery drains very quickly",iphone17,33,136,1759496074.0,https://i.redd.it/i3hbu3h69wsf1.jpeg,iphone battery performance iphone battery performance definitely problem battery drains quickly,positive,0.0,sadness,0.8009
1nneqfy,Love my new iPhone 17,"Love my new iPhone 17 Love my new iPhone 17 Upgrading from 11 Pro to 17. Love the ProMotion, new iOS, and the battery life so far! Definitely worth my bucks. 

Image 3 by old iPhone 11 Pro
Image 4 by iPhone 17

Btw, I don’t know why my post got removed by the iPhone sub. You can’t post iPhone in iPhone sub, wth?",iphone17,260,70,1758521230.0,https://www.reddit.com/gallery/1nneqfy,love new iphone love new iphone upgrading pro love promotion new ios battery life far definitely worth bucks image old iphone pro image iphone btw know post got removed iphone sub post iphone iphone sub wth,positive,0.93,surprise,0.3521
1r7fix6,My 17 cases for the iPhone 17,My 17 cases for the iPhone 17 My 17 cases for the iPhone 17,iphone17,126,53,1771355405.0,https://i.redd.it/cw3tvex1t3kg1.png,cases iphone cases iphone,neutral,0.0,neutral,0.7575
1pyqef3,"If you’re debating whether to get the blue iPhone 17, this is your sign to get it. The color is so gorgeous 🩵","If you’re debating whether to get the blue iPhone 17, this is your sign to get it. The color is so gorgeous 🩵 If you’re debating whether to get the blue iPhone 17, this is your sign to get it. The color is so gorgeous 🩵",iphone17,268,44,1767025025.0,https://www.reddit.com/gallery/1pyqef3,debating whether get blue iphone sign get color gorgeous debating whether get blue iphone sign get color gorgeous,positive,0.8402,joy,0.5538
1qtlw0e,from iPhone 11 to 17,"from iPhone 11 to 17 from iPhone 11 to 17 Really happy with the upgrade! If you have any tips, happy to listen to any advice. Thanks!",iphone17,231,37,1770008539.0,https://i.redd.it/a0syigp4k0hg1.jpeg,iphone iphone really happy upgrade tips happy listen advice thanks,positive,0.8908,joy,0.774
1pi6flo,Switched from the base iPhone 12 to the 17,"Switched from the base iPhone 12 to the 17 Switched from the base iPhone 12 to the 17 I just did the switch, I can say that the 17 is a worth it upgrade from the iPhone 12 at this point. The Always On Display, the 120hz refresh rate, 8GB RAM, the dual 48MP rear camera, the louder dual speakers and 256GB base storage(2x larger than my 12’s storage). The iPhone 17 is such a worth it upgrade for most consumers. Hoping that this phone lasta me 4 to 5 years.",iphone17,258,46,1765284147.0,https://www.reddit.com/gallery/1pi6flo,switched base iphone switched base iphone switch say worth upgrade iphone point always display hz refresh rate gb ram dual mp rear camera louder dual speakers gb base storage larger storage iphone worth upgrade consumers hoping phone lasta years,positive,0.6808,joy,0.4048
1nzs87o,How long you planning on keeping the iPhone 17?,How long you planning on keeping the iPhone 17? How long you planning on keeping the iPhone 17? Just got my iPhone 17 last Monday. Coming from a 2017 IPhone X I’ve been holding on to that phone for almost 9 years. Never felt a need to upgrade at all. Only upgraded because battery was bad and phone was getting insanly slow and laggy. Almost upgraded when iPhone 14 pro came out but glad I hold out. Now iPhone 17 is a huge upgrade for me. It got everything I needed. Fast charging 0-50 in 20 minutes. Big screen. Big battery. 120 Pro motion display and always on display. This phone is almost perfect. I’m trying to see if I could hold on to this phone for another 8 years? I feel like there won’t be that much difference in future phones except maybe slightly bigger battery and new folded design. But I don’t care about that. iPhone 17 is a future proof phone for a very long time.,iphone17,95,96,1759777795.0,https://www.reddit.com/r/iphone17/comments/1nzs87o/how_long_you_planning_on_keeping_the_iphone_17/,long planning keeping iphone long planning keeping iphone got iphone last monday coming iphone holding phone almost years never felt need upgrade upgraded battery bad phone getting insanly slow laggy almost upgraded iphone pro came glad hold iphone huge upgrade got everything needed fast charging minutes big screen big battery pro motion display always display phone almost perfect trying see could hold phone another years feel like much difference future phones except maybe slightly bigger battery new folded design care iphone future proof phone long time,positive,0.8722,joy,0.5167
1nhumvi,"The Unofficial, Waiting For iPhone 17 Thread","The Unofficial, Waiting For iPhone 17 Thread The Unofficial, Waiting For iPhone 17 Thread Maybe someone made a post already, but incase not, this is the place to nerd out and talk about the lead up to getting an iPhone 17 of all models.

I’m getting the Pro Max in Deep Blue and I’m going just a little bonkers with excitement. 🤪",iphone17,54,118,1757962543.0,https://www.reddit.com/r/iphone17/comments/1nhumvi/the_unofficial_waiting_for_iphone_17_thread/,unofficial waiting iphone thread unofficial waiting iphone thread maybe someone made post already incase not place nerd talk lead getting iphone models getting pro max deep blue going little bonkers excitement,positive,0.5872,fear,0.6496
1nsojem,iPhone 17 green tint screen lottery?,"iPhone 17 green tint screen lottery? iPhone 17 green tint screen lottery? Saw another post here [https://www.reddit.com/r/iphone/comments/1nq6apb/iphone\_17\_green\_screen/](https://www.reddit.com/r/iphone/comments/1nq6apb/iphone_17_green_screen/) that mentioned the LG panels might have a slight tint compared to the Samsung panels.

So I went to the Apple store and tested the phones myself. The Sage iPhone 17 has a slight yellow/green tint compared to the Mist Blue iPhone 17 when the phone is tilted. I used a white background on ledr to test both phones. Anyone else notice this issue?",iphone17,123,88,1759066631.0,https://i.redd.it/la9euoxnrwrf1.png,iphone green tint screen lottery iphone green tint screen lottery saw another post mentioned lg panels might slight tint compared samsung panels went apple store tested phones sage iphone slight yellow green tint compared mist blue iphone phone tilted used white background ledr test phones anyone else notice issue,neutral,0.0,surprise,0.5441
1q44bel,Is the iPhone 17 base model battery actually this bad?,"Is the iPhone 17 base model battery actually this bad? Is the iPhone 17 base model battery actually this bad? I got my 17 on Dec 11th and I’m honestly pretty disappointed with the battery so far. 

I’m only getting about 6.5 hours of screen on time and I’m having to charge it every single day. It even drops like 6% overnight just sitting there.

I’m a pretty light user, mostly just iMessage, calls, and some light scrolling. I was really expecting at least 8 hours of SOT.

I did restore my data from my old iphone, and I know people say indexing can drain the battery, but it’s been almost a month now. That should be finished by now, right?

Is anyone else getting similar numbers or did I get a dud?

I can't believe a brand new phone is struggling this much with light use. Any advice or insight?",iphone17,8,89,1767567226.0,https://www.reddit.com/r/iphone17/comments/1q44bel/is_the_iphone_17_base_model_battery_actually_this/,iphone base model battery actually bad iphone base model battery actually bad got dec th honestly pretty disappointed battery far getting hours screen time charge every single day even drops like overnight sitting pretty light user mostly imessage calls light scrolling really expecting least hours sot restore data old iphone know people say indexing drain battery almost month finished right anyone else getting similar numbers get dud believe brand new phone struggling much light use advice insight,negative,-0.2023,sadness,0.8683
1o22y2s,Iphone 17 battery,"Iphone 17 battery Iphone 17 battery Just be honest how’s the battery life on your iPhone 17 base model?
Some people are saying it’s not good, even worse than the iPhone 15 base version, while others claim they’re getting solid battery performance.

Let’s be real and help out those who are planning to buy it.",iphone17,45,110,1760007827.0,https://www.reddit.com/r/iphone17/comments/1o22y2s/iphone_17_battery/,iphone battery iphone battery honest battery life iphone base model people saying not good even worse iphone base version others claim getting solid battery performance let real help planning buy,positive,0.7749,anger,0.3459
1oe1548,Disappointed with iPhone 17’s battery life,"Disappointed with iPhone 17’s battery life Disappointed with iPhone 17’s battery life I upgraded from 11 Pro (with 61% Battery Health -- please note) to 17 and expected so much from its battery. It was advertised to last 12 hours of usage.

I got it today and just did a few scrolls this afternoon because I’m slowly setting it up. Barely using it but it dropped from 50% to 30% now. 

 Am I the only one with this experience?",iphone17,37,107,1761220176.0,https://www.reddit.com/r/iphone17/comments/1oe1548/disappointed_with_iphone_17s_battery_life/,disappointed iphone battery life disappointed iphone battery life upgraded pro battery health please note expected much battery advertised last hours usage got today scrolls afternoon slowly setting barely using dropped one experience,negative,-0.5994,sadness,0.9408
1rj2l00,Pink Line Issue in iPhone 17 suggest fix,Pink Line Issue in iPhone 17 suggest fix Pink Line Issue in iPhone 17 suggest fix few days back my phone got overheat after heavy usage in summer so i went on to update it on 26.3 next morning it showed 2 pink lines and after force start it showed single line. went to authorize service center today they're saying this is physical damage thing. best possible solution? it's in warranty and they're charging for display in full,iphone17,30,60,1772479801.0,https://i.redd.it/ghs01mlgoomg1.jpeg,pink line issue iphone suggest fix pink line issue iphone suggest fix days back phone got overheat heavy usage summer went update next morning showed pink lines force start showed single line went authorize service center today saying physical damage thing best possible solution warranty charging display full,positive,0.5106,sadness,0.4078
1ppsj87,iPhone 17 battery health dropped at 67 cycles - is it normal?,"iPhone 17 battery health dropped at 67 cycles - is it normal? iPhone 17 battery health dropped at 67 cycles - is it normal? Hey everyone,
I recently bought an iPhone 17 and I’m a bit concerned about the battery health.

It currently has 67 charge cycles, and the battery health just dropped to 99%. I know a 1% drop isn’t huge, but it feels a bit early, so I wanted to see if this is normal.

For the last 20 days, my charging habits have been:
Max charge: 90% Minimum: 10%

Before that, I usually kept it between 20%-80%.
I don’t fast charge excessively and the phone doesn’t overheat or anything. Usage is pretty normal.

Is this kind of drop at 67 cycles expected, or should I be keeping an eye on it? Would appreciate hearing others’ experiences.",iphone17,46,80,1766069027.0,https://i.redd.it/hxt1r5ux5z7g1.jpeg,iphone battery health dropped cycles normal iphone battery health dropped cycles normal hey everyone recently bought iphone bit concerned battery health currently charge cycles battery health dropped know drop huge feels bit early wanted see normal last days charging habits max charge minimum usually kept fast charge excessively phone overheat anything usage pretty normal kind drop cycles expected keeping eye would appreciate hearing others experiences,positive,0.8126,sadness,0.4125
1oe30sp,Just got my iPhone 17 Pro!,"Just got my iPhone 17 Pro! Just got my iPhone 17 Pro! I previously had the iPhone 15, and the first thing I noticed is that the 17 Pro is really heavy in comparison.",iphone17,246,53,1761225452.0,https://i.redd.it/qivu3e8i3vwf1.jpeg,got iphone pro got iphone pro previously iphone first thing noticed pro really heavy comparison,neutral,0.0,surprise,0.9201
1o1xbor,Which case should i buy for my Iphone 17,Which case should i buy for my Iphone 17 Which case should i buy for my Iphone 17,iphone17,86,91,1759986173.0,https://i.redd.it/mzkae0nhq0uf1.jpeg,case buy iphone case buy iphone,neutral,0.0,neutral,0.8292
1olaldg,Initial impressions from switching from ~20 years of Android to the iPhone 17,"Initial impressions from switching from ~20 years of Android to the iPhone 17 Initial impressions from switching from ~20 years of Android to the iPhone 17 Made the jump from around 20 years of Android to the iPhone 17 and don't think I'll be going back!

I've been a huge fan of Pixels for the longest but was super disappointed to see hardware just always lagging behind so made the jump after using a Moto Razr+ for a bit and hoping it would quench my thirst. The base iPhone 17 was too good of a package to not get! They camera, the screen and battery life have all been exactly what I was hoping for!

Only initial issues I've found in my first week of use:

1. Transferring all my WhatsApp chats to iOS took so many attempts I was close to just giving up. Glad I got there eventually despite the issues.

2. What is this keyboard?! I knew it was bad but even SwiftKey is like a watered down version of what it is on Android. Do most people really just make their peace with how bad the iPhone keyboard experience is?

3. There's a shortcut to play background noises for falling asleep...but no shortcut to toggle vibration on/off apart from going into Sounds and Haptics every single time? Am I missing something here or do people not think it's useful to have one button that goes between ring, vibrate and fully silent and easily choose between ringer and media volumes?

4 - The number in the notification badges doesn't seem to update properly. Minor thing as I might just turn badges off though.

Outside of these relatively minor issues, and the keyboard one being the main one, this phone is a BEAST and I'm very glad with the switch!",iphone17,123,71,1761956712.0,https://i.redd.it/mhctgn6xhjyf1.jpeg,initial impressions switching years android iphone initial impressions switching years android iphone made jump around years android iphone think going back huge fan pixels longest super disappointed see hardware always lagging behind made jump using moto razr bit hoping would quench thirst base iphone good package not get camera screen battery life exactly hoping initial issues found first week use transferring whatsapp chats ios took many attempts close giving glad got eventually despite issues keyboard knew bad even swiftkey like watered version android people really make peace bad iphone keyboard experience shortcut play background noises falling asleep no shortcut toggle vibration apart going sounds haptics every single time missing something people not think useful one button goes ring vibrate fully silent easily choose ringer media volumes number notification badges seem update properly minor thing might turn badges though outside relatively minor issues keyboard one main one phone beast glad switch,positive,0.9583,sadness,0.6485
1qvzdkv,Apple really should have made their TechWoven case for the iPhone 17.,"Apple really should have made their TechWoven case for the iPhone 17. Apple really should have made their TechWoven case for the iPhone 17. Thankfully, they are on AliExpress",iphone17,249,28,1770235726.0,https://i.redd.it/b01e1neobjhg1.jpeg,apple really made techwoven case iphone apple really made techwoven case iphone thankfully aliexpress,positive,0.4215,joy,0.4505
1nvgq9s,Upgraded from iPhone 12 to 17,Upgraded from iPhone 12 to 17 Upgraded from iPhone 12 to 17,iphone17,385,37,1759344264.0,https://i.redd.it/rkkh37mrpjsf1.jpeg,upgraded iphone upgraded iphone,neutral,0.0,neutral,0.7512
1rk0jxk,The screen on the base 17 iPhone is incredible!,"The screen on the base 17 iPhone is incredible! The screen on the base 17 iPhone is incredible! So my girlfriend has the base 17, and we were in Egypt recently and her screen was always super readable. This surprised me because I have the 16 Pro, and it kinda sucked in comparison, I had to keep squinting to read things, not complaining at all, but I assumed my 16 Pro would’ve had the better screen. I’m happy Apple has decided to treat their base model customers right this time.",iphone17,113,39,1772569800.0,https://www.reddit.com/r/iphone17/comments/1rk0jxk/the_screen_on_the_base_17_iphone_is_incredible/,screen base iphone incredible screen base iphone incredible girlfriend base egypt recently screen always super readable surprised pro kinda sucked comparison keep squinting read things not complaining assumed pro would better screen happy apple decided treat base model customers right time,positive,0.9183,surprise,0.969
1qu46jf,Iphone XR to 17,Iphone XR to 17 Iphone XR to 17 Used the XR since it’s release. However it is time,iphone17,261,26,1770058900.0,https://www.reddit.com/gallery/1qu46jf,iphone xr iphone xr used xr since release however time,neutral,0.0,neutral,0.6459
1p5qtvx,Ended up buying iPhone 16 pro instead of iPhone 17 because of the deal . Need advice.,"Ended up buying iPhone 16 pro instead of iPhone 17 because of the deal . Need advice. Ended up buying iPhone 16 pro instead of iPhone 17 because of the deal . Need advice. I went to best buy yesterday to purchase an iPhone 17 for full price . Instead I ended up buying an iPhone 16 pro 256gigs for CAD $1490 before tax in a 2 year payment plan of $59.91 /m (as mentioned in the contract)for the phone and a $250 gift card . Compared to the full price of iPhone 17 i.e CAD$1280 , I felt the 16 pro gave me a good deal . What do you think ?",iphone17,112,63,1764013096.0,https://i.redd.it/nbyj7otlc93g1.jpeg,ended buying iphone pro instead iphone deal need advice ended buying iphone pro instead iphone deal need advice went best buy yesterday purchase iphone full price instead ended buying iphone pro gigs cad tax year payment plan mentioned contract phone gift card compared full price iphone cad felt pro gave good deal think,positive,0.875,joy,0.431
1oq5v4z,Finally got my iphone 17 Matcha!,"Finally got my iphone 17 Matcha! Finally got my iphone 17 Matcha! Previous iphone 14 pro retired. Lcd, backglass broke. Literally broke. Battery health was at 75%. It was degrading fast. So here I am. So happy with my purchase. Hope you guys show me some love.",iphone17,327,34,1762451702.0,https://i.redd.it/zjq4kd7rdozf1.jpeg,finally got iphone matcha finally got iphone matcha previous iphone pro retired lcd backglass broke literally broke battery health degrading fast happy purchase hope guys show love,positive,0.34,surprise,0.6289
1p7h4xp,13 pro max to iPhone 17,13 pro max to iPhone 17 13 pro max to iPhone 17 Got black one 2 days back returned it and got sage it looks beautiful in hands,iphone17,220,42,1764185600.0,https://i.redd.it/e6it13vjln3g1.jpeg,pro max iphone pro max iphone got black one days back returned got sage looks beautiful hands,positive,0.5994,neutral,0.4319
1p1zgv6,Ceramic coating on iPhone 17,Ceramic coating on iPhone 17 Ceramic coating on iPhone 17 I put a ceramic coating on my new iPhone 17 and 12 Pro. To add a scratch and fingerprint-resistant coating.,iphone17,102,62,1763633333.0,https://www.reddit.com/gallery/1p1zgv6,ceramic coating iphone ceramic coating iphone put ceramic coating new iphone pro add scratch fingerprint resistant coating,positive,0.0,neutral,0.8066
1ror33w,iPhone 17 120Hz doesn’t always feel smooth?,"iPhone 17 120Hz doesn’t always feel smooth? iPhone 17 120Hz doesn’t always feel smooth? Hi everyone,

I recently got an iPhone 17 with a 120Hz display, but sometimes I’m not fully sure if the 120Hz is working all the time.

Most of the time scrolling feels smooth, but occasionally the scrolling feels a bit less smooth or slightly choppy. It’s not terrible, just noticeable sometimes.

Low Power Mode is off, and everything else seems normal.

Is this just how ProMotion works on iOS (dynamic refresh rate), or could there be something wrong with my device?

Just curious if other iPhone 17 users experience this too.

Thanks",iphone17,84,38,1773032205.0,https://www.reddit.com/r/iphone17/comments/1ror33w/iphone_17_120hz_doesnt_always_feel_smooth/,iphone hz always feel smooth iphone hz always feel smooth hi everyone recently got iphone hz display sometimes not fully sure hz working time time scrolling feels smooth occasionally scrolling feels bit less smooth slightly choppy not terrible noticeable sometimes low power mode everything else seems normal promotion works ios dynamic refresh rate could something wrong device curious iphone users experience thanks,positive,0.4042,joy,0.9217
1oeqv8e,Iphone 17 lineup battery life test,"Iphone 17 lineup battery life test Iphone 17 lineup battery life test # iPhone 17 Battery Test Results: Pro Max Dominates, Base Model Disappoints [PhoneBuff Lab Test]

## TL;DR - Overall Real-World Endurance
- **iPhone 17 Pro Max**: ~8-10 hours typical mixed use, 2-3 days light use
- **iPhone 17 Pro**: ~6-8 hours typical mixed use, 1.5-2 days light use (beats Samsung S25 Ultra)
- **iPhone 17 base**: ~4-5 hours heavy use, 1.5 days light use (A19 chip bottleneck)
- **iPhone Air**: ~5-6 hours typical use, 1-1.5 days light use (thinness comes at a cost)
- **Takeaway**: Pro Max lasts 2-4 hours longer on typical days; Light users see minimal difference

---
# Are Pro Models More Efficient or Just Bigger Batteries? [PhoneBuff Data Breakdown]

## TL;DR
- **Pro models get 65% of their endurance advantage from LARGER batteries**
- **35% comes from actual efficiency gains** (A19 Pro chip vs A19)
- **They're genuinely more efficient, but battery size is the bigger factor**
- Base 17's real weakness: inefficient A19 chip draining adequate battery too fast

---

## Breaking It Down: 65% Battery Size vs 35% Efficiency

Let's use **Gaming** as the clearest example:

```
iPhone 17 base:     554 mAh drained per hour (15% of 3,692)
iPhone 17 Pro:      425 mAh drained per hour (10% of 4,252)
                    ─────────────────────────────────────
Difference:         129 mAh saved per hour
```

## Battery Capacity: The Foundation

First, let's establish size:

| Model | Capacity | Size vs Base |
|-------|----------|-------------|
| iPhone 17 base | 3,692 mAh | Baseline |
| iPhone 17 Pro | 4,252 mAh | **+560 mAh (15% larger)** |
| iPhone 17 Pro Max | 5,088 mAh | **+1,396 mAh (38% larger)** |
| iPhone Air | 3,149 mAh | **-543 mAh (SMALLER!)** |

---

## Heavy Task Efficiency Comparison

During processor-intensive work (Gaming, Web Browsing, YouTube, Spotify):

**Average hourly drain:**
- iPhone 17 base: **13.5%**
- iPhone 17 Pro: **10.5%** ← 22% more efficient
- iPhone 17 Pro Max: **8.8%** ← 35% more efficient

**These are real efficiency differences, not battery size illusions.**

---

## Absolute mAh Consumption (The Real Story)

This is what matters: **How much mAh leaves the battery per task?**

### Gaming (Most Extreme Example)

| Model | Hourly Drain |
|-------|-------------|
| iPhone 17 | 554 mAh |
| iPhone Air | 315 mAh ← Smallest battery, too efficient to matter |
| iPhone 17 Pro | **425 mAh** ← Best efficiency/size balance |
| iPhone 17 Pro Max | 509 mAh |

**Translation**: 
- Pro uses **129 mAh less per hour** than base during gaming
- That's the chip efficiency advantage
- But the Pro still uses 15 mAh MORE than Air (which has worse software)
- Pro Max uses 84 mAh MORE than Pro (size + slightly different efficiency)

### YouTube

| Model | Hourly Drain |
|-------|-------------|
| iPhone 17 | 369 mAh |
| iPhone Air | **283 mAh** ← Most efficient (single speaker advantage) |
| iPhone 17 Pro | 340 mAh |
| iPhone 17 Pro Max | **305 mAh** ← Best absolute efficiency here |

**Translation**: Air wins on YouTube efficiency (C1X modem + single speaker). But Air's smaller battery means that efficiency gain doesn't help endurance.

---

## Real-World: An 8-Hour Workday

**Same 8-hour day, heavy usage:**

### iPhone 17 base:
- Total consumption: ~108% of battery
- Time until dead: 4pm
- User experience: Anxiety by lunch, dead by afternoon

### iPhone 17 Pro (same usage):
- Total consumption: ~84% of battery
- Time until dead: 9pm
- User experience: Comfortable through evening

**Where does that 24% difference come from?**
- **65%** from Pro's 560 mAh larger battery
- **35%** from Pro's better efficiency during those 8 hours

---

## The A19 vs A19 Pro Chip: Real Performance Gap

The **A19 Pro** shows clear advantages in sustained workloads:

| Sustained Task | A19 (Base 17) | A19 Pro (Pro/Max) | Gap |
|----------------|---------------|------------------|-----|
| Gaming | 15% per hour | 10% per hour | **33% better** |
| Web Browsing | 14% per hour | 13% per hour | **7% better** |
| Spotify | 15% per hour | 11% per hour | **27% better** |
| YouTube | 10% per hour | 8% per hour | **20% better** |

**Why the A19 Pro wins:**
1. Better power gating during sustained work
2. Superior thermal management (no throttling)
3. More efficient CPU/GPU coordination
4. Better branch prediction and cache usage
5. Optimized for demanding apps

---

## iPhone Air: The Efficiency Paradox

Air has **smaller battery** but sometimes **best efficiency**:

### Absolute mAh (who uses least power?)

| Task | iPhone Air | Best Overall |
|------|-----------|-------------|
| YouTube | 283 mAh | **Air wins** |
| Spotify | 315 mAh | **Air wins** |
| Gaming | 315 mAh | Air ties Pro |
| Web Browsing | 441 mAh | **Base 17 wins (!?)** |

### Percentage drain (who has best %)

| Task | iPhone Air | Best Overall |
|------|-----------|-------------|
| YouTube | 9% | Pro Max (6%) wins |
| Spotify | 10% | Pro Max (8%) wins |
| Gaming | 10% | Pro & Max tie |
| Web Browsing | 14% | Pro Max (11%) wins |

**Translation**: Air is efficient in mAh terms, but the smaller battery makes the percentage drain feel worse. Plus its design isn't optimized for heavy load like Pro models are.

---

## What This Means for Your Choice

### If you mostly stream media (YouTube, Spotify):
- Air's modem advantage matters
- But smaller battery negates the efficiency win
- **Verdict**: Marginal advantage goes to Pro for percentage-based endurance

### If you game or browse heavily:
- A19 Pro chip is dramatically better (33% efficiency)
- Larger battery is critical
- **Verdict**: Pro models required; Air and base 17 will struggle

### If you do light usage:
- Efficiency barely matters (all drain 1-5% per hour)
- Battery size variance irrelevant
- **Verdict**: All models identical in practice

---

## The Bottom Line

**Q: Are Pro models more efficient?**
✅ YES. They're 20-33% more efficient in heavy tasks due to A19 Pro chip.

**Q: Is it mostly just the bigger battery?**
✅ YES. About 65% of the endurance advantage is pure battery capacity.

**Q: So which matters more?**
✅ BATTERY SIZE wins (65-70% of advantage).
But you CANNOT discount efficiency—35% is substantial.

**Q: What's the base 17's real problem?**
✅ The A19 chip is inefficient, not the battery itself (3,692 mAh is fine). But even a perfectly efficient base 17 would lose to Pro just due to battery size.

**Q: Best way to think about it?**
✅ **Pro models win through BOTH factors**: They have bigger batteries AND smarter chips. Remove either factor and the advantage shrinks significantly.



## Video Source
[PhoneBuff YouTube - iPhone 17 vs. Air vs. 17 Pro vs. 17 Pro Max Battery Test](https://www.youtube.com/watch?v=8Jdq7A9LW0M)

Test methodology: Automated robots running identical tasks across all devices simultaneously in climate-controlled lab conditions. Tests include light, moderate, and heavy usage patterns to measure real-world endurance.",iphone17,82,74,1761288942.0,https://www.reddit.com/r/iphone17/comments/1oeqv8e/iphone_17_lineup_battery_life_test/,iphone lineup battery life test iphone lineup battery life test iphone battery test results pro max dominates base model disappoints phonebuff lab test tl dr overall real world endurance iphone pro max hours typical mixed use days light use iphone pro hours typical mixed use days light use beats samsung ultra iphone base hours heavy use days light use chip bottleneck iphone air hours typical use days light use thinness comes cost takeaway pro max lasts hours longer typical days light users see minimal difference pro models efficient bigger batteries phonebuff data breakdown tl dr pro models get endurance advantage larger batteries comes actual efficiency gains pro chip vs genuinely efficient battery size bigger factor base real weakness inefficient chip draining adequate battery fast breaking battery size vs efficiency let use gaming clearest example iphone base mah drained per hour iphone pro mah drained per hour difference mah saved per hour battery capacity foundation first let establish size model capacity size vs base iphone base mah baseline iphone pro mah mah larger iphone pro max mah mah larger iphone air mah mah smaller heavy task efficiency comparison processor intensive work gaming web browsing youtube spotify average hourly drain iphone base iphone pro efficient iphone pro max efficient real efficiency differences not battery size illusions absolute mah consumption real story matters much mah leaves battery per task gaming extreme example model hourly drain iphone mah iphone air mah smallest battery efficient matter iphone pro mah best efficiency size balance iphone pro max mah translation pro uses mah less per hour base gaming chip efficiency advantage pro still uses mah air worse software pro max uses mah pro size slightly different efficiency youtube model hourly drain iphone mah iphone air mah efficient single speaker advantage iphone pro mah iphone pro max mah best absolute efficiency translation air wins youtube efficiency modem single speaker air smaller battery means efficiency gain help endurance real world hour workday hour day heavy usage iphone base total consumption battery time dead pm user experience anxiety lunch dead afternoon iphone pro usage total consumption battery time dead pm user experience comfortable evening difference come pro mah larger battery pro better efficiency hours vs pro chip real performance gap pro shows clear advantages sustained workloads sustained task base pro pro max gap gaming per hour per hour better web browsing per hour per hour better spotify per hour per hour better youtube per hour per hour better pro wins better power gating sustained work superior thermal management no throttling efficient cp coordination better branch prediction cache usage optimized demanding apps iphone air efficiency paradox air smaller battery sometimes best efficiency absolute mah uses least power task iphone air best overall youtube mah air wins spotify mah air wins gaming mah air ties pro web browsing mah base wins percentage drain best task iphone air best overall youtube pro max wins spotify pro max wins gaming pro max tie web browsing pro max wins translation air efficient mah terms smaller battery makes percentage drain feel worse plus design optimized heavy load like pro models means choice mostly stream media youtube spotify air modem advantage matters smaller battery negates efficiency win verdict marginal advantage goes pro percentage based endurance game browse heavily pro chip dramatically better efficiency larger battery critical verdict pro models required air base struggle light usage efficiency barely matters drain per hour battery size variance irrelevant verdict models identical practice bottom line pro models efficient yes efficient heavy tasks due pro chip mostly bigger battery yes endurance advantage pure battery capacity matters battery size wins advantage cannot discount efficiency substantial base real problem chip inefficient not battery mah fine even perfectly efficient base would lose pro due battery size best way think pro models win factors bigger batteries smarter chips remove either factor advantage shrinks significantly video source phonebuff youtube iphone vs air vs pro vs pro max battery test test methodology automated robots running identical tasks across devices simultaneously climate controlled lab conditions tests include light moderate heavy usage patterns measure real world endurance,positive,0.9994,sadness,0.5297
1qunyvm,"iPhone 11 to iPhone 17, crazy journey","iPhone 11 to iPhone 17, crazy journey iPhone 11 to iPhone 17, crazy journey",iphone17,266,20,1770112721.0,https://www.reddit.com/gallery/1qunyvm,iphone iphone crazy journey iphone iphone crazy journey,negative,-0.5859,surprise,0.4495
1nvs8vp,How would you rank the iPhone 17 colors by sales potential?,"How would you rank the iPhone 17 colors by sales potential? How would you rank the iPhone 17 colors by sales potential? I think it’s very interesting to speculate which colors buyers choose.

Do people prefer black or white more?

Will people buy the neutral black/white or the brighter color options?

Which of the three colors will people prefer more?

My ranking is, Black > White > Blue > Lavender > Sage. Even though I think the sage is the best one. 

What do you think?",iphone17,83,74,1759373114.0,https://i.redd.it/m7vjfk0k3msf1.jpeg,would rank iphone colors sales potential would rank iphone colors sales potential think interesting speculate colors buyers choose people prefer black white people buy neutral black white brighter color options three colors people prefer ranking black white blue lavender sage even though think sage best one think,positive,0.8591,neutral,0.3987
1rsietl,Going to buy iPhone 17 in 2 days. Things to do?,"Going to buy iPhone 17 in 2 days. Things to do? Going to buy iPhone 17 in 2 days. Things to do? Switching from Android all these years to iPhone.  
  
What all are there to explore?",iphone17,12,45,1773393176.0,https://www.reddit.com/r/iphone17/comments/1rsietl/going_to_buy_iphone_17_in_2_days_things_to_do/,going buy iphone days things going buy iphone days things switching android years iphone explore,neutral,0.0,neutral,0.6393
1pp63e9,Real or fake iphone 17 pro?,"Real or fake iphone 17 pro? Real or fake iphone 17 pro? Hello guys, need you're help fast! I am buying this iphone tomorrow does it look legit from the pics. Haven't had an iphone in years so I am not sure.",iphone17,0,74,1766000824.0,https://www.reddit.com/gallery/1pp63e9,real fake iphone pro real fake iphone pro hello guys need help fast buying iphone tomorrow look legit pics iphone years not sure,negative,-0.6664,neutral,0.4491
1oamk7j,What’s your favorite iPhone 17 color?,"What’s your favorite iPhone 17 color? What’s your favorite iPhone 17 color? Hey everyone! The iPhone 17 lineup looks awesome this year, and I’m curious — which color is your favorite?

I ordered the Sage one about a month ago here in Switzerland, but I’m still waiting for it… no delivery date yet 😩
Yesterday I noticed the Mist Blue version was finally in stock, and honestly, I got tired of waiting — so I ordered the blue one instead 😅

So yeah, blue it is for me! 💙
What about you guys? Which color did you pick (or plan to get)?",iphone17,38,81,1760870835.0,https://www.reddit.com/r/iphone17/comments/1oamk7j/whats_your_favorite_iphone_17_color/,favorite iphone color favorite iphone color hey everyone iphone lineup looks awesome year curious color favorite ordered sage one month ago switzerland still waiting no delivery date yet yesterday noticed mist blue version finally stock honestly got tired waiting ordered blue one instead yeah blue guys color pick plan get,positive,0.9382,surprise,0.7772
1npm92l,How satisfied are you with the iPhone 17?,"How satisfied are you with the iPhone 17? How satisfied are you with the iPhone 17? How is your phone working, how durable is it, and does it have any scratches or cracks?",iphone17,69,79,1758743749.0,https://www.reddit.com/r/iphone17/comments/1npm92l/how_satisfied_are_you_with_the_iphone_17/,satisfied iphone satisfied iphone phone working durable scratches cracks,positive,0.6808,joy,0.8721
1qmcqs8,Move to iOS: A Seamless Experience | iPhone 17 @70k,"Move to iOS: A Seamless Experience | iPhone 17 @70k Move to iOS: A Seamless Experience | iPhone 17 @70k Just got the iPhone 17 @70k INR after Apple employee discount. 

Been a long time android user and finally made the switch to iOS with the iPhone 17. Loving it so far!

**Now regarding Move to iOS** 

I had about 10gb of photos/videos and about 10gb of WhatsApp data and miscellaneous 3gb data. 

I used the Move to iOS app in my 4 year old Samsung galaxy device and transferred the data using wifi method. 

I faced absolutely zero issues, however i had to keep tapping the iPhone screen every 35 sec and the whole process took me about 3 hours. (yes i sat and tapped the screen for 3 hrs straight but it was worth it tho)

I was worried initially because I had custom rom in the galaxy device but it definitely didn’t cause an issue and the transfer went rather smoothly without any hiccups. 

Also, I had both the devices plugged in throughout the transfer and kept both phones right next to each other and both connected to moderately high speed WiFi. 

Feel free to ask away questions regarding Apple employee discount and move to iOS process. 

Cheers!",iphone17,114,37,1769326518.0,https://www.reddit.com/gallery/1qmcqs8,move ios seamless experience iphone move ios seamless experience iphone got iphone inr apple employee discount long time android user finally made switch ios iphone loving far regarding move ios gb photos videos gb whatsapp data miscellaneous gb data used move ios app year old samsung galaxy device transferred data using wifi method faced absolutely zero issues however keep tapping iphone screen every sec whole process took hours yes sat tapped screen hrs straight worth tho worried initially custom rom galaxy device definitely cause issue transfer went rather smoothly without hiccups also devices plugged throughout transfer kept phones right next connected moderately high speed wifi feel free ask away questions regarding apple employee discount move ios process cheers,positive,0.946,joy,0.6728
1oj2y36,Joined iPhone family! Got 17 as my long wish to get an iPhone. Loving it,"Joined iPhone family! Got 17 as my long wish to get an iPhone. Loving it Joined iPhone family! Got 17 as my long wish to get an iPhone. Loving it I’m an Android user coming from Motorola Edge 40 to iPhone 17 now. I thought Motorola had so much to give but the reality fell short. After the Apple Event, I was pretty much sure that I am gonna get the base 17 and here I am. 

Welcome to put down your suggestions for this rookie :)",iphone17,229,38,1761740271.0,https://i.redd.it/453hepsbm1yf1.jpeg,joined iphone family got long wish get iphone loving joined iphone family got long wish get iphone loving android user coming motorola edge iphone thought motorola much give reality fell short apple event pretty much sure gonna get base welcome put suggestions rookie,positive,0.967,surprise,0.4453
1ol7hxg,Is the iPhone 17 120Hz panel the same as others?,"Is the iPhone 17 120Hz panel the same as others? Is the iPhone 17 120Hz panel the same as others? I just recently switched from the Air over to the iPhone 17 and it could be just my imagination but… it feels like the panel was smoother (faster) on the Air compared to the base 17. For those who switched over from previous Pro phones, has anyone else noticed any differences?",iphone17,32,73,1761947969.0,https://www.reddit.com/r/iphone17/comments/1ol7hxg/is_the_iphone_17_120hz_panel_the_same_as_others/,iphone hz panel others iphone hz panel others recently switched air iphone could imagination feels like panel smoother faster air compared base switched previous pro phones anyone else noticed differences,positive,0.3612,joy,0.4645
1numvz0,Anyone else unimpressed with base iPhone 17 battery life?,Anyone else unimpressed with base iPhone 17 battery life? Anyone else unimpressed with base iPhone 17 battery life?,iphone17,76,66,1759260987.0,https://www.reddit.com/r/iphone17/comments/1numvz0/anyone_else_unimpressed_with_base_iphone_17/,anyone else unimpressed base iphone battery life anyone else unimpressed base iphone battery life,negative,-0.5859,neutral,0.53
1o1g45x,iphone 17 battery,"iphone 17 battery iphone 17 battery worst battery I’ve ever seen, bought my phone one week ago (from an Iphone 13), I barely use it and it only lasts 2-3 hours of use (screen on). I’ve disable all the useless features, but nothing changed…",iphone17,21,80,1759942629.0,https://www.reddit.com/r/iphone17/comments/1o1g45x/iphone_17_battery/,iphone battery iphone battery worst battery ever seen bought phone one week ago iphone barely use lasts hours use screen disable useless features nothing changed,negative,-0.7845,sadness,0.6943
1rcj9q2,Went from an S23 to this iphone 17 and loving this Spigen case,Went from an S23 to this iphone 17 and loving this Spigen case Went from an S23 to this iphone 17 and loving this Spigen case,iphone17,91,30,1771857785.0,https://www.reddit.com/gallery/1rcj9q2,went iphone loving spigen case went iphone loving spigen case,positive,0.8316,neutral,0.4736
1rt66if,Brightness level on iPhone 17,Brightness level on iPhone 17 Brightness level on iPhone 17 Is this normal that my 15 PM is at lower brightness level bar than my 17 and still giving me the actual same amount of light on both panels ??!!!,iphone17,77,28,1773451690.0,https://i.redd.it/6rzmml2eywog1.jpeg,brightness level iphone brightness level iphone normal pm lower brightness level bar still giving actual amount light panels,positive,0.7906,neutral,0.5588
1o3037c,My iPhone 17 battery life is insane even with 90% charge limit — people really overreact here 😅,My iPhone 17 battery life is insane even with 90% charge limit — people really overreact here 😅 My iPhone 17 battery life is insane even with 90% charge limit — people really overreact here 😅,iphone17,66,65,1760100833.0,https://i.redd.it/69szaiqf7auf1.jpeg,iphone battery life insane even charge limit people really overreact iphone battery life insane even charge limit people really overreact,negative,-0.8396,anger,0.9323
1p2xzaf,Have you guys ever accidentally drop your base iPhone 17 yet 🥲,"Have you guys ever accidentally drop your base iPhone 17 yet 🥲 Have you guys ever accidentally drop your base iPhone 17 yet 🥲 I just drop my base iPhone 17 while it being inside the case, everything is ok but Im quite paranoid right now 😭",iphone17,10,68,1763730018.0,https://www.reddit.com/r/iphone17/comments/1p2xzaf/have_you_guys_ever_accidentally_drop_your_base/,guys ever accidentally drop base iphone yet guys ever accidentally drop base iphone yet drop base iphone inside case everything ok im quite paranoid right,negative,-0.8479,fear,0.7512
1osu1tf,My iPhone 17 with a generic AliExpress case,My iPhone 17 with a generic AliExpress case My iPhone 17 with a generic AliExpress case,iphone17,216,32,1762720650.0,https://i.redd.it/9shbwexhla0g1.jpeg,iphone generic aliexpress case iphone generic aliexpress case,neutral,0.0,neutral,0.848
1qi39i3,Finally upgraded from iPhone SE 2020 to iPhone 17.,Finally upgraded from iPhone SE 2020 to iPhone 17. Finally upgraded from iPhone SE 2020 to iPhone 17.,iphone17,171,24,1768921068.0,https://www.reddit.com/gallery/1qi39i3,finally upgraded iphone se iphone finally upgraded iphone se iphone,neutral,0.0,surprise,0.4026
1nxzrqm,"Got my first iphone ever , iphone 17","Got my first iphone ever , iphone 17 Got my first iphone ever , iphone 17 Got my first iphone ever, iphone 17 sage",iphone17,245,34,1759598329.0,https://www.reddit.com/gallery/1nxzrqm,got first iphone ever iphone got first iphone ever iphone got first iphone ever iphone sage,positive,0.0,neutral,0.4749
1qi88ea,New iPhone 17 Battery Problem,"New iPhone 17 Battery Problem New iPhone 17 Battery Problem I recently switched to an iPhone 17 after using a Redmi Note 10S for nearly four years. Surprisingly, I feel that my old phone had better battery backup than this new iPhone flagship. Even though the battery health still shows 100% and I usually charge only up to 80–90%, the battery drains very quickly.

Battery performance is the biggest drawback I’ve noticed on this phone. For a device positioned as a premium flagship, Apple should have provided at least a 4,500 mAh battery to maintain its reputation for performance and value. Unfortunately, it comes with only a 3,600 mAh battery, resulting in disappointing battery backup.",iphone17,10,49,1768931825.0,https://www.reddit.com/r/iphone17/comments/1qi88ea/new_iphone_17_battery_problem/,new iphone battery problem new iphone battery problem recently switched iphone using redmi note nearly four years surprisingly feel old phone better battery backup new iphone flagship even though battery health still shows usually charge battery drains quickly battery performance biggest drawback noticed phone device positioned premium flagship apple provided least mah battery maintain reputation performance value unfortunately comes mah battery resulting disappointing battery backup,negative,-0.4019,surprise,0.9316
1rjehx3,Switched from Android to iPhone 17 a month ago. Missing basic features. Worth switching to Galaxy S26?,"Switched from Android to iPhone 17 a month ago. Missing basic features. Worth switching to Galaxy S26? Switched from Android to iPhone 17 a month ago. Missing basic features. Worth switching to Galaxy S26? Lifetime Android user (10+ years), tried the iPhone 17 for a month. Build quality and haptics are genuinely great, but I keep running into things that aren't a learning curve — they're just not there:

No clipboard manager

Keyboard feels worse than Gboard/Samsung Keyboard even with third-party options

File management is painful

No real split-screen/multitasking

Stock camera app has barely any manual control

No back gesture that works consistently

Simple tasks take extra steps everywhere

The Galaxy S26 drops March 11 ($800, 256GB, Snapdragon 8 Elite Gen 5 in my region). I can sell the iPhone for \~$750-800 right now so the switch would only cost me about $70-100.

My questions:

Anyone here switch from iOS back to Android? Did you regret it or was it the right call? Anything you missed more than expected?

Is the S26 a safe day-one buy or should I wait a month for real-world reviews?

Am I crazy for eating a $70-100 loss after just one month, or is it better to cut my losses now while resale is still high?

Would love to hear from people who've actually been in this spot.",iphone17,28,35,1772508499.0,https://www.reddit.com/r/iphone17/comments/1rjehx3/switched_from_android_to_iphone_17_a_month_ago/,switched android iphone month ago missing basic features worth switching galaxy switched android iphone month ago missing basic features worth switching galaxy lifetime android user years tried iphone month build quality haptics genuinely great keep running things learning curve not no clipboard manager keyboard feels worse gboard samsung keyboard even third party options file management painful no real split screen multitasking stock camera app barely manual control no back gesture works consistently simple tasks take extra steps everywhere galaxy drops march gb snapdragon elite gen region sell iphone right switch would cost questions anyone switch ios back android regret right call anything missed expected safe day one buy wait month real world reviews crazy eating loss one month better cut losses resale still high would love hear people actually spot,negative,-0.5497,sadness,0.9454
1np7ppi,iPhone 17 cases,iPhone 17 cases iPhone 17 cases Hii short post but what’s the case you got for your iPhone 17base or what case are you planning to get when it comes out?,iphone17,18,76,1758706517.0,https://www.reddit.com/r/iphone17/comments/1np7ppi/iphone_17_cases/,iphone cases iphone cases hii short post case got iphone base case planning get comes,negative,0.0,neutral,0.5699
1rou51g,iPhone 17 review,"iPhone 17 review iPhone 17 review So here is my honest review of iPhone 17 after nearly 2 weeks. For context the last few years I have used either galaxy ultras or iPhone pro maxes. After having a few issues with phones recently I just decided to go plain and basic. I have a white 256 iPhone 17 and I love it. Fantastic value for money this year. I usually used to go for pros mainly for the display tech and for the battery to get me through the day. However with the 17 you get the same screen tech and great battery life. It’s easily gets me through the day even on heavier days and it’s so nice and light to hold. Most of the time you do actually feel like you’re using a pro anyway. Cameras are great as well and new front cameras are a game changer. It really is a great package this year and one I thought Apple would never do. It’s great for first time iPhone users, people that don’t need a pro or people on a tighter budget.",iphone17,68,26,1773043105.0,https://www.reddit.com/r/iphone17/comments/1rou51g/iphone_17_review/,iphone review iphone review honest review iphone nearly weeks context last years used either galaxy ultras iphone pro maxes issues phones recently decided go plain basic white iphone love fantastic value money year usually used go pros mainly display tech battery get day however get screen tech great battery life easily gets day even heavier days nice light hold time actually feel like using pro anyway cameras great well new front cameras game changer really great package year one thought apple would never great first time iphone users people need pro people tighter budget,positive,0.9856,joy,0.7711
1qi4w2v,iPhone 17 regret,"iPhone 17 regret iPhone 17 regret Is it just me who regrets spending such a big amount on a phone? I’m 16, have lots of people around me with iPhones, but I’ve never owned one till now, because I wanted to try so I could see what’s all this hype about. 

I don’t really hate the phone, it’s just that something’s off about it, I feel like almost nothing changed coming from my galaxy S21. The cameras didn’t quite impress me, the AI is horrible (I enjoyed circle to search and other nice AI feats), anything other than that I dont really know, the battery is good, CPU runs great, social media app optimization is good, the UI is just so fluid. It’s just that I think I’m more of a galaxy user, not meant for iPhone, even though Apple is considered luxurious, secure and complete as a brand.

I’m probably just thinking about it way too much, rather than enjoying it. Or maybe I should switch back to samsung after this phone is done serving me.",iphone17,4,48,1768924667.0,https://www.reddit.com/r/iphone17/comments/1qi4w2v/iphone_17_regret/,iphone regret iphone regret regrets spending big amount phone lots people around iphones never owned one till wanted try could see hype really hate phone something feel like almost nothing changed coming galaxy cameras quite impress ai horrible enjoyed circle search nice ai feats anything dont really know battery good cpu runs great social media app optimization good ui fluid think galaxy user not meant iphone even though apple considered luxurious secure complete brand probably thinking way much rather enjoying maybe switch back samsung phone done serving,positive,0.926,sadness,0.8169
1pwatbr,Recent upgrade from iPhone 12 to base 17 and very underwhelmed,"Recent upgrade from iPhone 12 to base 17 and very underwhelmed Recent upgrade from iPhone 12 to base 17 and very underwhelmed Been using the 17 for about a month now and coming from a 12 with 75% battery capacity it’s been nowhere near the upgrade I thought it would be

Decided to pull the trigger for the base 17 this year since just about everyone agreed it’s the best value in years and on paper coming from an old 12 it did seem that way

But in reality pretty disappointing imo, 120hz is nice and could definitely tell the difference but I must be missing something the way people talk about it like a life changing upgrade, yeah it’s smoother but the odd time I’ve went back on the 12 my eyes adjusted instantly, personally it’s really not that big of a deal

Battery is my biggest gripe of all- for the first week or so when I was using it side by side with the old 12 it seemed to last a good deal longer which is to be expected, but now that I’ve fully switched over it honestly isn’t far off how long a new 12 lasted back then which it shouldn’t be

On WiFi at home

normal brightness

Always on display on

Background app refresh all turned on (and no I shouldn’t need to turn this off or play about with any other charging settings to get better battery life, this was exactly how I’ve used the 12 for years so should be directly comparable)

it initially lasted about 9 hours SOT to sometimes  6-7 recently not even any heavy gaming or editing just standard browsing social media, maybe an hour FaceTime

The full days I’ve been out on 5g has been even worse barely reaching 6 hours one time

Camera Processor ram etc of course they’re an upgrade coming from the 12 but not much to say here and haven’t exactly felt a tangible difference so far

Dynamic Island action button and the camera control are all nice to have

Not sure if I’ve just got unlucky with a bad battery or had expectations too high, never thought I’d need a pro considering I managed to tough it out until now with an old 12 on 75% capacity but maybe it’s worth considering returning this for a 17 pro or pro max?",iphone17,5,54,1766772689.0,https://www.reddit.com/r/iphone17/comments/1pwatbr/recent_upgrade_from_iphone_12_to_base_17_and_very/,recent upgrade iphone base underwhelmed recent upgrade iphone base underwhelmed using month coming battery capacity nowhere near upgrade thought would decided pull trigger base year since everyone agreed best value years paper coming old seem way reality pretty disappointing imo hz nice could definitely tell difference must missing something way people talk like life changing upgrade yeah smoother odd time went back eyes adjusted instantly personally really not big deal battery biggest gripe first week using side side old seemed last good deal longer expected fully switched honestly far long new lasted back wifi home normal brightness always display background app refresh turned no need turn play charging settings get better battery life exactly used years directly comparable initially lasted hours sot sometimes recently not even heavy gaming editing standard browsing social media maybe hour facetime full days even worse barely reaching hours one time camera processor ram etc course upgrade coming not much say exactly felt tangible difference far dynamic island action button camera control nice not sure got unlucky bad battery expectations high never thought need pro considering managed tough old capacity maybe worth considering returning pro pro max,positive,0.972,surprise,0.5976
1npuobv,Anyone with iPhone 17 base model,Anyone with iPhone 17 base model Anyone with iPhone 17 base model How are you liking the phone? Battery life? Camera? Basically whatever you wanna tell me lol. Also wondering about the colors! What do yall think of the lavender or sage? I’m having a time deciding which one to get,iphone17,29,71,1758765764.0,https://www.reddit.com/r/iphone17/comments/1npuobv/anyone_with_iphone_17_base_model/,anyone iphone base model anyone iphone base model liking phone battery life camera basically whatever wanna tell lol also wondering colors yall think lavender sage time deciding one get,positive,0.6705,surprise,0.7672
1psxtvt,Which iPhone 17 model and storage should I choose?,"Which iPhone 17 model and storage should I choose? Which iPhone 17 model and storage should I choose? I want to upgrade from my iPhone 14 pro 256gb space black with 81% battery health from February 2023 to one of the iPhone 17 models. Debating between the 17 base vs 17 pro vs 17 pro max. Also I’m using 138/256gb internal storage and iCloud 828gb/2tb 256gb or 512gb. As for colors debate between Black or White for the base 17 and if choosing the 17 pro or the 17 pro max then I would choose Silver. Using camera only with 4k 30 fps or 12mp / 24mp photos. So, which iPhone 17 model, storage a color should I choose?",iphone17,9,53,1766404723.0,https://www.reddit.com/r/iphone17/comments/1psxtvt/which_iphone_17_model_and_storage_should_i_choose/,iphone model storage choose iphone model storage choose want upgrade iphone pro gb space black battery health february one iphone models debating base vs pro vs pro max also using gb internal storage icloud gb tb gb gb colors debate black white base choosing pro pro max would choose silver using camera fps mp mp photos iphone model storage color choose,negative,0.0772,neutral,0.4305
1rrvphq,I bought iPhone 17,I bought iPhone 17 I bought iPhone 17,iphone17,115,18,1773333399.0,https://i.redd.it/5hm9hban6nog1.jpeg,bought iphone bought iphone,neutral,0.0,neutral,0.6288
1qp3ozt,Hows the case for my new iphone 17 ?,"Hows the case for my new iphone 17 ? Hows the case for my new iphone 17 ? Recently bought my first iphone, transitioned from s23 ,loved that phone still using it as secondary device but battery was shit on that one.",iphone17,90,29,1769581598.0,https://i.redd.it/sqw4lx6ma1gg1.jpeg,hows case new iphone hows case new iphone recently bought first iphone transitioned loved phone still using secondary device battery shit one,positive,0.0772,surprise,0.6103
1oxqodw,iPhone 17 battery is amazing!,iPhone 17 battery is amazing! iPhone 17 battery is amazing! I don’t know how I’ve seen so many posts of people having issues with their battery and SOT! I’ve absolutely loved it and it’s been great since day 1,iphone17,83,44,1763210269.0,https://www.reddit.com/gallery/1oxqodw,iphone battery amazing iphone battery amazing know seen many posts people issues battery sot absolutely loved great since day,positive,0.9529,surprise,0.6337
1oo3zco,iPhone XS Max to iPhone 17,iPhone XS Max to iPhone 17 iPhone XS Max to iPhone 17 Single largest upgrade I've ever experienced I am shocked at how fast it is and the hundreds of other new small features,iphone17,185,31,1762252203.0,https://i.redd.it/xj6sytfkw7zf1.jpeg,iphone xs max iphone iphone xs max iphone single largest upgrade ever experienced shocked fast hundreds new small features,negative,-0.3182,surprise,0.9772
1q0l8cg,Love the iPhone 17. So light and sleek.,"Love the iPhone 17. So light and sleek. Love the iPhone 17. So light and sleek. I switched from 16PM to 17 base as my wife needed to switch her old broken 12PM to somewhat similar size phone. I just love the form factor of this phone. It’s so lightweight and comfortable to hold. Also the look and feel of this phone is so premium and sleek.

Really happy with the purchase. Best bang for buck. IRL 17 base should satisfy 90% of the customer base.",iphone17,163,24,1767209106.0,https://www.reddit.com/gallery/1q0l8cg,love iphone light sleek love iphone light sleek switched pm base wife needed switch old broken pm somewhat similar size phone love form factor phone lightweight comfortable hold also look feel phone premium sleek really happy purchase best bang buck irl base satisfy customer base,positive,0.9782,joy,0.9371
1q4fi7t,My 1 Month Review of the iPhone 17 as a long-time Android User,"My 1 Month Review of the iPhone 17 as a long-time Android User My 1 Month Review of the iPhone 17 as a long-time Android User For context, I have been a long time android user (Last phone was a Poco F5 Pro) who switched to the iPhone 17 just a month ago. I have also casually used my wife’s old iPhone 11 Pro Max from time to time, but this is my first time using an iPhone as my main phone since the 3GS.

* Display
    * One of the things that prevented me from getting an iPhone was the 60Hz display of the base models. This 120 Hz on the iPhone 17 enticed me to try it out. Colors are great, and the display itself will actually make you feel that you have a premium phone on your hand.

* Cameras
    * I am loving the cameras so far. The videos I take are so good. The selfies I take with my wife are nice as well (It’s good to see selfies that are not “in your face”. Not sure if I explained it right lol) I attended a wedding a few days ago, and I can say that having a third camera might actually be useful in events like that. I compared photos I took with my wife who has an iPhone 16 Pro and I must say that the 5x photos look clearer in her phone. I might just have to buy a Pro phone in the future if I feel like the use case for a 3rd camera will be frequent.

* Battery Life
    * Battery is good and usually lasts me a full day. 90% battery usage usually gives me 7-9hrs of SOT. It should be noted that I turned off Always On Display and I always set my phones to Dark Mode.

* Face ID
    * Face ID is crazy good. I used to think that fingerprint sensors are much more accurate than the Face ID, but I was completely wrong.

* Performance
    * The performance of the phone, especially in gaming, is top of the line. I tried heavy gaming (Wuthering Waves) and it never stuttered at all. Goes to show that the A19 chip is really a beast.

* Touch Responsiveness
    * Main issue I have when using the phone. I am hoping updates can work on this.
    * Light and normal presses, especially on edges, are not registered at times. Sometimes, you have to click the same button again just for it to respond to your taps. I am unsure if it is an app issue or an iOS issue. I just hope it gets fixed because it ruins the experience of having a great phone.

Other Notes
* UX / UI feels fluid, but not snappy. I feel like you can’t do things in a rush when using the phone, unlike in Android. 
* I miss Android’s back button, but I actually got used to Apple’s lack of this feature after 2 weeks of using the iPhone.

Overall, I am satisfied with my purchase of the iPhone 17. I don’t think it’s perfect, but I can say that it is one of the phones with the best value right now. My next plan is to try and immerse myself in the Apple ecosystem and see if it suits my personal taste.",iphone17,74,35,1767598680.0,https://www.reddit.com/r/iphone17/comments/1q4fi7t/my_1_month_review_of_the_iphone_17_as_a_longtime/,month review iphone long time android user month review iphone long time android user context long time android user last phone poco pro switched iphone month ago also casually used wife old iphone pro max time time first time using iphone main phone since gs display one things prevented getting iphone hz display base models hz iphone enticed try colors great display actually make feel premium phone hand cameras loving cameras far videos take good selfies take wife nice well good see selfies not face not sure explained right lol attended wedding days ago say third camera might actually useful events like compared photos took wife iphone pro must say photos look clearer phone might buy pro phone future feel like use case rd camera frequent battery life battery good usually lasts full day battery usage usually gives hrs sot noted turned always display always set phones dark mode face id face id crazy good used think fingerprint sensors much accurate face id completely wrong performance performance phone especially gaming top line tried heavy gaming wuthering waves never stuttered goes show chip really beast touch responsiveness main issue using phone hoping updates work light normal presses especially edges not registered times sometimes click button respond taps unsure app issue ios issue hope gets fixed ruins experience great phone notes ux ui feels fluid not snappy feel like things rush using phone unlike android miss android back button actually got used apple lack feature weeks using iphone overall satisfied purchase iphone think perfect say one phones best value right next plan try immerse apple ecosystem see suits personal taste,positive,0.9939,joy,0.7704
1rngii1,iPhone 17 display,iPhone 17 display iPhone 17 display Why this phone’s display has more yellowish greenish tint than any other old iPhones that i have before like iphone x or 15 pro max ?,iphone17,23,30,1772906186.0,https://www.reddit.com/r/iphone17/comments/1rngii1/iphone_17_display/,iphone display iphone display phone display yellowish greenish tint old iphones like iphone pro max,positive,0.3612,neutral,0.3487
1r3yjsa,New iphone 17,"New iphone 17 New iphone 17 Shifted to iphone 17 from k20 pro gifted by parents on birthday,also got myself this amazing case from daily objects.",iphone17,166,16,1771010769.0,https://www.reddit.com/gallery/1r3yjsa,new iphone new iphone shifted iphone pro gifted parents birthday also got amazing case daily objects,positive,0.5859,surprise,0.7452
1o68f7f,iPhone 17 Base Battery Draining issue,"iPhone 17 Base Battery Draining issue iPhone 17 Base Battery Draining issue Hi All,

I recently got my new iPhone 17 Base two days ago, and since then I’ve been experiencing severe battery drain. The battery drops so fast that I can literally see the percentage decreasing in real time.

For example, I’ve been using the phone for about half an hour now, and it’s already dropped by 10%. I charged it to 100% just an hour ago, and it’s currently sitting at 88%.

This really doesn’t seem normal for a premium, brand-new device, and it’s quite concerning. I’ve already turned off everything I could, including Background App Refresh and other features, but nothing seems to help.

I came from an iPhone 16 Plus, and its battery performance was far better.


Also at my Apple Store, returning or exchanging is not an option at all, so I can't even return of exchange it.


If anyone could share some advice or opinions, I’d really appreciate it, or if you know of any way to improve the battery performance, please let me know.",iphone17,38,60,1760424731.0,https://www.reddit.com/r/iphone17/comments/1o68f7f/iphone_17_base_battery_draining_issue/,iphone base battery draining issue iphone base battery draining issue hi recently got new iphone base two days ago since experiencing severe battery drain battery drops fast literally see percentage decreasing real time example using phone half hour already dropped charged hour ago currently sitting really seem normal premium brand new device quite concerning already turned everything could including background app refresh features nothing seems help came iphone plus battery performance far better also apple store returning exchanging not option even return exchange anyone could share advice opinions really appreciate know way improve battery performance please let know,positive,0.7674,sadness,0.5479
1ptqe44,Pixel 10 pro vs base iPhone 17,"Pixel 10 pro vs base iPhone 17 Pixel 10 pro vs base iPhone 17 Hi! So i’ve been an android user all my life but i just switched to the base iPhone 17 cause i considered it was the first iPhone in years to actually compete quality/price and i do think this thing is amazing but i’m just not too sure about iOS. Its slow af, everything requires at least 1 more “click”, keyboard is straight bullshit. On the other hand everything is smooth, im LOVING Face ID and the overall quality is just very good. But idk about iOS. Thats the context, now, im considering returning the iPhone 17 and buying the pixel 10 pro but im just not too sure the pixel will feel like a premium phone. What would you do in my situation? PD: pixel is 150€ cheaper",iphone17,10,49,1766484641.0,https://www.reddit.com/r/iphone17/comments/1ptqe44/pixel_10_pro_vs_base_iphone_17/,pixel pro vs base iphone pixel pro vs base iphone hi android user life switched base iphone cause considered first iphone years actually compete quality price think thing amazing not sure ios slow af everything requires least click keyboard straight bullshit hand everything smooth im loving face id overall quality good idk ios thats context im considering returning iphone buying pixel pro im not sure pixel feel like premium phone would situation pd pixel cheaper,positive,0.8772,joy,0.5371
1q4ty1m,What did you dislike about the iPhone 17,What did you dislike about the iPhone 17 What did you dislike about the iPhone 17 Im thinking about getting the iPhone 17 so I wanted to know what did people dislike about it so I can see if I will get it or get something else I mean I’m using iPhone and tbh there is nothing I dislike to the point for not getting an iPhone but yeah just wanted to know what people think about it,iphone17,13,45,1767638231.0,https://www.reddit.com/r/iphone17/comments/1q4ty1m/what_did_you_dislike_about_the_iphone_17/,dislike iphone dislike iphone im thinking getting iphone wanted know people dislike see get get something else mean using iphone tbh nothing dislike point not getting iphone yeah wanted know people think,negative,-0.7582,anger,0.7154
1q4jkgx,Mist Blue iPhone 17,Mist Blue iPhone 17 Mist Blue iPhone 17 Guys this phone is just gorgeous with this case,iphone17,189,19,1767613453.0,https://i.redd.it/do6sz05bqibg1.jpeg,mist blue iphone mist blue iphone guys phone gorgeous case,positive,0.6124,neutral,0.5622
1qhas7h,How is the base iPhone 17 battery for you guys?,How is the base iPhone 17 battery for you guys? How is the base iPhone 17 battery for you guys?,iphone17,11,41,1768844130.0,https://www.reddit.com/r/iphone17/comments/1qhas7h/how_is_the_base_iphone_17_battery_for_you_guys/,base iphone battery guys base iphone battery guys,negative,0.0,neutral,0.8312
1o0b00i,Drop your iPhone 17 cases,"Drop your iPhone 17 cases Drop your iPhone 17 cases Drop an image of your iPhone cases and where you bought them, and how much it is?

I bought mine from local shop and it’s ₹300.",iphone17,63,54,1759832905.0,https://i.redd.it/7a66eyuq2otf1.jpeg,drop iphone cases drop iphone cases drop image iphone cases bought much bought mine local shop,negative,-0.6486,neutral,0.6168
1pu0nnc,What’s your opinion on iPhone 17 without screen protection?,"What’s your opinion on iPhone 17 without screen protection? What’s your opinion on iPhone 17 without screen protection? Hey, Do you use iPhone 17 without any screen protections like tempered glass or screen protectors? I have iPhone 13 and never been without tempered glass because while using iPhone 12 years back it was easy for getting scratches even I am being careful. But I don’t love screen protectors because I want to use it as it is and enjoy the feel. What do you think about this?",iphone17,24,44,1766513030.0,https://www.reddit.com/r/iphone17/comments/1pu0nnc/whats_your_opinion_on_iphone_17_without_screen/,opinion iphone without screen protection opinion iphone without screen protection hey use iphone without screen protections like tempered glass screen protectors iphone never without tempered glass using iphone years back easy getting scratches even careful love screen protectors want use enjoy feel think,positive,0.8776,joy,0.9331
1oihciz,"iPhone 17, a beast!","iPhone 17, a beast! iPhone 17, a beast! Very happy that I went from 13 Pro (beast too) to a base iPhone 17, and not Pro. I know the Pro has its features, but I really didnt like the color and the body. But this years 17 feels like a Pro model.",iphone17,190,29,1761676167.0,https://i.redd.it/jzj7gtqpbwxf1.jpeg,iphone beast iphone beast happy went pro beast base iphone not pro know pro features really didnt like color body years feels like pro model,positive,0.5875,joy,0.8521
1pw2bp7,Just got iPhone 17 yesterday and it’s amazing… except for the battery,"Just got iPhone 17 yesterday and it’s amazing… except for the battery Just got iPhone 17 yesterday and it’s amazing… except for the battery Is mine broken or something? The battery on it is horrendous for some reason. It dropped 24% in 44 minutes of using Safari yesterday, for example. Music drained 8% in 31 minutes as well with AirPods connected, while other apps like YouTube are fine (14% in 1 hour 25 minutes).

I charged it to 79% yesterday morning, then had to plug it in again at 11pm last night. Stayed up about 4 hours until 3 and it drained completely from 70% down to 10% - today it’s now on 68% battery usage in 3 hours and 37 minutes.

Is this all normal? Something seems wrong with the battery. My brother got the exact same phone as me and his is fine.

The main reason I upgraded from the 13 Pro Max was the battery life, but it’s much, much worse than that phone even though it was on 85% battery health.",iphone17,18,44,1766749065.0,https://www.reddit.com/r/iphone17/comments/1pw2bp7/just_got_iphone_17_yesterday_and_its_amazing/,got iphone yesterday amazing except battery got iphone yesterday amazing except battery mine broken something battery horrendous reason dropped minutes using safari yesterday example music drained minutes well airpods connected apps like youtube fine hour minutes charged yesterday morning plug pm last night stayed hours drained completely today battery usage hours minutes normal something seems wrong battery brother got exact phone fine main reason upgraded pro max battery life much much worse phone even though battery health,negative,-0.6249,surprise,0.8997
1nyp7jy,The Silver iPhone 17 Pro Max is underrated,"The Silver iPhone 17 Pro Max is underrated The Silver iPhone 17 Pro Max is underrated I was going to get the Orange, but seeing the silver colour in person made me change my mind. The silver is so much more elegant. It should also hopefully have less visible scratches over time, as it is the natural aluminium colour",iphone17,139,39,1759673377.0,https://www.reddit.com/gallery/1nyp7jy,silver iphone pro max underrated silver iphone pro max underrated going get orange seeing silver colour person made change mind silver much elegant also hopefully less visible scratches time natural aluminium colour,positive,0.8074,joy,0.693
1o6hmao,My first Apple product- iPhone 17 base 512 GB Mist Blue.,"My first Apple product- iPhone 17 base 512 GB Mist Blue. My first Apple product- iPhone 17 base 512 GB Mist Blue. I was going to buy iPhone 16 pro max in july-august thinking it's pro max
It's literally the best
But then my friend'a suggested to wait a month anyway Apple is launching 17 in September If you don't like 17, you can still buy 16 pro max, there is also a chance you might get it on discount or lower price,
Since 17 is out now.
But to my surprise 17 base was so good for me
It's literally what all I need in a smartphone
1. 120 Hz beautiful iPhone screen
(Always ON Display, are you kidding meeee!! in a base iphone??
They were gate keeping this for so long!! Not a single iphone base released earlier had this, not even plus which had a screen size of pro max)

2. Perfect phone size, Perfect bezels.
3. 2- 48 MP back cameras
4. 18 MP front camera with square sensor
5. Same bezel less screen design that you get in pro
(Almost same feel like pro not pro max, apart from one telephoto lens and extra zoom)

Everything was same except there is no tele photo lens which is there in 17 pro series
I liked the colours in base too, silver and orange was a big NO for me in pro 

So I sacrificed that one lens for 512 GB storage
I am just so happy!!!
iPhone 17 base was the best iPhone for me as per my needs!!",iphone17,178,32,1760453462.0,https://www.reddit.com/gallery/1o6hmao,first apple product iphone base gb mist blue first apple product iphone base gb mist blue going buy iphone pro max july august thinking pro max literally best friend suggested wait month anyway apple launching september like still buy pro max also chance might get discount lower price since surprise base good literally need smartphone hz beautiful iphone screen always display kidding mee base iphone gate keeping long not single iphone base released earlier not even plus screen size pro max perfect phone size perfect bezels mp back cameras mp front camera square sensor bezel less screen design get pro almost feel like pro not pro max apart one telephoto lens extra zoom everything except no tele photo lens pro series liked colours base silver orange big no pro sacrificed one lens gb storage happy iphone base best iphone per needs,positive,0.9881,surprise,0.7081
1omrmpg,Battery life on iPhone 17 feels off…,"Battery life on iPhone 17 feels off… Battery life on iPhone 17 feels off… I bought the base iPhone 17 about a month ago, upgrading from the 14 Pro Max, and I can’t say I’m too happy with the battery life. There are days when I need to charge it twice. I usually follow the routine of charging it at around 15–20% and unplugging at 80–85%.

I’ve seen quite a few people discussing this here with mixed opinions, and I’ve read that the latest update might help improve it. When is that expected? And generally, how’s your experience been so far?",iphone17,25,53,1762114579.0,https://www.reddit.com/r/iphone17/comments/1omrmpg/battery_life_on_iphone_17_feels_off/,battery life iphone feels battery life iphone feels bought base iphone month ago upgrading pro max say happy battery life days need charge twice usually follow routine charging around unplugging seen quite people discussing mixed opinions read latest update might help improve expected generally experience far,positive,0.8519,joy,0.9471
1pmbts1,Iphone 17 battery drain continues after 10 days,"Iphone 17 battery drain continues after 10 days Iphone 17 battery drain continues after 10 days I don't know why. I bought brand new Iphone 17 to replace my Iphone 12 with 82% battery health 10 days ago. And battery is always horrible. Maximum 4-5 hours of screen time, I mainly use telegram and WhatsAppp, sometimes maps and a littler bit of Safari browsing(20-25min) that's all, really. At first I though that's because of ""Quick start"" function and did a clean instal, download all apps I need, no Icloud files just fresh start. It's still same. What I did:

Disable

\-AOD

\-all notifications except the ones I need

\-Apple intelegence 

\-Find my Iphone

\-Icloud

\-Liquid glass

\-all auto updates

\-geolocations (exceptions is 2 apps and only when I use it)

\-I am always on Wifi when I can, also there is no 5G in my country just LTE (weak signal and sometimes they shut down the internet)

\-Ios 26.2

  
And it's still horrible and just a little bit better than my old Iphone 12. It's driving me crazy. Such expensive purchase for me. There is no Apple and Apple return policy in my country. This phone works great, fast, but battery is just bad. I bought it because read that it's good device that last me at least 3-5 years, it'ts newest model.",iphone17,18,45,1765711359.0,https://www.reddit.com/r/iphone17/comments/1pmbts1/iphone_17_battery_drain_continues_after_10_days/,iphone battery drain continues days iphone battery drain continues days know bought brand new iphone replace iphone battery health days ago battery always horrible maximum hours screen time mainly use telegram whatsapp sometimes maps littler bit safari browsing min really first though quick start function clean instal download apps need no icloud files fresh start still disable aod notifications except ones need apple intelegence find iphone icloud liquid glass auto updates geolocations exceptions apps use always wifi also no country lte weak signal sometimes shut internet ios still horrible little bit better old iphone driving crazy expensive purchase no apple apple return policy country phone works great fast battery bad bought read good device last least years ts newest model,negative,-0.7769,sadness,0.7934
1nnfoth,iPhone SE ➡️ XS ➡️ 17,iPhone SE ➡️ XS ➡️ 17 iPhone SE ➡️ XS ➡️ 17 It was time.,iphone17,308,21,1758524799.0,https://i.redd.it/but3dbr21oqf1.jpeg,iphone se xs iphone se xs time,neutral,0.0,neutral,0.7407
1qfdn90,Should I buy Iphone 17 or Iphone 17 Pro,"Should I buy Iphone 17 or Iphone 17 Pro Should I buy Iphone 17 or Iphone 17 Pro I will be using my Android device as well but Iphone will be my primary device. The main use is pics, videos normal, no use of much zoom and all. Daily usage phone like everyday tasks. And should be best for the money!  
Let me know in the Comments what should I buy",iphone17,8,38,1768657677.0,https://www.reddit.com/r/iphone17/comments/1qfdn90/should_i_buy_iphone_17_or_iphone_17_pro/,buy iphone iphone pro buy iphone iphone pro using android device well iphone primary device main use pics videos normal no use much zoom daily usage phone like everyday tasks best money let know comments buy,positive,0.765,neutral,0.458
1ot1dik,"Which iPhone 17 colour do you like the most? Blue, Lavender, Sage (light green), white or black?","Which iPhone 17 colour do you like the most? Blue, Lavender, Sage (light green), white or black? Which iPhone 17 colour do you like the most? Blue, Lavender, Sage (light green), white or black?",iphone17,18,51,1762739564.0,https://www.reddit.com/r/iphone17/comments/1ot1dik/which_iphone_17_colour_do_you_like_the_most_blue/,iphone colour like blue lavender sage light green white black iphone colour like blue lavender sage light green white black,positive,0.6124,neutral,0.6972
1qp5h02,Base iPhone 17 easily get hot when using 5G,"Base iPhone 17 easily get hot when using 5G Base iPhone 17 easily get hot when using 5G Hey there, I have a base iPhone 17 with dual sim turned on but every time I started to turn on my cellular connection instead of using wifi, my phone will get hot especially around the top part area at the back of the phone. Is this occurrence normal? Does anyone like to share some experience too with this device? Also the battery drain when using Cellular 5G is so much worse than a normal WiFi.",iphone17,56,28,1769587759.0,https://i.redd.it/qkopkppxs1gg1.jpeg,base iphone easily get hot using base iphone easily get hot using hey base iphone dual sim turned every time started turn cellular connection instead using wifi phone get hot especially around top part area back phone occurrence normal anyone like share experience device also battery drain using cellular much worse normal wifi,positive,0.7564,neutral,0.3424
1o1z1r0,iPhone 16 v 17 Black,iPhone 16 v 17 Black iPhone 16 v 17 Black Which one do you prefer?,iphone17,134,36,1759992614.0,https://www.reddit.com/gallery/1o1z1r0,iphone black iphone black one prefer,negative,0.0,neutral,0.9204
1pr29ss,Finally! Upgraded from iPhone 13 to base 17 🤍,Finally! Upgraded from iPhone 13 to base 17 🤍 Finally! Upgraded from iPhone 13 to base 17 🤍 Soo excited to use this,iphone17,176,19,1766194940.0,https://i.redd.it/h1nql5dck98g1.jpeg,finally upgraded iphone base finally upgraded iphone base soo excited use,positive,0.34,joy,0.6661
1r3a0bd,How was the change to iPhone 17 from your last iPhone?,How was the change to iPhone 17 from your last iPhone? How was the change to iPhone 17 from your last iPhone? I’m on my 13 with 76 bh and was wondering how is it going to the newest base model feel in performance or did anyone swap b. Did you saw the boost in performance or is it just easier to go to the newest?,iphone17,15,30,1770941248.0,https://www.reddit.com/r/iphone17/comments/1r3a0bd/how_was_the_change_to_iphone_17_from_your_last/,change iphone last iphone change iphone last iphone bh wondering going newest base model feel performance anyone swap saw boost performance easier go newest,positive,0.6705,surprise,0.852
1nurb2x,iPhone 17 or iPhone 17 pro,"iPhone 17 or iPhone 17 pro iPhone 17 or iPhone 17 pro ’m planning to upgrade from my iPhone 14 Pro Max and debating between the iPhone 17 and the 17 Pro. Since I don’t really care much about zoom, are the cameras basically the same except the Pro having more zoom capability? I’d like to keep the phone for 4–5 years, so which one would be the smarter choice?

I’m not considering the Pro Max — I’m tired of carrying around the bulky 14 Pro Max.",iphone17,24,57,1759271360.0,https://www.reddit.com/r/iphone17/comments/1nurb2x/iphone_17_or_iphone_17_pro/,iphone iphone pro iphone iphone pro planning upgrade iphone pro max debating iphone pro since really care much zoom cameras basically except pro zoom capability like keep phone years one would smarter choice not considering pro max tired carrying around bulky pro max,positive,0.7264,neutral,0.3738
1q83dme,Should I Buy Lense Protector for iPhone 17?,"Should I Buy Lense Protector for iPhone 17? Should I Buy Lense Protector for iPhone 17? Hi, 

Finally after much to and fro, finally bought iPhone 17 yesterday. 

Now, should I buy Lense Protector as well, since I am using a Cover for the phone. 

All suggestions welcome.",iphone17,10,37,1767949099.0,https://www.reddit.com/r/iphone17/comments/1q83dme/should_i_buy_lense_protector_for_iphone_17/,buy lense protector iphone buy lense protector iphone hi finally much fro finally bought iphone yesterday buy lense protector well since using cover phone suggestions welcome,positive,0.6249,joy,0.3907
1oovt5m,"Bought iphone 17 3 days ago, could find any aesthetic case for this (something like rock or music cases) any suggestions? (Indian websites)","Bought iphone 17 3 days ago, could find any aesthetic case for this (something like rock or music cases) any suggestions? (Indian websites) Bought iphone 17 3 days ago, could find any aesthetic case for this (something like rock or music cases) any suggestions? (Indian websites)",iphone17,20,49,1762324820.0,https://i.redd.it/kqu984phwdzf1.jpeg,bought iphone days ago could find aesthetic case something like rock music cases suggestions indian websites bought iphone days ago could find aesthetic case something like rock music cases suggestions indian websites,positive,0.6124,neutral,0.5658
1qmsfd8,Galaxy S22+ to iPhone 17,"Galaxy S22+ to iPhone 17 Galaxy S22+ to iPhone 17 any Apple specific quality of life improvement app suggestions??

lemme know!!",iphone17,96,21,1769368636.0,https://i.redd.it/qin7rcedpjfg1.jpeg,galaxy iphone galaxy iphone apple specific quality life improvement app suggestions lemme know,positive,0.4588,neutral,0.7612
1oxzxq3,iPhone 17 (256GB) Sage,iPhone 17 (256GB) Sage iPhone 17 (256GB) Sage Finally bought it after i used iPhone XR for 7 Years.,iphone17,190,21,1763233441.0,https://i.redd.it/ef3au99ayg1g1.jpeg,iphone gb sage iphone gb sage finally bought used iphone xr years,neutral,0.0,neutral,0.6051
1pkndev,"New iPhone (17) user after years on Android/Pixel, any tips for someone staying mostly in the Google ecosystem?","New iPhone (17) user after years on Android/Pixel, any tips for someone staying mostly in the Google ecosystem? New iPhone (17) user after years on Android/Pixel, any tips for someone staying mostly in the Google ecosystem? Hey everyone, 

I’ve just moved to an iPhone 17 after being on Android for years (last iPhone I used was the 4S!). I’ve mainly been Team Pixel recently, but some repeated hardware issues (plus my wife switching to Apple) pushed me to give iOS another go. Really enjoying getting stuck into some new tech.

Even though I’m on an iPhone now, I still use Google services for most things (Gmail, Google Photos, Calendar, Home, etc.) and I’m learning my way around iOS again.

Is anyone else running a similar “Google services on iPhone” setup? Any tips, app suggestions, or settings I should tweak to get the best experience? Keen to hear how others make this hybrid approach work! Or anything I’m missing out on.",iphone17,51,34,1765530308.0,https://i.redd.it/77ffgkn1oq6g1.jpeg,new iphone user years android pixel tips someone staying mostly google ecosystem new iphone user years android pixel tips someone staying mostly google ecosystem hey everyone moved iphone android years last iphone used mainly team pixel recently repeated hardware issues plus wife switching apple pushed give ios another go really enjoying getting stuck new tech even though iphone still use google services things gmail google photos calendar home etc learning way around ios anyone else running similar google services iphone setup tips app suggestions settings tweak get best experience keen hear others make hybrid approach work anything missing,positive,0.7863,joy,0.6802
1p7hxoy,Which iphone 17 cases are you using ?,"Which iphone 17 cases are you using ? Which iphone 17 cases are you using ? I have a black iPhone 17 and I’m not sure which case to get. I’m looking at Burga, Pitaka, and Mous right now, but if you have any better suggestions, please let me know.",iphone17,17,43,1764187461.0,https://www.reddit.com/r/iphone17/comments/1p7hxoy/which_iphone_17_cases_are_you_using/,iphone cases using iphone cases using black iphone not sure case get looking burga pitaka mous right better suggestions please let know,positive,0.5003,neutral,0.8151
1oyrblk,iPhone 17 or 17 Pro ?,"iPhone 17 or 17 Pro ? iPhone 17 or 17 Pro ? Hey everyone,     
I’m thinking about upgrading my phone and I’m hesitating between the iPhone 17 and the 17 Pro. I know there are several differences between the two models, but the only difference that actually matters for my own use is the camera : especially the extra zoom on the Pro. Right now I have an iPhone 11, so any upgrade will already be a big jump.     

Since the upgrade would cost about €300 more, I’m trying to figure out whether the camera improvement alone is worth that extra money for someone like me.  

I don’t usually take a lot of photos with a long zoom, but I’m going to a concert next year, so I’m wondering if the better zoom on the Pro would actually make a noticeable difference.    

For people who’ve used both or upgraded from a non-Pro model:  Does the Pro camera setup feel worth the price difference in real-life use, especially for occasional zoom shots?     

Thanks!",iphone17,46,39,1763313466.0,https://www.reddit.com/r/iphone17/comments/1oyrblk/iphone_17_or_17_pro/,iphone pro iphone pro hey everyone thinking upgrading phone hesitating iphone pro know several differences two models difference actually matters use camera especially extra zoom pro right iphone upgrade already big jump since upgrade would cost trying figure whether camera improvement alone worth extra money someone like usually take lot photos long zoom going concert next year wondering better zoom pro would actually make noticeable difference people used upgraded non pro model pro camera setup feel worth price difference real life use especially occasional zoom shots thanks,positive,0.8603,joy,0.8001
1nu32ir,Should i buy the Iphone 17 or not?,"Should i buy the Iphone 17 or not? Should i buy the Iphone 17 or not? Hey guys

Am planning to buy the Iphone 17 as i have the 13 and its been 4 years...i was really waiting for the upgrade but the reviews after the launch are just disappointing....

Am not planning for any pros or air...but the base variant...am not really sure if i should but it or not...

Someone who has bought the base variant, please let me know the review and if you are facing the same issues as the pros described all over the internet or not

Thank you",iphone17,23,53,1759204148.0,https://www.reddit.com/r/iphone17/comments/1nu32ir/should_i_buy_the_iphone_17_or_not/,buy iphone not buy iphone not hey guys planning buy iphone years really waiting upgrade reviews launch disappointing not planning pros air base variant not really sure not someone bought base variant please let know review facing issues pros described internet not thank,negative,-0.6356,sadness,0.7206
1r3v9gb,Is the iPhone 17 screen easily scratched?,"Is the iPhone 17 screen easily scratched? Is the iPhone 17 screen easily scratched? Hi. I just got my brand new iPhone 17 and I’m really hesitant about adding a screen protector. 

The screen itself is so lovely and nice to the touch. 

My experience with screen protectors is that glossy ones are never as smooth to the touch than the screen itself, and I had a matte protector on my previous iPhone, the touch is great but I got really tired of the grainy effect that it creates on pixels…

So I guess my question is: do modern screens really get easily scratched? Of course, I know if the phone falls on the ground, it will be an issue, but with normal daily usage? 

Thanks",iphone17,13,27,1771003450.0,https://www.reddit.com/r/iphone17/comments/1r3v9gb/is_the_iphone_17_screen_easily_scratched/,iphone screen easily scratched iphone screen easily scratched hi got brand new iphone really hesitant adding screen protector screen lovely nice touch experience screen protectors glossy ones never smooth touch screen matte protector previous iphone touch great got really tired grainy effect creates pixels guess question modern screens really get easily scratched course know phone falls ground issue normal daily usage thanks,positive,0.9493,fear,0.9906
1pxd0f2,iPhone 17 battery maximum capacity percentage at 99% after one and a half month of usage,iPhone 17 battery maximum capacity percentage at 99% after one and a half month of usage iPhone 17 battery maximum capacity percentage at 99% after one and a half month of usage I don't do any heavy task I have put charging limit to 90% since last month. Is there's any issue with my phone?,iphone17,0,39,1766881242.0,https://i.redd.it/96o8zwn29u9g1.jpeg,iphone battery maximum capacity percentage one half month usage iphone battery maximum capacity percentage one half month usage heavy task put charging limit since last month issue phone,negative,0.0,neutral,0.5734
1oqbq25,iPhone 17 or Air?,"iPhone 17 or Air? iPhone 17 or Air? My current phone right now is the S25 Ultra but I'm thinking about getting an iPhone because there are a couple of things I don't like about my Samsung even though it's a good phone. 

My issue is that my phone before my Ultra was the Huawei P20, so pretty old, but I just loved the form and the weight of that phone. It's perfect for one-handed use. 

Now, I'm not very sure about the phone I should get because the iPhone 17 has the form and the iPhone Air has less weight and the nice thinness. 
I'm not a power user. I use my phone for casual things like texting, calls and taking pictures. I'm not a heavy user. That's why I need the use to be practical. A lot of people say that getting the base 17 is far better because you get more and still pay less. Even the performance on the base seems to be better because of the heat regulation. What would you guys suggest? I would try them out at a store but they lock the iPhones to the desk so you can't hold them in your hand. You can only navigate on the display.",iphone17,14,47,1762464941.0,https://www.reddit.com/r/iphone17/comments/1oqbq25/iphone_17_or_air/,iphone air iphone air current phone right ultra thinking getting iphone couple things like samsung even though good phone issue phone ultra huawei pretty old loved form weight phone perfect one handed use not sure phone get iphone form iphone air less weight nice thinness not power user use phone casual things like texting calls taking pictures not heavy user need use practical lot people say getting base far better get still pay less even performance base seems better heat regulation would guys suggest would try store lock iphones desk hold hand navigate display,positive,0.9811,neutral,0.3425
1r5jhp0,Guys suggest me some good case for iphone 17,Guys suggest me some good case for iphone 17 Guys suggest me some good case for iphone 17,iphone17,6,27,1771174306.0,https://www.reddit.com/r/iphone17/comments/1r5jhp0/guys_suggest_me_some_good_case_for_iphone_17/,guys suggest good case iphone guys suggest good case iphone,positive,0.7003,neutral,0.818
1nwz7h8,"Is Mist Blue the most beautiful iPhone 17 available? (Lavender, Sage, Mist Blue, White and Black)","Is Mist Blue the most beautiful iPhone 17 available? (Lavender, Sage, Mist Blue, White and Black) Is Mist Blue the most beautiful iPhone 17 available? (Lavender, Sage, Mist Blue, White and Black)",iphone17,58,44,1759498203.0,https://i.redd.it/4yev2buafwsf1.jpeg,mist blue beautiful iphone available lavender sage mist blue white black mist blue beautiful iphone available lavender sage mist blue white black,positive,0.8316,neutral,0.5234
1rblgj1,What is the number one thing you would suggest to a person to choose the iPhone 17 over any other iPhone?,What is the number one thing you would suggest to a person to choose the iPhone 17 over any other iPhone? What is the number one thing you would suggest to a person to choose the iPhone 17 over any other iPhone? Been discussing with my brother if he should get the regular iPhone 17. I myself use the regular iPhone 17 and can't stress enough how good it is but I'm curious how other people view the iPhone 17.,iphone17,7,25,1771765774.0,https://www.reddit.com/r/iphone17/comments/1rblgj1/what_is_the_number_one_thing_you_would_suggest_to/,number one thing would suggest person choose iphone iphone number one thing would suggest person choose iphone iphone discussing brother get regular iphone use regular iphone stress enough good curious people view iphone,positive,0.4588,surprise,0.6423
1nytltw,Are you using a case and screen protector on your base iPhone 17?,Are you using a case and screen protector on your base iPhone 17? Are you using a case and screen protector on your base iPhone 17? Wondering if it’s necessary to use these with ceramic shield 2.,iphone17,18,50,1759683628.0,https://www.reddit.com/r/iphone17/comments/1nytltw/are_you_using_a_case_and_screen_protector_on_your/,using case screen protector base iphone using case screen protector base iphone wondering necessary use ceramic shield,negative,0.0,surprise,0.769
1nwsyky,iPhone 17 unavailable everywhere,"iPhone 17 unavailable everywhere iPhone 17 unavailable everywhere I had been trying to buy the base iPhone 17 in sage colour and it wasn’t available anywhere in Mumbai. Had to order from apple.com coz trust issues with 3rd party retailers.
Why is availability so bad at launch month and where are you guys buying iPhones from?
Does everyone just pre-order without seeing the phone in person?",iphone17,30,49,1759478087.0,https://i.redd.it/47isrkjorusf1.jpeg,iphone unavailable everywhere iphone unavailable everywhere trying buy base iphone sage colour available anywhere mumbai order apple com coz trust issues rd party retailers availability bad launch month guys buying iphones everyone pre order without seeing phone person,positive,0.3612,sadness,0.6864
1rrode4,"Thought this was dirt on my iPhone 17, but it turned out to be a paint chip?","Thought this was dirt on my iPhone 17, but it turned out to be a paint chip? Thought this was dirt on my iPhone 17, but it turned out to be a paint chip? I saw a tiny black mark near the bottom charging port and assumed it was some dirt or lint stuck on the frame. I lightly scratched at it with my nail, and it came off — but now it looks like a small part of the finish/coating chipped away.

It’s right next to the USB-C port. Has anyone seen this before? Is this just cosmetic damage, or could it be a manufacturing/finish issue? How am i going to fix it, thanks!",iphone17,30,18,1773315481.0,https://i.redd.it/cd4it69dplog1.jpeg,thought dirt iphone turned paint chip thought dirt iphone turned paint chip saw tiny black mark near bottom charging port assumed dirt lint stuck frame lightly scratched nail came looks like small part finish coating chipped away right next usb port anyone seen cosmetic damage could manufacturing finish issue going fix thanks,negative,-0.7184,surprise,0.4245
1nzcisk,Travel Pics with iPhone 17,"Travel Pics with iPhone 17 Travel Pics with iPhone 17 Feel free to ask me anything about it! It’s a white iPhone 17. The base one. No filter, no edits. Straight out.",iphone17,239,19,1759735442.0,https://www.reddit.com/gallery/1nzcisk,travel pics iphone travel pics iphone feel free ask anything white iphone base one no filter no edits straight,positive,0.323,joy,0.6756
1nzjrrj,Whys iphone 17 not available at any store/authorised resellers?,"Whys iphone 17 not available at any store/authorised resellers? Whys iphone 17 not available at any store/authorised resellers? I've asked at both the official store and authorised resellers(India) but everywhere it is out of stock. I'm hesitant to purchase it online, since it's a HUGE amount so what shall I do? How long do I have to wait to buy it offline if anyone has any idea about it? Is it just happening with me? Is this a marketing stunt? 
Whatever it is, I need my iPhone now hahaha. Pls help. 


Edit : got my 17 in white the next day after I posted this lolllll, great phone just worried about the battery.",iphone17,15,51,1759759004.0,https://www.reddit.com/r/iphone17/comments/1nzjrrj/whys_iphone_17_not_available_at_any/,whys iphone not available store authorised resellers whys iphone not available store authorised resellers asked official store authorised resellers india everywhere stock hesitant purchase online since huge amount shall long wait buy offline anyone idea happening marketing stunt whatever need iphone hahaha pls help edit got white next day posted loll great phone worried battery,positive,0.8519,fear,0.9329
1q1y0tx,From iPhone 17 Pro to iPhone 17,"From iPhone 17 Pro to iPhone 17 From iPhone 17 Pro to iPhone 17 After spending about ten days with the 17 Pro, I’ve decided to return it to Apple and get the standard iPhone 17 instead.

To be honest, the Pro features just weren't that relevant for my daily use. If the price gap between the two models had been smaller, I might have kept it, but right now it’s hard to justify the extra cost for things I don't really use.

The base iPhone 17 is actually perfect for my needs. I’m usually the type of person who compares every detail before buying, but this time I just jumped straight to the Pro without thinking it through.

I guess we’ll see in a year or two if I regret missing out on that 12GB of RAM, but for now, I’m much happier with this choice!",iphone17,59,26,1767358868.0,https://www.reddit.com/r/iphone17/comments/1q1y0tx/from_iphone_17_pro_to_iphone_17/,iphone pro iphone iphone pro iphone spending ten days pro decided return apple get standard iphone instead honest pro features relevant daily use price gap two models smaller might kept right hard justify extra cost things really use base iphone actually perfect needs usually type person compares every detail buying time jumped straight pro without thinking guess see year two regret missing gb ram much happier choice,positive,0.7845,sadness,0.7274
1r9x38k,upgraded from iPhone 13 to 17,upgraded from iPhone 13 to 17 upgraded from iPhone 13 to 17,iphone17,96,13,1771598397.0,https://i.redd.it/yw95zlglvnkg1.jpeg,upgraded iphone upgraded iphone,neutral,0.0,neutral,0.7512
1plm9qm,"iOS 26.2 on iPhone 17 ,3 Hours after update","iOS 26.2 on iPhone 17 ,3 Hours after update iOS 26.2 on iPhone 17 ,3 Hours after update So I have a green iPhone 17 I got the update notification last night but was hesitant due to the bugs of ios26.1 I read online yet the only bugs I faced was 
1) the lag in the Notification Centre (ghost )
2) the phone would freeze in the middle of a photograph opened in iMessage or WhatsApp 
So today I decided to update and see what’s the worst that could happen
After updating I first thing checked the 
1)Notification Centre and surprising the bug went 🥂 . No more ghosting happening 
2) No new bugs in the WiFi or lags whatsoever 
3) Haven’t noticed major battery issues or drains 
I’ll still try and see if any occurs and upset this post
4) phone didn’t heat up at all just when the update was being installed . I always remove my case and charge or when updating so that’s taken care off
Overall for an iPhone 17 I feel this update is wayyy better than 26.1 
I like the complete glassy look for the lockscreen clock",iphone17,21,34,1765635051.0,https://www.reddit.com/r/iphone17/comments/1plm9qm/ios_262_on_iphone_17_3_hours_after_update/,ios iphone hours update ios iphone hours update green iphone got update notification last night hesitant due bugs ios read online yet bugs faced lag notification centre ghost phone would freeze middle photograph opened imessage whatsapp today decided update see worst could happen updating first thing checked notification centre surprising bug went no ghosting happening no new bugs wifi lags whatsoever noticed major battery issues drains still try see occurs upset post phone heat update installed always remove case charge updating taken care overall iphone feel update wayy better like complete glassy look lockscreen clock,negative,-0.8126,fear,0.9234
1qdg61p,iPhone 17 with 512 GB or the iPhone 17 Pro with 254 GB?,"iPhone 17 with 512 GB or the iPhone 17 Pro with 254 GB? iPhone 17 with 512 GB or the iPhone 17 Pro with 254 GB? In your opinion, should I get the iPhone 17 with 512 GB or the iPhone 17 Pro with 256 GB? I currently have an iPhone 11 with 64 GB that’s full and for some time now I’ve not been able to install updates. I don’t have many apps, but I want to keep a phone for as long as possible. In your opinion, over the next few years will the 256 GB model still be enough, given that updates and apps are always getting bigger?",iphone17,23,29,1768473275.0,https://www.reddit.com/r/iphone17/comments/1qdg61p/iphone_17_with_512_gb_or_the_iphone_17_pro_with/,iphone gb iphone pro gb iphone gb iphone pro gb opinion get iphone gb iphone pro gb currently iphone gb full time not able install updates many apps want keep phone long possible opinion next years gb model still enough given updates apps always getting bigger,positive,0.0772,sadness,0.83
1o9ahiz,Iphone 17 looks the best with color.,"Iphone 17 looks the best with color. Iphone 17 looks the best with color. The biggest and only regret i have with my iPhone 17 was picking the black color, cuz this phone is very cute, and good, but boring without colors!!!

Also saw some people call it gangster black, the fuck.",iphone17,47,42,1760728705.0,https://www.reddit.com/r/iphone17/comments/1o9ahiz/iphone_17_looks_the_best_with_color/,iphone looks best color iphone looks best color biggest regret iphone picking black color cuz phone cute good boring without colors also saw people call gangster black fuck,positive,0.7717,sadness,0.8917
1q35phw,Anyone switched from Android to iPhone 17? How's iOS really?,"Anyone switched from Android to iPhone 17? How's iOS really? Anyone switched from Android to iPhone 17? How's iOS really? I am considering to buy a new phone and have been a lifelong Android user.

The iPhone 17 looks very tempting but i am on the fence mainly because of iOS. 

I haven't used iOS before, but from what i've read/watched, it seems quite limiting compared to android. Things like - back gesture consistency, file management, notifications management, sound control, keyboard.

For those who recently switched from Android to iOS, how has the transition been?",iphone17,17,32,1767473345.0,https://www.reddit.com/r/iphone17/comments/1q35phw/anyone_switched_from_android_to_iphone_17_hows/,anyone switched android iphone ios really anyone switched android iphone ios really considering buy new phone lifelong android user iphone looks tempting fence mainly ios used ios read watched seems quite limiting compared android things like back gesture consistency file management notifications management sound control keyboard recently switched android ios transition,positive,0.3612,joy,0.5585
1nykbd3,iPhone 17 or iPhone Pro?,"iPhone 17 or iPhone Pro? iPhone 17 or iPhone Pro? Divided on the choice cos camera features... Pointers on why and why nots, any?",iphone17,11,51,1759658706.0,https://www.reddit.com/r/iphone17/comments/1nykbd3/iphone_17_or_iphone_pro/,iphone iphone pro iphone iphone pro divided choice cos camera features pointers nots,neutral,0.0,neutral,0.7682
1ov3q95,Excellent battery life on base iPhone 17.,"Excellent battery life on base iPhone 17. Excellent battery life on base iPhone 17. 3rd picture is my best day ever so i decided to include it, first 2 are this week. Feel free to ask questions",iphone17,77,32,1762950248.0,https://www.reddit.com/gallery/1ov3q95,excellent battery life base iphone excellent battery life base iphone rd picture best day ever decided include first week feel free ask questions,positive,0.9423,joy,0.9748
1nwvmo0,iPhone 15 to 17,iPhone 15 to 17 iPhone 15 to 17,iphone17,120,30,1759488123.0,https://www.reddit.com/gallery/1nwvmo0,iphone iphone,neutral,0.0,neutral,0.8622
1ntttuv,iPhone 17 pro or pro max?,iPhone 17 pro or pro max? iPhone 17 pro or pro max? Which one should I get? I have a iPhone 13 base model right now & I’m sure id like something bigger ; should i get the pro max or save a few hundred?,iphone17,18,49,1759179410.0,https://i.redd.it/pdt4wopk36sf1.jpeg,iphone pro pro max iphone pro pro max one get iphone base model right sure id like something bigger get pro max save hundred,positive,0.7906,neutral,0.6436
1qqnlvr,"iPhone 17 - Micro-stutter/Lag when scrolling on X, Insta and FB","iPhone 17 - Micro-stutter/Lag when scrolling on X, Insta and FB iPhone 17 - Micro-stutter/Lag when scrolling on X, Insta and FB Hi everyone,

I’m reaching out to see if I’m the only one noticing this. I have a brand new iPhone 17 running iOS 26.2.1, and I’ve been experiencing some annoying micro-stuttering or ""mini-lags"" while scrolling through social media apps like X (Twitter), Instagram, and Facebook.

The symptoms:

• The scroll feels ""choppy"" or inconsistent, like it’s dropping frames.

• It’s most noticeable in 3rd party apps. System settings and Safari seem smoother.

• Interestingly, if I go to Accessibility > Motion and toggle ""Limit Frame Rate"" (60Hz) on and off, the lag disappears for a few minutes before coming back.

I’ve already tried:

1. Updating to the latest iOS 26.2.1.

2. Force restarting the device multiple times.

3. Waiting 48 hours for indexing to finish.

4. Reinstalling the apps.

It seems like a ProMotion/VRR (Variable Refresh Rate) handshake issue between iOS 26 and these specific apps. Is anyone else experiencing this? Has anyone found a permanent fix or is this just bad optimization from Meta/X developers?

Thanks!",iphone17,7,27,1769726586.0,https://www.reddit.com/r/iphone17/comments/1qqnlvr/iphone_17_microstutterlag_when_scrolling_on_x/,iphone micro stutte scrolling insta fb iphone micro stutte scrolling insta fb hi everyone reaching see one noticing brand new iphone running ios experiencing annoying micro stuttering mini lags scrolling social media apps like twitter instagram facebook symptoms scroll feels choppy inconsistent like dropping frames noticeable rd party apps system settings safari seem smoother interestingly go accessibility motion toggle limit frame rate hz lag disappears minutes coming back already tried updating latest ios force restarting device multiple times waiting hours indexing finish reinstalling apps seems like promotion vrr variable refresh rate handshake issue ios specific apps anyone else experiencing anyone found permanent fix bad optimization meta developers thanks,positive,0.5267,surprise,0.6506
1nqshrc,Iphone 17 battery is that good?,"Iphone 17 battery is that good? Iphone 17 battery is that good? Planning to buy Iphone 17 for 73k( 6k offer) and wanted to check the real life battery. Not the screen time.
How is the battery management? How much charge decreases over night? Do i get a full day if i use 4-5hrs everyday?

Users please answer",iphone17,22,49,1758862478.0,https://www.reddit.com/r/iphone17/comments/1nqshrc/iphone_17_battery_is_that_good/,iphone battery good iphone battery good planning buy iphone offer wanted check real life battery not screen time battery management much charge decreases night get full day use hrs everyday users please answer,positive,0.7964,neutral,0.4006
1nk33bh,Guys... I am buying my first iPhone ever. Is 17 a good choice?,"Guys... I am buying my first iPhone ever. Is 17 a good choice? Guys... I am buying my first iPhone ever. Is 17 a good choice? I've used an android for 21 years of my life and I have to switch phones. Now I'm considering buying an iPhone and I want to know is 17 good so far? I know it's a little early for reviews but I genuinely do not want to get stuck with a bad iPhone. 

When the 15 came out and it was new, it had problems and I wanna know if there's anything similar happening with 17 too? 

I really want a good phone and any information on features and any review of the new phone is appreciated. Kindly help :)

Edit - Thank you all for your replies. I have ordered an iPhone 17 and it's gonna arrive in a week. I'm sorta excited for it now. Let's hope all is good :)",iphone17,31,48,1758185547.0,https://www.reddit.com/r/iphone17/comments/1nk33bh/guys_i_am_buying_my_first_iphone_ever_is_17_a/,guys buying first iphone ever good choice guys buying first iphone ever good choice used android years life switch phones considering buying iphone want know good far know little early reviews genuinely not want get stuck bad iphone came new problems wanna know anything similar happening really want good phone information features review new phone appreciated kindly help edit thank replies ordered iphone gonna arrive week sorta excited let hope good,positive,0.9762,joy,0.6918
1ruie87,iPhone 17 Homescreens,iPhone 17 Homescreens iPhone 17 Homescreens Show me your's 👀,iphone17,97,8,1773591870.0,https://i.redd.it/3m5f6wt7j8pg1.jpeg,iphone homescreens iphone homescreens show,neutral,0.0,neutral,0.6101
1qftncb,Upgraded parents from iphone 8 plus and XR to the iphone 17,Upgraded parents from iphone 8 plus and XR to the iphone 17 Upgraded parents from iphone 8 plus and XR to the iphone 17,iphone17,201,7,1768695976.0,https://i.redd.it/yfxoyvi750eg1.jpeg,upgraded parents iphone plus xr iphone upgraded parents iphone plus xr iphone,neutral,0.0,neutral,0.5241
1pxl8wy,My new matcha (sage) colour iPhone 17!! 🤩🤩,My new matcha (sage) colour iPhone 17!! 🤩🤩 My new matcha (sage) colour iPhone 17!! 🤩🤩,iphone17,122,17,1766906296.0,https://i.redd.it/8buvctkkbw9g1.jpeg,new matcha sage colour iphone new matcha sage colour iphone,positive,0.0,neutral,0.5908
1reeojc,"To everyone from the USA, is your iPhone 17 assembled in China or India?","To everyone from the USA, is your iPhone 17 assembled in China or India? To everyone from the USA, is your iPhone 17 assembled in China or India? I am interested in obtaining a reference indicating the percentage of American iPhones manufactured in India.",iphone17,1,21,1772029707.0,https://www.reddit.com/r/iphone17/comments/1reeojc/to_everyone_from_the_usa_is_your_iphone_17/,everyone usa iphone assembled china india everyone usa iphone assembled china india interested obtaining reference indicating percentage american iphones manufactured india,positive,0.4019,neutral,0.5603
1oatvbn,Arc Pulse on iPhone 17 (base),"Arc Pulse on iPhone 17 (base) Arc Pulse on iPhone 17 (base) First base model iPhone in years, just couldn’t pass on the value this time. Wanted to share my case + skin combo for my new iPhone 17. Wanted something that didn’t take away from the form factor of the iPhone, but still had protection. Decided to go with Arc pulse and a dbrand skin (white Damascus). So far I LOVE it!!",iphone17,81,32,1760890951.0,https://i.redd.it/8z01x9wsg3wf1.jpeg,arc pulse iphone base arc pulse iphone base first base model iphone years pass value time wanted share case skin combo new iphone wanted something take away form factor iphone still protection decided go arc pulse dbrand skin white damascus far love,positive,0.8316,neutral,0.6052
1ow8zqt,iPhone 17 battery drain,"iPhone 17 battery drain iPhone 17 battery drain I have been using my iPhone 17 almost a week now.
How’s the battery life for you guys? Mine has been atrocious tbh",iphone17,27,36,1763058839.0,https://www.reddit.com/gallery/1ow8zqt,iphone battery drain iphone battery drain using iphone almost week battery life guys mine atrocious tbh,negative,0.0,sadness,0.9727
1r5bazw,iphone 17 overheating,"iphone 17 overheating iphone 17 overheating hi so I switched to the base 17 like a month ago, but like a few days ago i was coming back from a trip i was on the plane, and my phone started heating like crazy. I was watching YouTube and connected a  wireless earbuds. Since then when i use my phone for simple tasks like instgram it feels a bit warm and in a bit of a heavy task it overheats like crazy",iphone17,16,21,1771150979.0,https://www.reddit.com/r/iphone17/comments/1r5bazw/iphone_17_overheating/,iphone overheating iphone overheating hi switched base like month ago like days ago coming back trip plane phone started heating like crazy watching youtube connected wireless earbuds since use phone simple tasks like instgram feels bit warm bit heavy task overheats like crazy,positive,0.8225,anger,0.7239
1rj8ul1,Does regular iPhone 17 handle heat well?,Does regular iPhone 17 handle heat well? Does regular iPhone 17 handle heat well? 11 Pro Max and 12 mini struggle with extreme heat like in 95F degrees weather. :(,iphone17,0,20,1772493867.0,https://www.reddit.com/r/iphone17/comments/1rj8ul1/does_regular_iphone_17_handle_heat_well/,regular iphone handle heat well regular iphone handle heat well pro max mini struggle extreme heat like degrees weather,positive,0.5688,neutral,0.3763
1nkrw6q,Do I get iPhone 17 or iPhone 17 pro ?,"Do I get iPhone 17 or iPhone 17 pro ? Do I get iPhone 17 or iPhone 17 pro ? Do I get iPhone 17 or iPhone 17 pro ?

I only use social media and Netflix and simple games .. 

Not camera guy really .. 🤷🏻‍♂️

I plan to use it for 4-5 years as an investment on the phone ..",iphone17,16,47,1758249633.0,https://www.reddit.com/r/iphone17/comments/1nkrw6q/do_i_get_iphone_17_or_iphone_17_pro/,get iphone iphone pro get iphone iphone pro get iphone iphone pro use social media netflix simple games not camera guy really plan use years investment phone,neutral,0.0,neutral,0.5092
1qmm3vs,iPhone 17 Saga,"iPhone 17 Saga iPhone 17 Saga Upgraded from iPhone 13 Pro Max to iPhone 17 Saga — worth it. Loving the size and light weight so far.

Curious—what color did you pick?",iphone17,63,18,1769355014.0,https://i.redd.it/pbar1p7vkifg1.jpeg,iphone saga iphone saga upgraded iphone pro max iphone saga worth loving size light weight far curious color pick,positive,0.7964,surprise,0.5512
1ow3vh6,Why Iphone 17 base model is out of stock everywhere in Delhi?,Why Iphone 17 base model is out of stock everywhere in Delhi? Why Iphone 17 base model is out of stock everywhere in Delhi? I have been planning to get an Iphone 17 since a month and everytime I check with any authorised resellers they say they don't have any in the stock. Does anyone have any idea when will it get restocked.,iphone17,3,40,1763047335.0,https://www.reddit.com/r/iphone17/comments/1ow3vh6/why_iphone_17_base_model_is_out_of_stock/,iphone base model stock everywhere delhi iphone base model stock everywhere delhi planning get iphone since month everytime check authorised resellers say stock anyone idea get restocked,negative,0.0,surprise,0.4381
1qm1jgo,iPhone 13 camera vs. iPhone 17 camera,iPhone 13 camera vs. iPhone 17 camera iPhone 13 camera vs. iPhone 17 camera I just compared the camera quality of the two phones. The pictures literally look the same. 😭😂,iphone17,7,25,1769294955.0,https://www.reddit.com/r/iphone17/comments/1qm1jgo/iphone_13_camera_vs_iphone_17_camera/,iphone camera vs iphone camera iphone camera vs iphone camera compared camera quality two phones pictures literally look,neutral,0.0,surprise,0.8553
1rf8ocf,What watt charger to buy for iPhone 17 base model,What watt charger to buy for iPhone 17 base model What watt charger to buy for iPhone 17 base model Seeing very conflicting things such as iPhone 17 not being able to use over 30w so anything above that is just pointless. What’s true? Is it worth buying something more powerful than 30w charger for iPhone 17 such as 40w or 45w? Or just buy 30w?,iphone17,7,19,1772108362.0,https://www.reddit.com/r/iphone17/comments/1rf8ocf/what_watt_charger_to_buy_for_iphone_17_base_model/,watt charger buy iphone base model watt charger buy iphone base model seeing conflicting things iphone not able use anything pointless true worth buying something powerful charger iphone buy,positive,0.5859,sadness,0.8206
1rbwrt1,Which screen protector should I get for an iPhone 17?,Which screen protector should I get for an iPhone 17? Which screen protector should I get for an iPhone 17?,iphone17,4,20,1771792342.0,https://www.reddit.com/r/iphone17/comments/1rbwrt1/which_screen_protector_should_i_get_for_an_iphone/,screen protector get iphone screen protector get iphone,neutral,0.0,neutral,0.8495
1nw838g,"Iphone 17 battery drains very quickly with light use,afraid it might be a defect.","Iphone 17 battery drains very quickly with light use,afraid it might be a defect. Iphone 17 battery drains very quickly with light use,afraid it might be a defect. The battery on the 17 drains incredibly fast. I bought my iPhone 17 with the chip version on Saturday, and even after all the iOS 26.1 updates and 6 full charge cycles, it still doesn’t seem to have adapted to my usage. I restored my data from iCloud backup from my iPhone 14 Pro, which already had about 80% battery health. On my heaviest usage day, I logged 6h 17min of screen time, and the battery drained very quickly — almost 1% every 6 minutes of use, just with WhatsApp, Instagram, and email, without gaming or streaming. I contacted Apple Support, and they advised me to wait 15 days to see if the problem persists, but I’m worried it might be a device defect.

I’ve already made some configuration changes: turned off background app refresh, set the screen brightness to automatic, and deleted apps I didn’t use frequently, but I haven’t noticed any improvements. My perception is that when using apps like Instagram, WhatsApp, X, and Spotify, the battery drains quickly minute by minute — something that took much longer to happen on my previous device. I don’t want to damage my battery by having to keep the phone plugged in all the time, but because of work I need to use it until late at night, and by around 7 p.m. it already needs to be recharged. What do you guys think? Any tips?",iphone17,14,45,1759421498.0,https://www.reddit.com/r/iphone17/comments/1nw838g/iphone_17_battery_drains_very_quickly_with_light/,iphone battery drains quickly light use afraid might defect iphone battery drains quickly light use afraid might defect battery drains incredibly fast bought iphone chip version saturday even ios updates full charge cycles still seem adapted usage restored data icloud backup iphone pro already battery health heaviest usage day logged min screen time battery drained quickly almost every minutes use whatsapp instagram email without gaming streaming contacted apple support advised wait days see problem persists worried might device defect already made configuration changes turned background app refresh set screen brightness automatic deleted apps use frequently noticed improvements perception using apps like instagram whatsapp spotify battery drains quickly minute minute something took much longer happen previous device want damage battery keep phone plugged time work need use late night around already needs recharged guys think tips,negative,-0.6124,fear,0.9707
1ouiga2,Loving my sage green iPhone 17,Loving my sage green iPhone 17 Loving my sage green iPhone 17 Upgraded from an iPhone X,iphone17,92,25,1762888260.0,https://www.reddit.com/gallery/1ouiga2,loving sage green iphone loving sage green iphone upgraded iphone,positive,0.8316,joy,0.4424
1r46959,From iPhone 12 Pro to iPhone 17,"From iPhone 12 Pro to iPhone 17 From iPhone 12 Pro to iPhone 17 After years with my iPhone 12 Pro, it was finally time to upgrade. I put it next to the box of my new iPhone 17 and took this photo using the 17 itself — first shot straight out of the box.

I bought it here in my country, where we don’t have official Apple warranty support, so it definitely felt like a leap of faith. But I couldn’t resist making the jump to the new generation.

The 12 Pro served me well through countless memories, but it’s wild to see how far things have come. Excited to put the 17 to work.

Here’s to new beginnings.",iphone17,119,8,1771029518.0,https://i.redd.it/9llgmhy0wcjg1.jpeg,iphone pro iphone iphone pro iphone years iphone pro finally time upgrade put next box new iphone took photo using first shot straight box bought country official apple warranty support definitely felt like leap faith resist making jump new generation pro served well countless memories wild see far things come excited put work new beginnings,positive,0.9337,joy,0.8021
1oquz0i,can’t decide between iphone 17 or the pro,"can’t decide between iphone 17 or the pro can’t decide between iphone 17 or the pro debating on whether i should get the pro in silver or the normal phone in white, currently have a 14 pro so really not sure. leaning towards the normal 17 though since im not into the colours of the pro.",iphone17,6,39,1762523557.0,https://www.reddit.com/r/iphone17/comments/1oquz0i/cant_decide_between_iphone_17_or_the_pro/,decide iphone pro decide iphone pro debating whether get pro silver normal phone white currently pro really not sure leaning towards normal though since im not colours pro,negative,-0.305,neutral,0.4651
1qoiw2t,iPhone 17 Mist Blue,iPhone 17 Mist Blue iPhone 17 Mist Blue Traded my iPhone 12 for the new iPhone 17,iphone17,122,10,1769531907.0,https://www.reddit.com/gallery/1qoiw2t,iphone mist blue iphone mist blue traded iphone new iphone,neutral,0.0,neutral,0.7779
1rncg6z,Is my camera defective or just normal iphone 17 issue ?,Is my camera defective or just normal iphone 17 issue ? Is my camera defective or just normal iphone 17 issue ? Hi guys i brought iphone 17 from official apple site in February and ever since using it in day to day use something feels off. Recently i went on trip and clicked lot of pictures and observed that my camera is just clicking portrait picture in normal mode and clarity of those pictures is so bad. Like if i just normally zoom even little bit to see the pictures quality tears off and feels like photo was taken with iPhone 6 or something. I thought maybe this is due to I clicked pictures in evening&night but it was same for proper daylight too where there is natural light. Pictures often come blurry nd focus of the camera doesn’t feel ok,iphone17,13,16,1772896578.0,https://www.reddit.com/r/iphone17/comments/1rncg6z/is_my_camera_defective_or_just_normal_iphone_17/,camera defective normal iphone issue camera defective normal iphone issue hi guys brought iphone official apple site february ever since using day day use something feels recently went trip clicked lot pictures observed camera clicking portrait picture normal mode clarity pictures bad like normally zoom even little bit see pictures quality tears feels like photo taken iphone something thought maybe due clicked pictures evening night proper daylight natural light pictures often come blurry nd focus camera feel ok,neutral,-0.0516,joy,0.9094
1piuieg,How’s the battery life of your iphone 17?,How’s the battery life of your iphone 17? How’s the battery life of your iphone 17?,iphone17,10,32,1765344653.0,https://www.reddit.com/r/iphone17/comments/1piuieg/hows_the_battery_life_of_your_iphone_17/,battery life iphone battery life iphone,neutral,0.0,neutral,0.7292
1qq8dsx,iPhone 17 touch feels laggy coming from an Android (iQOO 7),"iPhone 17 touch feels laggy coming from an Android (iQOO 7) iPhone 17 touch feels laggy coming from an Android (iQOO 7) I finally purchased a new smartphone after 5 years with iQOO 7.

I miss the touch sampling rate of iQOO 7 it was way responsive than iPhone 17.

I don't know why iPhone 17 sometime misses the tap as well.

Hoping this to be fixed by a software update.

Do you face the same issue?

  
Edit: THIS IS MY FIRST iPHONE.",iphone17,16,22,1769692888.0,https://www.reddit.com/r/iphone17/comments/1qq8dsx/iphone_17_touch_feels_laggy_coming_from_an/,iphone touch feels laggy coming android iqoo iphone touch feels laggy coming android iqoo finally purchased new smartphone years iqoo miss touch sampling rate iqoo way responsive iphone know iphone sometime misses tap well hoping fixed software update face issue edit first iphone,positive,0.5994,sadness,0.7948
1otaqq5,iPhone 17 weak black anodized,"iPhone 17 weak black anodized iPhone 17 weak black anodized The other day went to the store to try new cases for my 1 month iPhone 17. The cases were in exhibition and you could try them but they were attached from the camera hole so they won’t get stolen with a plastic band (YES PLASTIC), after that I realized the paint in my phone was gone now I don’t know what to do. I think the scratch is so little to use Apple Care but still mad about the fact is so expensive and brand new phone. 😭",iphone17,22,35,1762772071.0,https://www.reddit.com/gallery/1otaqq5,iphone weak black anodized iphone weak black anodized day went store try new cases month iphone cases exhibition could try attached camera hole get stolen plastic band yes plastic realized paint phone gone know think scratch little use apple care still mad fact expensive brand new phone,negative,-0.7624,surprise,0.4545
1oqts0y,iPhone 17 stuttering while scrolling,"iPhone 17 stuttering while scrolling iPhone 17 stuttering while scrolling Hi,

I am noticing a lot of stuttering while scrolling on apps like Reddit & Instagram. If you scroll slowly & the scroll motion is about to stop, I am seeing the stuttering consistently.

Is this a common issue?

Moreover, on Instagram, If I scroll on the story bar horizontally, there is a lot of stutter.

Anyone else facing these issues?",iphone17,17,35,1762520460.0,https://v.redd.it/hzc8zpw72uzf1,iphone stuttering scrolling iphone stuttering scrolling hi noticing lot stuttering scrolling apps like reddit instagram scroll slowly scroll motion stop seeing stuttering consistently common issue moreover instagram scroll story bar horizontally lot stutter anyone else facing issues,negative,-0.836,sadness,0.6544
1q0f0wk,Those who want to buy base iPhone 17. Think twice,"Those who want to buy base iPhone 17. Think twice Those who want to buy base iPhone 17. Think twice Got this phone since launch day and the battery is pretty good for the 1st month then after that it continuously degrade in screen time until now the latest version of IOS 26.2. Idk whats wrong with it so to anyone who wants to get this phone just for the battery, please don’t. At least I’m not recommending it.",iphone17,0,29,1767193376.0,https://i.redd.it/5ybydck71kag1.jpeg,want buy base iphone think twice want buy base iphone think twice got phone since launch day battery pretty good st month continuously degrade screen time latest version ios idk whats wrong anyone wants get phone battery please least not recommending,positive,0.3818,sadness,0.5093
1r3tv89,What would bring an upgrade form iphone 13 to 17?,"What would bring an upgrade form iphone 13 to 17? What would bring an upgrade form iphone 13 to 17? I know I can compare the two models on apple .com

What I'm looking forward to get is a more human experience with realistic use cases

something I cant read from comparing specs.",iphone17,2,20,1771000330.0,https://www.reddit.com/r/iphone17/comments/1r3tv89/what_would_bring_an_upgrade_form_iphone_13_to_17/,would bring upgrade form iphone would bring upgrade form iphone know compare two models apple com looking forward get human experience realistic use cases something cant read comparing specs,neutral,0.0,neutral,0.4547
1rplc2w,Iphone 17 yellowish screen even the camera + jittering,"Iphone 17 yellowish screen even the camera + jittering Iphone 17 yellowish screen even the camera + jittering Phone bought 4 days ago has this yellowish display. White become cream and all the surroundings captured by camera has this yellowish tint. The color is consistent. Its like I am on true tone or night shift all the time. When I tried to change hues, white becomes bluish white not cool white. Taking video triggers my motion sickness because of jittering. 

  
Anyone with the same issue?",iphone17,5,15,1773111248.0,https://www.reddit.com/r/iphone17/comments/1rplc2w/iphone_17_yellowish_screen_even_the_camera/,iphone yellowish screen even camera jittering iphone yellowish screen even camera jittering phone bought days ago yellowish display white become cream surroundings captured camera yellowish tint color consistent like true tone night shift time tried change hues white becomes bluish white not cool white taking video triggers motion sickness jittering anyone issue,positive,0.5168,sadness,0.4524
1rkstx7,Strongest Iphone 17 case available in Europe?,"Strongest Iphone 17 case available in Europe? Strongest Iphone 17 case available in Europe? Hi everyone,

I've finally splurged and purchased an Iphone 17 to replace my dying SE 2nd gen.

Now i need to get a phone case for it...

The most important factor: 

I have dyspraxia and drop my phone on an every day basis.

I need a strong case that have protection on all sides, particularly in front for the screen with elevated borders so the screen never hit the floor.

Do you have any good recommendation available in Europe?

Thanks for your help!",iphone17,5,16,1772647855.0,https://www.reddit.com/r/iphone17/comments/1rkstx7/strongest_iphone_17_case_available_in_europe/,strongest iphone case available europe strongest iphone case available europe hi everyone finally splurged purchased iphone replace dying se nd gen need get phone case important factor dyspraxia drop phone every day basis need strong case protection sides particularly front screen elevated borders screen never hit floor good recommendation available europe thanks help,positive,0.8999,joy,0.4281
1qat8i3,Should I replace my iPhone 13 battery or just upgrade to iPhone 17?,"Should I replace my iPhone 13 battery or just upgrade to iPhone 17? Should I replace my iPhone 13 battery or just upgrade to iPhone 17? Hey everyone, I need some honest advice.
I’ve been using my iPhone 13 base model for about 4 years now. The battery health is down to 77% and it drains faster than it used to. I’m a university student, and my phone usage is mostly:
© social media
© calls
© some casual gaming (eFootball sometimes)
© taking photos occasionally

Now I’m stuck between two options:
📌 Option 1: Replace the battery — costs roughly $98 / ₹8800
📌 Option 2: Buy a brand new iPhone 17 — costs around $920 / ₹83,000

My questions are:
1) If I change the battery now, will my iPhone 13 realistically last another 2 years without major issues?
2) Is upgrading to the iPhone 17 worth it for my use case?
3) Or should I just stick with the 13 after a battery change for now?",iphone17,9,24,1768219796.0,https://www.reddit.com/r/iphone17/comments/1qat8i3/should_i_replace_my_iphone_13_battery_or_just/,replace iphone battery upgrade iphone replace iphone battery upgrade iphone hey everyone need honest advice using iphone base model years battery health drains faster used university student phone usage mostly social media calls casual gaming efootball sometimes taking photos occasionally stuck two options option replace battery costs roughly option buy brand new iphone costs around questions change battery iphone realistically last another years without major issues upgrading iphone worth use case stick battery change,positive,0.6478,joy,0.5281
1rkvgk9,iPhone 17 screen panel colour,iPhone 17 screen panel colour iPhone 17 screen panel colour Which iPhone 17 256 GB spec comes with really good screen panels such as g9n or GVC etc... ? Most blue lavender black sage ?,iphone17,1,16,1772653588.0,https://www.reddit.com/r/iphone17/comments/1rkvgk9/iphone_17_screen_panel_colour/,iphone screen panel colour iphone screen panel colour iphone gb spec comes really good screen panels gvc etc blue lavender black sage,positive,0.4927,joy,0.5167
1pgxhcc,"iPhone 17, is it worth the upgrade?","iPhone 17, is it worth the upgrade? iPhone 17, is it worth the upgrade? Those of you who have acquired an iPhone 17, can you tell me if you face any issues with it and how’s the battery life? I have an iPhone 11 and I think it’s time for an upgrade, I could do an iPhone 15 plus but I’m thinking of going big and buying an iPhone 17. Is it worth it? Would you buy it again?",iphone17,9,30,1765151495.0,https://www.reddit.com/r/iphone17/comments/1pgxhcc/iphone_17_is_it_worth_the_upgrade/,iphone worth upgrade iphone worth upgrade acquired iphone tell face issues battery life iphone think time upgrade could iphone plus thinking going big buying iphone worth would buy,positive,0.5719,surprise,0.3981
1o6axnn,How widespread is the Battery Issue on iPhone 17 ?,"How widespread is the Battery Issue on iPhone 17 ? How widespread is the Battery Issue on iPhone 17 ? It seems like every other post here is regarding bad battery health. Some have reported it getting better after a week or two, some are saying its still horrible after 3 weeks. So the question is, How widespread is it ? Is it just those with normal battery life are not commeneting so it implifies those who dont have good battery life?  
Is it a Hardware issue or a software issue?

Is there any update on this ? 

  
As some one about to buy the phone, all these posts are making me second guess my decision.",iphone17,25,37,1760434594.0,https://www.reddit.com/r/iphone17/comments/1o6axnn/how_widespread_is_the_battery_issue_on_iphone_17/,widespread battery issue iphone widespread battery issue iphone seems like every post regarding bad battery health reported getting better week two saying still horrible weeks question widespread normal battery life not commeneting implifies dont good battery life hardware issue software issue update one buy phone posts making second guess decision,negative,-0.6131,sadness,0.4519
1pso8gx,Thinking about upgrading from Apple iPhone 17 to Apple iPhone 17 Pro — is it worth it?,"Thinking about upgrading from Apple iPhone 17 to Apple iPhone 17 Pro — is it worth it? Thinking about upgrading from Apple iPhone 17 to Apple iPhone 17 Pro — is it worth it? Hey everyone!

I’ve been using an iPhone 17 and it’s been great so far, but I’m thinking about upgrading to the iPhone 17 Pro. I’m curious if it’s actually worth the price difference — especially when it comes to battery life and overall experience.",iphone17,0,29,1766371055.0,https://www.reddit.com/gallery/1pso8gx,thinking upgrading apple iphone apple iphone pro worth thinking upgrading apple iphone apple iphone pro worth hey everyone using iphone great far thinking upgrading iphone pro curious actually worth price difference especially comes battery life overall experience,positive,0.8779,joy,0.779
1o7js2l,iPhone 17 battery feels kinda weak?,"iPhone 17 battery feels kinda weak? iPhone 17 battery feels kinda weak? Hey guys,  
I’ve always been a Samsung fan, but I decided to give the iPhone 17 a try instead of the Samsung Galaxy S25+.  
Love the phone overall — design’s 🔥, display is super smooth, and I actually use the camera button all the time.

But the **battery’s kinda disappointing**. I’m getting around 4h 10m screen time and it drops from 90% to like 18%. That feels low for a new phone.

Anyone else with the same issue? Could this just be iOS 26 needing updates? And does using a slower charger at night help with heating?",iphone17,48,33,1760554564.0,https://www.reddit.com/r/iphone17/comments/1o7js2l/iphone_17_battery_feels_kinda_weak/,iphone battery feels kinda weak iphone battery feels kinda weak hey guys always samsung fan decided give iphone try instead samsung galaxy love phone overall design display super smooth actually use camera button time battery kinda disappointing getting around screen time drops like feels low new phone anyone else issue could ios needing updates using slower charger night help heating,positive,0.7491,sadness,0.9774
1op5lhw,The base Iphone 17 battery is insane,"The base Iphone 17 battery is insane The base Iphone 17 battery is insane i’ve been using this phone for almost 2 weeks, and I would say the battery of iPhone 17 is really great. For context, I upgraded from iPhone X and usually it would last me like two or maybe like 2 1/2 hours of use. and this one right here is just incredible considering that I use it for extensive period of time like scrolling through social media watching videos on YouTube and most of all it doesn’t get hot that much. I mean it does get warm, but I’m really surprised how it doesn’t really heat up compared to my previous phone. And yes I only charge it like once a day and its so insane! 

Although I haven’t tried playing heavy duty games like call of duty, but I’m willing to give it a try next time and so far I am satisfied with this phone. I’m just glad I chose this over the iPhone 16 Pro.",iphone17,61,27,1762355833.0,https://www.reddit.com/gallery/1op5lhw,base iphone battery insane base iphone battery insane using phone almost weeks would say battery iphone really great context upgraded iphone usually would last like two maybe like hours use one right incredible considering use extensive period time like scrolling social media watching videos youtube get hot much mean get warm really surprised really heat compared previous phone yes charge like day insane although tried playing heavy duty games like call duty willing give try next time far satisfied phone glad chose iphone pro,positive,0.9647,surprise,0.9377
1o9kubh,Best Case for iPhone 17,Best Case for iPhone 17 Best Case for iPhone 17 I’m thinking of getting the 17 soon and looking for recommendations on a case that isn’t too expensive. I’d rather spend closer to $25 than $45-50. What are some reliable case suggestions?,iphone17,13,38,1760756451.0,https://www.reddit.com/r/iphone17/comments/1o9kubh/best_case_for_iphone_17/,best case iphone best case iphone thinking getting soon looking recommendations case expensive rather spend closer reliable case suggestions,positive,0.8555,neutral,0.6538
1rkul7a,What's are some good light and strong cases for iPhone 17 user who drops iPhone a lot due to disabilities?,"What's are some good light and strong cases for iPhone 17 user who drops iPhone a lot due to disabilities? What's are some good light and strong cases for iPhone 17 user who drops iPhone a lot due to disabilities? I dropped my old iPhones 12 mini, 6+, and 4S a lot in the past. They all had cases and screen protectors, and no damages. I wonder what are some good light and strong ones, in USA (even Amazon), to get when I finally buy a new iPhone 17. I don't like the cases (e.g., Torras) that add button covers since they keep falling out to be lost. I do want wireless charging with the case on. Heat is an issue since I live in a hot dusty desert. A cover for my USB-C port would be nice when not in used since it gets dusty due to my tissues in my pants pocket. Do Apple stores sell any of my requirements?



Thank you for reading and hopefully answering soon. :)",iphone17,5,15,1772651630.0,https://www.reddit.com/r/iphone17/comments/1rkul7a/whats_are_some_good_light_and_strong_cases_for/,good light strong cases iphone user drops iphone lot due disabilities good light strong cases iphone user drops iphone lot due disabilities dropped old iphones mini lot past cases screen protectors no damages wonder good light strong ones usa even amazon get finally buy new iphone like cases torras add button covers since keep falling lost want wireless charging case heat issue since live hot dusty desert cover usb port would nice not used since gets dusty due tissues pants pocket apple stores sell requirements thank reading hopefully answering soon,positive,0.981,surprise,0.3913
1p7c78a,Best case for iPhone 17,Best case for iPhone 17 Best case for iPhone 17 So far this is my favourite case for my iPhone 17 sage green. Please share any good cases you think goes well with sage green.,iphone17,114,17,1764174532.0,https://i.redd.it/u3g2s91nom3g1.jpeg,best case iphone best case iphone far favourite case iphone sage green please share good cases think goes well sage green,positive,0.9509,neutral,0.5235
1pspq1y,Anyone else having problems with their iPhone 17?,"Anyone else having problems with their iPhone 17? Anyone else having problems with their iPhone 17? I got the pro model yesterday and i only started using it today but man it seems like a downgrade from my 14 pro. 

I was browsing on some apps and it was super laggy and slow. I tried playing a video game while using my AirPods and the audio sounds distorted. Phone also overheats while charging. 

Are these problems normal for a new phone? Both the 17 pro and my old 14 pro have 1TB and the 17 is on 26.2 so I have no idea what the problem is.",iphone17,2,28,1766375516.0,https://www.reddit.com/r/iphone17/comments/1pspq1y/anyone_else_having_problems_with_their_iphone_17/,anyone else problems iphone anyone else problems iphone got pro model yesterday started using today man seems like downgrade pro browsing apps super laggy slow tried playing video game using airpods audio sounds distorted phone also overheats charging problems normal new phone pro old pro tb no idea problem,negative,-0.3699,surprise,0.4163
1o28u8o,Upgrade from iPhone 12 to iPhone 17 now or wait for next year?,"Upgrade from iPhone 12 to iPhone 17 now or wait for next year? Upgrade from iPhone 12 to iPhone 17 now or wait for next year? Hey folks,  
I’m still rocking an iPhone 12, but ever since updating to iOS 26, it’s been rough... performance feels sluggish, and my battery life tanked. I’m down to about **4.5 hours of screen time**, even though my battery health is **92%**, and I’m honestly getting tired of fighting it.

Now I’m debating whether to grab the **iPhone 17 base model** or wait it out for next year. I’ve heard rumors that the next generation could bring bigger jumps in battery tech, efficiency, or even new form factors such as foldables or stuff.

So, what do you think? Is the 17 a smart buy right now, or better to hold off and hope next year’s model brings something major?

Thanks in advance!",iphone17,22,37,1760023359.0,https://www.reddit.com/r/iphone17/comments/1o28u8o/upgrade_from_iphone_12_to_iphone_17_now_or_wait/,upgrade iphone iphone wait next year upgrade iphone iphone wait next year hey folks still rocking iphone ever since updating ios rough performance feels sluggish battery life tanked hours screen time even though battery health honestly getting tired fighting debating whether grab iphone base model wait next year heard rumors next generation could bring bigger jumps battery tech efficiency even new form factors foldables stuff think smart buy right better hold hope next year model brings something major thanks advance,positive,0.8439,sadness,0.9361
1otbr7f,Should i buy an iphone 17??,Should i buy an iphone 17?? Should i buy an iphone 17?? Im not a phone expert and i rlly need a new phone.Ive been wondering if i should buy the new iphone but ive been getting mixed answers on this from all my friends and family.Is the iphone 17 a good phone or should i consider another phone??,iphone17,12,33,1762775550.0,https://www.reddit.com/r/iphone17/comments/1otbr7f/should_i_buy_an_iphone_17/,buy iphone buy iphone im not phone expert rlly need new phone ive wondering buy new iphone ive getting mixed answers friends family iphone good phone consider another phone,positive,0.7184,surprise,0.5744
1rjmkb9,"Believe it or not, I enjoyed holding the regular iPhone 17 in my hand.","Believe it or not, I enjoyed holding the regular iPhone 17 in my hand. Believe it or not, I enjoyed holding the regular iPhone 17 in my hand. Sometimes I like to check out the Apple Store, especially the iPhones, without buying anything. But maybe it's because of the thinner bezels and 120hz display.",iphone17,25,12,1772536177.0,https://www.reddit.com/r/iphone17/comments/1rjmkb9/believe_it_or_not_i_enjoyed_holding_the_regular/,believe not enjoyed holding regular iphone hand believe not enjoyed holding regular iphone hand sometimes like check apple store especially iphones without buying anything maybe thinner bezels hz display,positive,0.5417,sadness,0.5276
1q9uudi,iPhone 17 upgrade questions,"iPhone 17 upgrade questions iPhone 17 upgrade questions I want to upgrade to the iPhone 17 base. Need advice.

Currently have the iPhone 14 Pro (256gb, 79% battery health).

Currently using 121gb / 256gb locally + 845gb / 2tb iCloud.

Planning to keep the phone 3-4 years.

Use case: 12MP photos, 4K 30fps video, light 2–4x zoom for class notes

Skipping 17 Pro / Pro Max due to scratch issues and speaker white noise (confirmed by a friend’s 17 pro max deep blue 256gb model)

Choosing between 256gb vs 512gb (+$300, budget isn’t an issue)

Choosing between White vs Black

White: cleaner look, less heat, ages better

Black: familiar, but dust/scratches show more

Will use a black Caudabe Sheath case.

Questions:

Is skipping the 17 Pro models for the base a smart/safe move?

White or Black long-term?

Is 512GB worth it for future-proofing, or is 256GB enough given iCloud use?",iphone17,6,23,1768122645.0,https://www.reddit.com/r/iphone17/comments/1q9uudi/iphone_17_upgrade_questions/,iphone upgrade questions iphone upgrade questions want upgrade iphone base need advice currently iphone pro gb battery health currently using gb gb locally gb tb icloud planning keep phone years use case mp photos fps video light zoom class notes skipping pro pro max due scratch issues speaker white noise confirmed friend pro max deep blue gb model choosing gb vs gb budget issue choosing white vs black white cleaner look less heat ages better black familiar dust scratches show use black caudabe sheath case questions skipping pro models base smart safe move white black long term gb worth future proofing gb enough given icloud use,positive,0.9237,neutral,0.5015
1rudr9k,Inconsistent touch issues with iPhone 17,"Inconsistent touch issues with iPhone 17 Inconsistent touch issues with iPhone 17 Hey, I bought an iPhone 17 yesterday and god damn it's a lovely phone, especially when I shifted from my shitty 6-year-old Samsung A51. Everything is near-perfect, but the only issue I face (which is mildly annoying) is that sometimes the touches don't register. For example, if I try to come out of comments on Instagram, then it doesn't register the swipe immediately, and I have to do it slowly, but if I use the same part of the screen to do something else, it works, so it's *inconsistent* like that. I face similar issues when, say, creating a contact: if I try to click the last name, it sometimes doesn't register the touch until I try again. By the looks of it, it does seem like a software issue, but I wouldn't abandon the possibility of the screen protector playing a role in some form (although I believe it was put properly) or a faulty phone. The problem doesn't fix completely with restarting the phone.

Anyone facing similar issues? Any fixes?

PS: as per one of the comments, it looks like even clicking the name of the commenter (not the profile picture) in Instagram comments causes issues (more drastic, I'd say). I opened the notes app with ink and tried to touch everywhere, and it seems to detect even the smallest touches. The typing has no issues, and the scrolling and swiping have no issues, no matter how fast, so I am beginning to suspect it to be some form of software glitch rather than an actual issue with the digitizer.",iphone17,6,12,1773580504.0,https://www.reddit.com/r/iphone17/comments/1rudr9k/inconsistent_touch_issues_with_iphone_17/,inconsistent touch issues iphone inconsistent touch issues iphone hey bought iphone yesterday god damn lovely phone especially shifted shitty year old samsung everything near perfect issue face mildly annoying sometimes touches register example try come comments instagram register swipe immediately slowly use part screen something else works inconsistent like face similar issues say creating contact try click last name sometimes register touch try looks seem like software issue abandon possibility screen protector playing role form although believe put properly faulty phone problem fix completely restarting phone anyone facing similar issues fixes ps per one comments looks like even clicking name commenter not profile picture instagram comments causes issues drastic say opened notes app ink tried touch everywhere seems detect even smallest touches typing no issues scrolling swiping no issues no matter fast beginning suspect form software glitch rather actual issue digitizer,negative,-0.2178,surprise,0.5404
1rsgn0w,Charged my new iPhone 17 3-4 times by fake charger,"Charged my new iPhone 17 3-4 times by fake charger Charged my new iPhone 17 3-4 times by fake charger Hi guys I bought a charger 20w from a offline store yes a local one and noticed the charger was heating way too much checked all the things and compared with one my friends charger and got to know that I’m scammed

So I got a refund from the seller but I want to know will it cause any significant issues in long term

Also noticed the charger was not grounded as I was getting some slight electric shocks whenever I was touching the camera button when device was plugged in

Thanks",iphone17,0,13,1773386401.0,https://www.reddit.com/r/iphone17/comments/1rsgn0w/charged_my_new_iphone_17_34_times_by_fake_charger/,charged new iphone times fake charger charged new iphone times fake charger hi guys bought charger offline store yes local one noticed charger heating way much checked things compared one friends charger got know scammed got refund seller want know cause significant issues long term also noticed charger not grounded getting slight electric shocks whenever touching camera button device plugged thanks,negative,-0.2075,surprise,0.4912
1pihmpz,"iPhone 17 base, pro, or or max?","iPhone 17 base, pro, or or max? iPhone 17 base, pro, or or max? I have an iPhone 14 and am looking to upgrade. With my network, I can get a good deal on 17 pro max that makes it better value than the base and pro models. But I’m basically wondering is it worth it, and how much bigger and heavier is the pro max?

I’ve only ever had base models so have no idea if I’d use the features but I think the extra battery life of the pro max would be really useful!

Thanks for any advice and insights!",iphone17,21,26,1765310585.0,https://www.reddit.com/r/iphone17/comments/1pihmpz/iphone_17_base_pro_or_or_max/,iphone base pro max iphone base pro max iphone looking upgrade network get good deal pro max makes better value base pro models basically wondering worth much bigger heavier pro max ever base models no idea use features think extra battery life pro max would really useful thanks advice insights,positive,0.9227,surprise,0.8295
1rm31pq,iPhone 17 edges feels sharp,"iPhone 17 edges feels sharp iPhone 17 edges feels sharp I have a base iphone 17. I love all the features apple offered for this device-battery increase, 120hz, and lighter weight compared to the pro models. 6.3 inch size is perfect for me to use it as one-handed device.

The problem is that I am the 1% using the phone with no case (when using a case, it suddenly becomes thick and the weight easily goes up to the pro model’s). Where the back glass and the side rail meet, there is a gap in between and especially on the bottom side, it really feels very sharp whenever I pick up the phone. I see the problem that the side rail is higher than the back glass which makes me feel the edge of the aluminum rail. I see this phenomenon widespread, even my wife’s iphone 16 has its same issue (at the same bottom side).

Recently I got an iphone air and I see that phone has no issues like this. I do like the feel of the air but not sure I can bear the compromises (battery, single speaker, and heating issues) compared to the base iphone 17. I do like this device, but the feel is real.",iphone17,0,14,1772767996.0,https://www.reddit.com/r/iphone17/comments/1rm31pq/iphone_17_edges_feels_sharp/,iphone edges feels sharp iphone edges feels sharp base iphone love features apple offered device battery increase hz lighter weight compared pro models inch size perfect use one handed device problem using phone no case using case suddenly becomes thick weight easily goes pro model back glass side rail meet gap especially bottom side really feels sharp whenever pick phone see problem side rail higher back glass makes feel edge aluminum rail see phenomenon widespread even wife iphone issue bottom side recently got iphone air see phone no issues like like feel air not sure bear compromises battery single speaker heating issues compared base iphone like device feel real,positive,0.6935,surprise,0.4949
1r0fqg8,iphone 17 best features,"iphone 17 best features iphone 17 best features Hello guys. Just got the iPhone 17 and I’m happy with the upgrade! What are the best features this phone offers in your opinion?

Cheers!",iphone17,17,16,1770669327.0,https://www.reddit.com/r/iphone17/comments/1r0fqg8/iphone_17_best_features/,iphone best features iphone best features hello guys got iphone happy upgrade best features phone offers opinion cheers,positive,0.9657,joy,0.7808
1q2dlx5,iPhone 17 pro vs iPhone 17?,"iPhone 17 pro vs iPhone 17? iPhone 17 pro vs iPhone 17? I currently have an iPhone 12 (base, 128GB).  I honestly love my iPhone 12, but the battery has just been depleting quickly especially after getting the recent upgrade.  I recently went in to upgrade my phone and had an offer for a free iPhone 16 from my carrier.  But that was only offered in 128GB and I wanted 256GB so I could get more storage.  I decided to splurge for the iPhone 17 pro because I tend to keep my phones for a while (usually 4-5 years) and wanted something I know would last.  Even though I'm not a huge photographer by any means, I was also excited about having such a nice camera.  I'm usually pretty frugal and don't buy things for myself often, so naturally I've been having some buyers remorse after purchasing.  I'm realizing that the camera is really the only main difference and that the base 17 seems to offer most of the things I was looking for like the 256 GB, 120Hz screen, and the same front camera as the pro.  Do you think I should exchange it or just go ahead and commit to the pro?",iphone17,4,24,1767395042.0,https://www.reddit.com/r/iphone17/comments/1q2dlx5/iphone_17_pro_vs_iphone_17/,iphone pro vs iphone iphone pro vs iphone currently iphone base gb honestly love iphone battery depleting quickly especially getting recent upgrade recently went upgrade phone offer free iphone carrier offered gb wanted gb could get storage decided splurge iphone pro tend keep phones usually years wanted something know would last even though not huge photographer means also excited nice camera usually pretty frugal buy things often naturally buyers remorse purchasing realizing camera really main difference base seems offer things looking like gb hz screen front camera pro think exchange go ahead commit pro,positive,0.9614,joy,0.9592
1q3ypud,Acquisition IPhone 17,"Acquisition IPhone 17 Acquisition IPhone 17 After years with the iPhone 13,

I took the plunge and got the iPhone 17 in black, like Batman.

I love it!",iphone17,135,8,1767554156.0,https://i.redd.it/9myalkrztdbg1.jpeg,acquisition iphone acquisition iphone years iphone took plunge got iphone black like batman love,positive,0.7717,surprise,0.3092
1pbgrk6,Had my iPhone 17 for 3 months now. Battery really poor?,"Had my iPhone 17 for 3 months now. Battery really poor? Had my iPhone 17 for 3 months now. Battery really poor? I used to have an IPhone 14 Pro Max. The battery on that used to be incredible. Apple claimed the normal 17 has 1 hour better battery life than the 14 pro max, and this is simply not true in my experience. Today my phone is at 34% with 4 hours and 20 minutes screen on time. My pro max would average 8-9 hours screen on time as a minimum. 

Am I doing something wrong here? Is it just because it’s not a pro device? Or is it a software issue?",iphone17,13,28,1764605345.0,https://www.reddit.com/r/iphone17/comments/1pbgrk6/had_my_iphone_17_for_3_months_now_battery_really/,iphone months battery really poor iphone months battery really poor used iphone pro max battery used incredible apple claimed normal hour better battery life pro max simply not true experience today phone hours minutes screen time pro max would average hours screen time minimum something wrong not pro device software issue,negative,-0.8526,sadness,0.7765
1p5bqz2,Apple 20W or Samsung 25W for iPhone 17,"Apple 20W or Samsung 25W for iPhone 17 Apple 20W or Samsung 25W for iPhone 17 Apple 20W adapter is ₹1849 (20.5USD), and Samsung 25W adapter is ₹999 (11USD).

I’m wondering which one is better for my iphone’s battery in the long run. Could you all share your personal preference for your own iphone 17?",iphone17,17,28,1763972955.0,https://i.redd.it/sitnw7o8163g1.jpeg,apple samsung iphone apple samsung iphone apple adapter usd samsung adapter usd wondering one better iphone battery long run could share personal preference iphone,positive,0.6249,surprise,0.738
1q4jm6b,At some point I’m gonna get this phone IPhone 17 base model.,At some point I’m gonna get this phone IPhone 17 base model. At some point I’m gonna get this phone IPhone 17 base model. Could you give me any tips before I do or how has your experience been with the phone?,iphone17,3,23,1767613601.0,https://www.reddit.com/r/iphone17/comments/1q4jm6b/at_some_point_im_gonna_get_this_phone_iphone_17/,point gonna get phone iphone base model point gonna get phone iphone base model could give tips experience phone,negative,0.0,neutral,0.7126
1nv0ba6,iPhone 17 vs 17 Pro for a content creator — worth the $300 upgrade?,"iPhone 17 vs 17 Pro for a content creator — worth the $300 upgrade? iPhone 17 vs 17 Pro for a content creator — worth the $300 upgrade? Hey everyone,

I’m a content creator mainly shooting for Instagram (Reels, gym content, sometimes fire/LED performances). Right now I’m on a Xiaomi 13 and I’m thinking about switching to iPhone for more consistent video colors and exposure (my Xiaomi sometimes shifts WB/exposure between shots, which is frustrating).

Here’s my workflow:

I film short clips (under 20 min) on the rear main camera (almost never front cam).

Most of my content is 1× or 2× zoom (gym mirror shots, training, lifestyle).

Sometimes I shoot fire shows from further away.

I do light editing (CapCut on mobile with LUTs/sliders, or simple cuts on PC).

I post mainly to Instagram, no heavy color grading or ProRes/Log workflows (yet).

I edit about 3 videos per week on PC and 2 on mobile.


Now I’m torn between the iPhone 17 and 17 Pro:

iPhone 17 already gives me what I need (stable colors, better video consistency, good 2× crop).

iPhone 17 Pro adds USB-C 3.0 (faster transfers), ProRes/Log, better cooling, and 4× telephoto. But it costs ~$300 more.


👉 For someone with my workflow, do you think the 17 Pro is worth it, or is the regular 17 enough?

I’m tempted by the “Pro” just to feel future-proof/fancy, but realistically I don’t know if I’ll actually use ProRes or the telephoto. Has anyone here made a similar switch from Android and can share if the Pro features were worth it for content creation?

Thanks a lot!",iphone17,11,38,1759298023.0,https://www.reddit.com/r/iphone17/comments/1nv0ba6/iphone_17_vs_17_pro_for_a_content_creator_worth/,iphone vs pro content creator worth upgrade iphone vs pro content creator worth upgrade hey everyone content creator mainly shooting instagram reels gym content sometimes fire led performances right xiaomi thinking switching iphone consistent video colors exposure xiaomi sometimes shifts wb exposure shots frustrating workflow film short clips min rear main camera almost never front cam content zoom gym mirror shots training lifestyle sometimes shoot fire shows away light editing capcut mobile luts sliders simple cuts pc post mainly instagram no heavy color grading prores log workflows yet edit videos per week pc mobile torn iphone pro iphone already gives need stable colors better video consistency good crop iphone pro adds usb faster transfers prores log better cooling telephoto costs someone workflow think pro worth regular enough tempted pro feel future proof fancy realistically know actually use prores telephoto anyone made similar switch android share pro features worth content creation thanks lot,positive,0.802,sadness,0.5802
1nvveh5,Any Android user that switched to Apple and iPhone 17?,"Any Android user that switched to Apple and iPhone 17? Any Android user that switched to Apple and iPhone 17? What are your first impressions?   
Which device did you had before?",iphone17,26,35,1759383317.0,https://www.reddit.com/r/iphone17/comments/1nvveh5/any_android_user_that_switched_to_apple_and/,android user switched apple iphone android user switched apple iphone first impressions device,positive,0.2263,neutral,0.7326
1o13g1l,Iphone 17 when will arrive?,"Iphone 17 when will arrive? Iphone 17 when will arrive? Hi!

I ordered the iPhone 17 from Apple’s website on September 26. The order still shows as processing, and the estimated delivery window is October 13–20. I know it’s sold out everywhere. Does anyone know if it will arrive within that window? Will the date be pushed back because there aren’t enough iPhones? Does anyone know if more units have already been produced and they’ll meet the deadline? Any of you in the same situation?",iphone17,9,37,1759906473.0,https://www.reddit.com/r/iphone17/comments/1o13g1l/iphone_17_when_will_arrive/,iphone arrive iphone arrive hi ordered iphone apple website september order still shows processing estimated delivery window october know sold everywhere anyone know arrive within window date pushed back enough iphones anyone know units already produced meet deadline situation,neutral,0.0,surprise,0.5363
1qeachd,Switched to IPhone 17 from 17Pro,"Switched to IPhone 17 from 17Pro Switched to IPhone 17 from 17Pro Bought 17Pro 4 days ago. My first impression is that I was happy to move to 17Pro from 14Pro. I was going to buy Dark Blue 17Pro because since I was buying only black/dark colours of IPhone. But decidede to make it different so I went with Cosmic Orange… and tbh I got annoyed from the colour the next day. So I watched some reviews about regular 17 and most of them prefer 17 over 17Pro. So I decided to go with black 17 and give 17Pro to my sister( she’s been using iPhone 13Pro). No hate. 17Pro is great but for regular person which life is not related with video making or photos, I think is not needed necessary.

Perhaps if they made it 17Pro Black version I would buy it and keep it. But I didn’t go well with Cosmic Orange.  I got annoyed very fast. But overall both great Phones.",iPhone17Pro,993,373,1768551241.0,https://i.redd.it/l7rwds3u6odg1.jpeg,switched iphone pro switched iphone pro bought pro days ago first impression happy move pro pro going buy dark blue pro since buying black dark colours iphone decidede make different went cosmic orange tbh got annoyed colour next day watched reviews regular prefer pro decided go black give pro sister using iphone pro no hate pro great regular person life not related video making photos think not needed necessary perhaps made pro black version would buy keep go well cosmic orange got annoyed fast overall great phones,positive,0.9287,anger,0.9422
1qgzz5m,Silver is by far the best colour of the iPhone 17 Pro this year,Silver is by far the best colour of the iPhone 17 Pro this year Silver is by far the best colour of the iPhone 17 Pro this year,iPhone17Pro,1616,199,1768815994.0,https://www.reddit.com/gallery/1qgzz5m,silver far best colour iphone pro year silver far best colour iphone pro year,positive,0.8555,joy,0.418
1qkytcd,Switched from Android to iPhone 17 Pro : First Impressions,"Switched from Android to iPhone 17 Pro : First Impressions Switched from Android to iPhone 17 Pro : First Impressions After being on Android for years, I finally switched to the iPhone 17 Pro. This wasn’t an impulse move, I was genuinely curious whether the iPhone experience in 2026 has finally caught up (or surpassed) what Android has been doing well for a long time.

A few quick observations so far:

The hardware + software integration is genuinely impressive. Everything feels smooth in a way that’s hard to explain until you use it.

The camera consistency is unreal. Android phones often have amazing specs, but the iPhone just… works every time.

iOS still feels restrictive in places, but it’s also much more polished than I expected.

Battery optimization and standby drain are way better than my last Android flagship.

Some things I miss from Android (customization, file handling), but not as much as I thought I would.

I’m not here to start an Android vs iOS war. both ecosystems are solid in 2026. I just wanted to share a genuine switch experience and see if others here made a similar move recently.",iPhone17Pro,1147,180,1769193075.0,https://i.redd.it/4ospglfc75fg1.jpeg,switched android iphone pro first impressions switched android iphone pro first impressions android years finally switched iphone pro impulse move genuinely curious whether iphone experience finally caught surpassed android well long time quick observations far hardware software integration genuinely impressive everything feels smooth way hard explain use camera consistency unreal android phones often amazing specs iphone works every time ios still feels restrictive places also much polished expected battery optimization standby drain way better last android flagship things miss android customization file handling not much thought would not start android vs ios war ecosystems solid wanted share genuine switch experience see others made similar move recently,positive,0.9442,surprise,0.7175
1qz9qtx,Switched from Android to iPhone 17 Pro Max - first time iOS user,Switched from Android to iPhone 17 Pro Max - first time iOS user Switched from Android to iPhone 17 Pro Max - first time iOS user,iPhone17Pro,883,209,1770559478.0,https://i.redd.it/td4ffwsc2aig1.jpeg,switched android iphone pro max first time ios user switched android iphone pro max first time ios user,positive,0.0,surprise,0.663
1o9ynrs,My cosmic orange iPhone 17 pro is turning pink!,"My cosmic orange iPhone 17 pro is turning pink! My cosmic orange iPhone 17 pro is turning pink! Looks kinda neat tho! Crazy because the phone is brand new. It’s not the lighting or oils either. Sides are also pink where my case doesn’t cover it.

EDIT: Here are videos:

[https://streamable.com/9s18gl](https://streamable.com/9s18gl)

[https://streamable.com/mkcj9t](https://streamable.com/mkcj9t)

[https://imgur.com/a/iphone-17-pro-changing-colors-rGcFOSX](https://imgur.com/a/iphone-17-pro-changing-colors-rGcFOSX)

UPDATE:

I am working with senior apple support on this issue. I have sent all photos and videos of this issue to them and they are escalating to the engineering team. I have a call with the person who is handling this case this Friday.

UPDATE #2:

Apple is replacing my Cosmic Orange iPhone 17 pro under warranty. They did not provide a reason for the discoloration of the camera bump. They asked if I cleaned it with hydrogen peroxide or bleach. I let them know that I have not, who is cleaning their phone with bleach or peroxide anyways? lol!

I'll post side by side pics of the new phone and my current phone here once it arrives in the mail.

PHOTOS OF APPLE REPLACEMENT CONFIRMATION

[https://imgur.com/a/I739UWg](https://imgur.com/a/I739UWg)

[https://postimg.cc/DW9DH8ZP](https://postimg.cc/DW9DH8ZP)

Waveform video addressing the issue. (did not use peroxide or bleach on my iphone)

[https://www.youtube.com/watch?v=Ga8RdTxzL2w&t=2s](https://www.youtube.com/watch?v=Ga8RdTxzL2w&t=2s)",iPhone17Pro,770,442,1760801008.0,https://i.redd.it/kpw5ih3f1wvf1.jpeg,cosmic orange iphone pro turning pink cosmic orange iphone pro turning pink looks kinda neat tho crazy phone brand new not lighting oils either sides also pink case cover edit videos update working senior apple support issue sent photos videos issue escalating engineering team call person handling case friday update apple replacing cosmic orange iphone pro warranty not provide reason discoloration camera bump asked cleaned hydrogen peroxide bleach let know not cleaning phone bleach peroxide anyways lol post side side pics new phone current phone arrives mail photos apple replacement confirmation waveform video addressing issue not use peroxide bleach iphone,positive,0.7245,neutral,0.373
1q6hsxd,iPhone 17 Pro Max feels crazy heavy - Hands are begging me to switch,"iPhone 17 Pro Max feels crazy heavy - Hands are begging me to switch iPhone 17 Pro Max feels crazy heavy - Hands are begging me to switch I upgraded to the iPhone 17 Pro Max in September (from 16 Pro), but man, this thing is starting to feel crazy heavy. Phone + case + screen protector = 287 grams! 

My right hand is hurting regularly, and its probably because I use the 17 Pro Max as a one-handed phone. That’s what I wanna do, and it worked good enough with the 16 Pro. 

So my question is, should I just get the 17 Pro and call it a day, or downgrade to 16 Pro to save some money? I would hate to lose the better front camera, battery and 8x zoom. However I feel confident using the 16 Pro caseless and that would save even more weight. And natural titanium looks soooo good compared to the soft aluminium. 

(Air and 17 is not relevant due to missing features).

I’m probably overthinking this as its not a super long term commitment as I’m probably gonna buy the 18 Pro later this year.

Have anyone else been in my situation, and what did you do?",iPhone17Pro,441,297,1767798505.0,https://i.redd.it/cob9bgfk0ybg1.jpeg,iphone pro max feels crazy heavy hands begging switch iphone pro max feels crazy heavy hands begging switch upgraded iphone pro max september pro man thing starting feel crazy heavy phone case screen protector grams right hand hurting regularly probably use pro max one handed phone wanna worked good enough pro question get pro call day downgrade pro save money would hate lose better front camera battery zoom however feel confident using pro caseless would save even weight natural titanium looks soo good compared soft aluminium air not relevant due missing features probably overthinking not super long term commitment probably gonna buy pro later year anyone else situation,positive,0.8419,joy,0.7366
1pi4x62,I switched from a Galaxy S24 Ultra to an iPhone 17 pro max.. and I don't think I can ever go back to Android,"I switched from a Galaxy S24 Ultra to an iPhone 17 pro max.. and I don't think I can ever go back to Android I switched from a Galaxy S24 Ultra to an iPhone 17 pro max.. and I don't think I can ever go back to Android So after using the Galaxy S24 Ultra for a full year, I decided to switch to the iPhone 17 Pro Max honestly just for fun and to get the full Apple experience since I already use a MacBook. And now that I’ve switched, I don’t think I can ever go back to any Android phone again.

First of all, iOS with liquid glass: I know a lot of people don’t like it, but to me it feels like a huge step forward. It looks modern, stylish, fresh, and I genuinely think other tech companies are going to copy this design direction. It just feels different in the best way.

About the S24 Ultra: it was a great device. One UI 7 and later 8 were smooth, clean, and honestly a pleasure to use. I loved the squared-off design, especially for content consumption. Even though both phones have similar dimensions, the S24 Ultra always looked bigger because of its shape. But surprisingly, the iPhone is just so much more comfortable to hold and carry around.

One big shock for me was battery life. I always heard that Samsung’s battery was better than iPhone’s… but after 6 months, my S24 Ultra’s battery started giving significantly less screen-on-time. It was disappointing for a flagship. Meanwhile, the iPhone 17 Pro Max is giving me more than double the SOT I was getting on the S24 Ultra. Editing videos on this phone is insanely fast sometimes it finishes processing before I’m even ready.

Then there’s the camera. Samsung gets so much hype for its cameras, but in my personal testing, especially indoors, the S24 Ultra struggled badly with dynamic range and lighting. I never used the 100x zoom gimmick anyway. The iPhone 17 Pro Max, on the other hand, consistently gives me shots that look almost professional, with far better color and indoor performance.

Yes, iOS still has some stutters and minor lag, but I’m sure Apple will smooth it out over the next updates. Even with that, the interface feels more fun, more animated, and more soothing than anything on Android.

And the biggest difference for me: apps. I never truly understood the “apps are better on iOS” argument until now. Every app, social media, editing tools, productivity, everything feels more optimized, more consistent, and just performs better on iOS. It’s honestly hard to explain until you experience it.

At this point, I just don’t see myself going back to Android. Both platforms are great, but iOS finally clicked for me in a way I didn’t expect.",iPhone17Pro,720,175,1765279077.0,https://www.reddit.com/gallery/1pi4x62,switched galaxy ultra iphone pro max think ever go back android switched galaxy ultra iphone pro max think ever go back android using galaxy ultra full year decided switch iphone pro max honestly fun get full apple experience since already use macbook switched think ever go back android phone first ios liquid glass know lot people like feels like huge step forward looks modern stylish fresh genuinely think tech companies going copy design direction feels different best way ultra great device one ui later smooth clean honestly pleasure use loved squared design especially content consumption even though phones similar dimensions ultra always looked bigger shape surprisingly iphone much comfortable hold carry around one big shock battery life always heard samsung battery better iphone months ultra battery started giving significantly less screen time disappointing flagship meanwhile iphone pro max giving double sot getting ultra editing videos phone insanely fast sometimes finishes processing even ready camera samsung gets much hype cameras personal testing especially indoors ultra struggled badly dynamic range lighting never used zoom gimmick anyway iphone pro max hand consistently gives shots look almost professional far better color indoor performance yes ios still stutters minor lag sure apple smooth next updates even interface feels fun animated soothing anything android biggest difference apps never truly understood apps better ios argument every app social media editing tools productivity everything feels optimized consistent performs better ios honestly hard explain experience point see going back android platforms great ios finally clicked way expect,positive,0.9964,joy,0.6546
1qgjz3i,Show me your cases for the orange iPhone 17 Pro max.,"Show me your cases for the orange iPhone 17 Pro max. Show me your cases for the orange iPhone 17 Pro max. I’m out of ideas, as much as I love the color, no cover seems to go with it. I have tried multiple cases ranging in color. I want the orange to show a bit but not looking for a clear case.",iPhone17Pro,250,322,1768769506.0,https://i.redd.it/1yh7c3ru76eg1.jpeg,show cases orange iphone pro max show cases orange iphone pro max ideas much love color no cover seems go tried multiple cases ranging color want orange show bit not looking clear case,positive,0.2769,sadness,0.6833
1qjnbbr,What color did you go with for the iPhone 17 Pro/Pro Max ?,What color did you go with for the iPhone 17 Pro/Pro Max ? What color did you go with for the iPhone 17 Pro/Pro Max ? These are the 2 colors I bought 🩶🧡📲,iPhone17Pro,284,258,1769063897.0,https://i.redd.it/1lz3tz88jueg1.jpeg,color go iphone pro pro max color go iphone pro pro max colors bought,neutral,0.0,neutral,0.7524
1oqv176,Did a full 180 on the iPhone 17 Pro,"Did a full 180 on the iPhone 17 Pro Did a full 180 on the iPhone 17 Pro Watched the Apple event and thought, “yeah, hard pass.” The camera plateau and glass back weren’t it for me.

Fast forward a week and here I am with the 17 Pro + Apple Clear Case, drinking the kool aid. It’s not perfect but it feels refined both in the hand and in daily use.

The panel on the clear case is clever, letting the glass back shine while hiding MagSafe. I still wish it covered the bottom, but I can live with it. 

iOS 26.1 seals the deal with smoother performance and better battery life. Headed to Disneyland for my son’s birthday next week, and I’ll share some real world shots after the trip.",iPhone17Pro,786,137,1762523718.0,https://i.redd.it/baw4m74xbuzf1.jpeg,full iphone pro full iphone pro watched apple event thought yeah hard pass camera plateau glass back fast forward week pro apple clear case drinking kool aid not perfect feels refined hand daily use panel clear case clever letting glass back shine hiding magsafe still wish covered bottom live ios seals deal smoother performance better battery life headed disneyland son birthday next week share real world shots trip,positive,0.93,joy,0.7652
1ozjhs9,iPhone 17 Lg vs Samsung panel,iPhone 17 Lg vs Samsung panel iPhone 17 Lg vs Samsung panel Very interesting video showing the difference between the LG and Samsung panel. For me the difference is quite noticeable maybe because Samsung panel is M14 tech while the Lg still using the same basic old tech since they supplied the screen for Apple back in 2017…,iPhone17Pro,416,239,1763393932.0,https://v.redd.it/fs2jyf8i7u1g1,iphone lg vs samsung panel iphone lg vs samsung panel interesting video showing difference lg samsung panel difference quite noticeable maybe samsung panel tech lg still using basic old tech since supplied screen apple back,positive,0.4019,surprise,0.7775
1nqvery,What if Apple had released an iPhone 17 Pro in Cherry Red?,"What if Apple had released an iPhone 17 Pro in Cherry Red? What if Apple had released an iPhone 17 Pro in Cherry Red? This year, Apple only gave us 3 official colors for the iPhone 17 Pro: Orange, Blue, and Silver. None of them are exactly “classic” or neutral shades… so imagine if they had dropped a Cherry Red finish like this one 
	•	Do you think it would’ve become the most popular color?
	•	Should Apple start offering more bold/unique finishes (like Product(RED), but in a premium style)?
	•	Or is 3 colors enough to keep the lineup simple?

Personally, I think Cherry Red looks 🔥 and could’ve been a fan favorite.",iPhone17Pro,812,146,1758873405.0,https://i.redd.it/oo09lq3otgrf1.jpeg,apple released iphone pro cherry red apple released iphone pro cherry red year apple gave us official colors iphone pro orange blue silver none exactly classic neutral shades imagine dropped cherry red finish like one think would become popular color apple start offering bold unique finishes like product red premium style colors enough keep lineup simple personally think cherry red looks could fan favorite,positive,0.9287,joy,0.5349
1ratzy5,How it feels carrying iPhone 17 pro max in pocket.,How it feels carrying iPhone 17 pro max in pocket. How it feels carrying iPhone 17 pro max in pocket.,iPhone17Pro,456,128,1771687913.0,https://i.redd.it/w74uv3vr9vkg1.jpeg,feels carrying iphone pro max pocket feels carrying iphone pro max pocket,neutral,0.0,joy,0.7149
1ovz8vl,iPhone 17 Pro Cosmic Orange turned Pink . Apple is refusing to replace it by calling it cosmetic damage which is not covered under their warranty . What to do now please help.,iPhone 17 Pro Cosmic Orange turned Pink . Apple is refusing to replace it by calling it cosmetic damage which is not covered under their warranty . What to do now please help. iPhone 17 Pro Cosmic Orange turned Pink . Apple is refusing to replace it by calling it cosmetic damage which is not covered under their warranty . What to do now please help.,iPhone17Pro,231,387,1763035276.0,https://www.reddit.com/gallery/1ovz8vl,iphone pro cosmic orange turned pink apple refusing replace calling cosmetic damage not covered warranty please help iphone pro cosmic orange turned pink apple refusing replace calling cosmetic damage not covered warranty please help,negative,-0.8528,neutral,0.5323
1oy43gr,All Black iPhone 17 Pro Max,"All Black iPhone 17 Pro Max All Black iPhone 17 Pro Max Finally got my camera lens to cover the back plate of my iPhone. Now it’s all black, as it should have been from the start 😄",iPhone17Pro,751,99,1763243760.0,https://i.redd.it/v6fuj23zsh1g1.jpeg,black iphone pro max black iphone pro max finally got camera lens cover back plate iphone black start,neutral,0.0,neutral,0.8216
1oib0ng,🔋 iPhone 17 Pro users how many battery cycles are you at after a month?,"🔋 iPhone 17 Pro users how many battery cycles are you at after a month? 🔋 iPhone 17 Pro users how many battery cycles are you at after a month? Hey everyone
Just curious for those who’ve had the iPhone 17 Pro since launch how many battery cycles are you sitting at right now?

I’ve had mine for a little over a month and I’m already around 32 cycles
Wondering if that’s normal or if I’m using it too much",iPhone17Pro,146,445,1761662015.0,https://i.redd.it/brctsmwm5vxf1.jpeg,iphone pro users many battery cycles month iphone pro users many battery cycles month hey everyone curious iphone pro since launch many battery cycles sitting right mine little month already around cycles wondering normal using much,positive,0.3182,surprise,0.8588
1owense,Damage To My iPhone 17 Pro So Far.,"Damage To My iPhone 17 Pro So Far. Damage To My iPhone 17 Pro So Far. Purchased on launch date.

  
Literally no scratches, dings, or anything of the sort. I use it everyday for work and haven't come across any issues whatsoever with the build quality.

  
What are you guys doing to these phones that they are denting and scratching like crazy? Are you guys rolling around in gravel?",iPhone17Pro,372,190,1763071854.0,https://www.reddit.com/gallery/1owense,damage iphone pro far damage iphone pro far purchased launch date literally no scratches dings anything sort use everyday work come across issues whatsoever build quality guys phones denting scratching like crazy guys rolling around gravel,negative,-0.8402,anger,0.4655
1qh2thp,Iphone 17 Pro orange dicoloration,"Iphone 17 Pro orange dicoloration Iphone 17 Pro orange dicoloration My colleagues iphone 17 pro orange color has gotten attacked by discoloration and apple support isnt really helping at the moment, if this happend to any of yall would u mind suggesting any help",iPhone17Pro,363,139,1768825574.0,https://www.reddit.com/gallery/1qh2thp,iphone pro orange dicoloration iphone pro orange dicoloration colleagues iphone pro orange color gotten attacked discoloration apple support isnt really helping moment happend yall would mind suggesting help,positive,0.076,sadness,0.8021
1nrc5zi,iPhone 17 Pro Max | iOS26 Is Actually Crazy Battery Nightmare | Power Consumption Deep Dive,"iPhone 17 Pro Max | iOS26 Is Actually Crazy Battery Nightmare | Power Consumption Deep Dive iPhone 17 Pro Max | iOS26 Is Actually Crazy Battery Nightmare | Power Consumption Deep Dive **Why I’m posting THIS**

My previous phone was a **15 Pro Max**, and battery life was rough, **especially from iOS 26 Developer Beta** onward. I upgraded **Beta 1 → Beta 9 RC → Official iOS26**, so I have a pretty clear sense of **which bugs got fixed and which didn’t**. On my 15PM those unfixed ones caused **major heat and drain**. What’s interesting is: on my new **17 Pro Max** I can still **reproduce the exact same bugs that caused battery draining**; they’re just **masked by better thermals on 17 series**.

My experience with 17 Pro Max battery life for the first week is just “okay”, considering it’s a brand new phone and has new battery and new chip, but in my hands, **17 Pro Max feels basically the same as a brand-new 15 Pro Max** did on launch day back in 2023. From **100% down to \~19%**, my **screen-on time** is typically **\~5h40m to \~6h30m**, not meaningfully different from my fresh 15PM experience. (The only big variable is that my 15PM launched with **iOS 17**, while 17PM ships with **iOS 26**.) I do believe **A19 Pro** is very efficient; that’s exactly why I suspect a **software regression**.

Below I’ll share the **wall power-meter numbers** and show how **Low Power Mode** dramatically improves things, reinforcing that **iOS 26 (release)** still behaves unlike a polished, final build in real-world UI paths.

**TL;DR**

On my **both 15 Pro Max and 17 Pro Max (iOS 26 official release)**, **UI interactions** (Control/Notification Center pull-downs, starting screen recording, Safari startup/page loads, etc.) repeatedly spike to **\~10–14W**, causing drain and heat. ***Put it simply: constantly swiping the Control Center can drain as much power as playing a full 3D game on your phone.***

**Low Power Mode (LPM)** consistently caps those spikes near **\~5W**, improving practical battery life (***and I'll share the real world results with you***). Without LPM, from ***100% → \~19–20%***, I got only ***\~5h46m–6h30m SOT on 17PM***. But with LPM on, I got ***6h SOT with still 60% battery remaining***\*\*,\*\* and ***10h SOT from 100% → \~19–20%*** on 17PM.

My take: parts of **iOS 26’s UI (“Liquid Glass”)** are power-hungry; **17PM thermals** just hide it better vs **15PM**.

  
\-  
***Here's how I did this:***

[Here’s a video I recorded exposing how Liquid Glass in iOS 26 eats up your phone’s battery.](https://preview.redd.it/jwhny00likrf1.png?width=3122&format=png&auto=webp&s=e520770777b91cc07e00f65f279691c0371c85e5)

***Here’s a video I recorded exposing how Liquid Glass in iOS 26 eats up your phone’s battery.***

[iPhone 17 Pro Max | iOS26 Is Crazy Battery Nightmare | Power Consumption Deep Dive](https://www.youtube.com/watch?v=6ZbYeL-h5yI)

# Methodology (simple but comparable)

* **Wall power meter**. With **Charging capped to 80%**.
* If I do **nothing**, the meter reads **0W\~1W**. Interactions show **device draw**.
* **Not lab-grade**, but **excellent for comparing tasks**.

It’s not really a super precise method, I was checking the wattage straight from the wall using a power meter. At that point, the charger isn’t topping up the battery anymore if capping at 80%, it’s just powering the device directly. If you don't do anything on the phone at this point, the power meter would show ***0W\~1W*** from the wall. From that, you can get a rough idea of the phone’s power draw during use.

Of course the numbers aren’t exact, but they’re still useful for comparing how much power between different tasks consume. For instance, **scrolling through IG Reels usually takes around 1.2–2W, taking each photo can spike to 8–9W in a sec, and even playing around with Spatial 3D photos isn’t too demanding, staying around 1.5–2W.** From these numbers—and from the heat you feel from the phone—you can roughly figure out which activities are really power-hungry.

For example,

* **scrolling down Control Center would get 8w\~9w.**
* **Doing Screen Recording itself with HDR format is getting 5w\~6w now. (That means idling, If you started scrolling through Homepage it would go up to 9w\~11w.)**
* **Using Apple Maps and starting the navigation would get peak 8w\~9w in 1\~2 sec.**
* **Recording Videos in 4K30 HDR would get around continuously 6W.**
* **Taking Screenshot(HDR) would get peak 7w\~ crazy 17w**

When the wattage consumption lines up with the phone heating up, you can pretty much tell which parts Apple still hasn’t optimized properly.

# And sadly, the “Reduce Transparency” option doesn’t help at all. “Reduce Transparency” makes it worse.

* **With Reduce Transparency = ON, most actions added \~+1W.**
* **Control Center can hit \~10–11W. Feels like a brute-force path under the hood.**

# Low Power Mode: what it actually does (I got almost DOUBLE of Screen On Time!)

* LPM **caps spikes** that normally hit **\~10–12W** down to **\~5–6W**.
* Most tasks = fine (slower response). **Screen recording** becomes **\~5–10 fps** under LPM — borderline unusable.
* Battery gains are obvious in mixed UI usage:
   * One day: **\~6h SOT with \~60% left**. And got 10h SOT from 100% to 18%.
   * Others: **100% → \~19–20%** with **\~5h46m–6h30m SOT**.

Low Power Mode shows the 17 Pro Max actually has the potential to last much longer. In fact, it almost doubles the screen-on time. That’s why I believe the 17 Pro Max could be way more efficient—it’s just being held back by the software.

[No Low Power Mode\(Left\), With Low Power Mode\(Right\)](https://preview.redd.it/6fr0ixzvjkrf1.png?width=3456&format=png&auto=webp&s=ecf9cdd0972878891e0b51cba16df24e13bd899c)

# Why many “battery tests” miss this

Looped video playback, single-app browsing, calls, or game benches **don’t stress the UI pipeline** (pull-downs, transitions, elasticity/bounce, Liquid Glass layers). That’s where I repeatedly see **\~7–11W**.

# Hypothesis (open to debate)

* Parts of **Liquid Glass/UI composition** in **iOS 26** are **more power-hungry** vs prior iOS, especially during **transitions & layered effects**.
* **17PM thermals** hide the throttling/lag that **15PM** exposed. So many reviews think battery is amazing, while the **underlying spikes** remain.

**I filed Feedback during beta; three months later this still reproduces on release.** If others can confirm, maybe this gets prioritized. Until then, **LPM** is the only reliable way I’ve found to **cap** those spikes.",iPhone17Pro,409,174,1758918698.0,https://www.reddit.com/r/iPhone17Pro/comments/1nrc5zi/iphone_17_pro_max_ios26_is_actually_crazy_battery/,iphone pro max ios actually crazy battery nightmare power consumption deep dive iphone pro max ios actually crazy battery nightmare power consumption deep dive posting previous phone pro max battery life rough especially ios developer beta onward upgraded beta beta rc official ios pretty clear sense bugs got fixed pm unfixed ones caused major heat drain interesting new pro max still reproduce exact bugs caused battery draining masked better thermals series experience pro max battery life first week okay considering brand new phone new battery new chip hands pro max feels basically brand new pro max launch day back screen time typically not meaningfully different fresh pm experience big variable pm launched ios pm ships ios believe pro efficient exactly suspect software regression share wall power meter numbers show low power mode dramatically improves things reinforcing ios release still behaves unlike polished final build real world ui paths tl dr pro max pro max ios official release ui interactions control notification center pull downs starting screen recording safari startup page loads etc repeatedly spike causing drain heat put simply constantly swiping control center drain much power playing full game phone low power mode lpm consistently caps spikes near improving practical battery life share real world results without lpm got sot pm lpm got sot still battery remaining sot pm take parts ios ui liquid glass power hungry pm thermals hide better vs pm video recorded exposing liquid glass ios eats phone battery video recorded exposing liquid glass ios eats phone battery iphone pro max ios crazy battery nightmare power consumption deep dive methodology simple comparable wall power meter charging capped nothing meter reads interactions show device draw not lab grade excellent comparing tasks not really super precise method checking wattage straight wall using power meter point charger topping battery anymore capping powering device directly anything phone point power meter would show wall get rough idea phone power draw use course numbers exact still useful comparing much power different tasks consume instance scrolling ig reels usually takes around taking photo spike sec even playing around spatial photos demanding staying around numbers heat feel phone roughly figure activities really power hungry example scrolling control center would get screen recording hdr format getting means idling started scrolling homepage would go using apple maps starting navigation would get peak sec recording videos hdr would get around continuously taking screenshot hdr would get peak crazy wattage consumption lines phone heating pretty much tell parts apple still optimized properly sadly reduce transparency option help reduce transparency makes worse reduce transparency actions added control center hit feels like brute force path hood low power mode actually got almost double screen time lpm caps spikes normally hit tasks fine slower response screen recording becomes fps lpm borderline unusable battery gains obvious mixed ui usage one day sot left got sot others sot low power mode shows pro max actually potential last much longer fact almost doubles screen time believe pro max could way efficient held back software no low power mode left low power mode right many battery tests miss looped video playback single app browsing calls game benches stress ui pipeline pull downs transitions elasticity bounce liquid glass layers repeatedly see hypothesis open debate parts liquid glass ui composition ios power hungry vs prior ios especially transitions layered effects pm thermals hide throttling lag pm exposed many reviews think battery amazing underlying spikes remain filed feedback beta three months later still reproduces release others confirm maybe gets prioritized lpm reliable way found cap spikes,positive,0.9012,fear,0.6659
1osr0wc,Damage to my iPhone 17 Pro so far,"Damage to my iPhone 17 Pro so far Damage to my iPhone 17 Pro so far On launch day I picked up an iPhone 17 Pro, Cosmic Orange with 1TB storage. It was put in a case the whole time but still after average use in a case it has gotten dinged and dented minorly. Have you had any similar experiences? I’d love to see pics",iPhone17Pro,132,315,1762713586.0,https://www.reddit.com/gallery/1osr0wc,damage iphone pro far damage iphone pro far launch day picked iphone pro cosmic orange tb storage put case whole time still average use case gotten dinged dented minorly similar experiences love see pics,negative,-0.296,sadness,0.309
1omsmah,iPhone 17 Pro Silver Appreciation,iPhone 17 Pro Silver Appreciation iPhone 17 Pro Silver Appreciation Im just in love with this design. Thats it 😁,iPhone17Pro,867,67,1762116925.0,https://i.redd.it/1i5t23cbqwyf1.jpeg,iphone pro silver appreciation iphone pro silver appreciation im love design thats,positive,0.8957,joy,0.484
1qa2fyn,Paid 2800 USD for this beautiful Blue iPhone 17 Pro 512GB. Will accept sympathies.,"Paid 2800 USD for this beautiful Blue iPhone 17 Pro 512GB. Will accept sympathies. Paid 2800 USD for this beautiful Blue iPhone 17 Pro 512GB. Will accept sympathies. Citizens of the world, please enjoy your (relatively) cheap iPhones around the globe. 

I live in Turkey and upgraded my 6 years old iPhone 11 Pro to the new iPhone 17 Pro (I liked all the colors - blue best, and I don't mind the aluminium. It is a bit top heavy though). The old phone was getting sluggish and heating up a lot. Battery was a big issue even though I replaced it once through Apple.

  
**Yes, the iPhone 17 Pro 512 GB retails for 2800 USD at Apple in Turkey** ( 2400 Euros, 2080 GBP), thanks to taxes. The cheapest option (iPhone 17 with 256 GB) costs 1800 USD here.

Buying from another country for cheap is also not an option, because you have to pay 1250 USD (!) on top to register *any* phone bought overseas to be able to use it in Turkey for more than 3 months(regardless of your carrier country). 3rd party e-sims are blocked here as well. We also do not have trade-ins from Apple here.

  
Samsung etc. other flagships also cost similar.

So as a Turkish citizen you don't have much of a choice if you want to upgrade your phone.

Having said that, the 17 pro is amazing and I like it a lot (cameras, screen, battery, performance) but I cannot say I am 2800 USD impressed :)

Might even return this beauty and try to use my iphone 11 pro for 6 more years :) but in the end I'll inevitably have to shell out this money.. So I might just keep this Blue beast and use 2 cases on top of each other to protect this investment :)

Just wanted to vent a bit. Have a great 2026 everybody!",iPhone17Pro,204,163,1768146026.0,https://i.redd.it/a5yzcczpkqcg1.png,paid usd beautiful blue iphone pro gb accept sympathies paid usd beautiful blue iphone pro gb accept sympathies citizens world please enjoy relatively cheap iphones around globe live turkey upgraded years old iphone pro new iphone pro liked colors blue best mind aluminium bit top heavy though old phone getting sluggish heating lot battery big issue even though replaced apple yes iphone pro gb retails usd apple turkey euros gbp thanks taxes cheapest option iphone gb costs usd buying another country cheap also not option pay usd top register phone bought overseas able use turkey months regardless carrier country rd party sims blocked well also not trade ins apple samsung etc flagships also cost similar turkish citizen much choice want upgrade phone said pro amazing like lot cameras screen battery performance cannot say usd impressed might even return beauty try use iphone pro years end inevitably shell money might keep blue beast use cases top protect investment wanted vent bit great everybody,positive,0.9937,surprise,0.4886
1pklviy,iPhone 17 Pro Max after almost 2 and half months of use without case and screen protector. How is your holding?,iPhone 17 Pro Max after almost 2 and half months of use without case and screen protector. How is your holding? iPhone 17 Pro Max after almost 2 and half months of use without case and screen protector. How is your holding? This phone is used without case or screen protector. I would say pretty good when it comes how it was described in the early days of release. Phone is on the MagSafe when on the desk and I think that helps.,iPhone17Pro,330,125,1765524235.0,https://www.reddit.com/gallery/1pklviy,iphone pro max almost half months use without case screen protector holding iphone pro max almost half months use without case screen protector holding phone used without case screen protector would say pretty good comes described early days release phone magsafe desk think helps,positive,0.8271,sadness,0.4946
1p6hwle,To everyone saying the iPhone 17 Pro isn't worth the upgrade: Explained in 5 photos.,"To everyone saying the iPhone 17 Pro isn't worth the upgrade: Explained in 5 photos. To everyone saying the iPhone 17 Pro isn't worth the upgrade: Explained in 5 photos. I kept hearing ""it's just a small update."" Then I tested the 8x zoom in the real world. If you're on the fence, look at the detail on slide 5 vs slide 1. Debate over.

0.5x -> 1x -> 2x -> 4x -> 8x",iPhone17Pro,432,108,1764090182.0,https://www.reddit.com/gallery/1p6hwle,everyone saying iphone pro worth upgrade explained photos everyone saying iphone pro worth upgrade explained photos kept hearing small update tested zoom real world fence look detail slide vs slide debate,positive,0.4215,surprise,0.6766
1o86bxj,Finally Got My iPhone 17 Pro Max After a Month of Waiting!,"Finally Got My iPhone 17 Pro Max After a Month of Waiting! Finally Got My iPhone 17 Pro Max After a Month of Waiting! After pre-ordering on September 12 and waiting an entire month, my iPhone 17 Pro Max has finally arrived!",iPhone17Pro,561,99,1760621742.0,https://i.redd.it/vmlctpwc8hvf1.jpeg,finally got iphone pro max month waiting finally got iphone pro max month waiting pre ordering september waiting entire month iphone pro max finally arrived,neutral,0.0,surprise,0.4817
1qd4dch,iPhone 17 Pro durability (vs. a movie theatre seat),"iPhone 17 Pro durability (vs. a movie theatre seat) iPhone 17 Pro durability (vs. a movie theatre seat) So this is my iPhone 17 Pro after it slipped off my lap and got wedged in the seat at the movie theatre. The seam at the bottom looked to be the weakest breakpoint, the chassis was a lot more bent than this but I tried to push it shut a bit. I think the softness of the aluminum really puts the screen and components at a higher risk of damage. I don't know scientifically for sure, but I swear my iPhone 15 Pro would have handled this significantly better. I think I remember this exact thing has happened to it before.

I'm put in an order for an express replacement unit through my Apple Care but it's been 4 days now and they still haven't shipped anything out. Definitely *not* going caseless with the replacement unit, that's for sure. Has anyone had an express replacement sent out for a 17 Pro yet?

Also I'm trying to access this phone. It seemed to have re-started - I'm trying to unlock it to push a backup. When I plug it into the Studio Display I actually get a feed, but I can't press any buttons. Does anyone know if I go into the store if a tech might be able to unlock the phone without a working screen?",iPhone17Pro,305,112,1768436480.0,https://www.reddit.com/gallery/1qd4dch,iphone pro durability vs movie theatre seat iphone pro durability vs movie theatre seat iphone pro slipped lap got wedged seat movie theatre seam bottom looked weakest breakpoint chassis lot bent tried push shut bit think softness aluminum really puts screen components higher risk damage know scientifically sure swear iphone pro would handled significantly better think remember exact thing happened put order express replacement unit apple care days still shipped anything definitely not going caseless replacement unit sure anyone express replacement sent pro yet also trying access phone seemed started trying unlock push backup plug studio display actually get feed press buttons anyone know go store tech might able unlock phone without working screen,positive,0.5574,surprise,0.5486
1np5nvc,iFixit has confirmed the scratching issue on the iPhone 17 Pro,"iFixit has confirmed the scratching issue on the iPhone 17 Pro iFixit has confirmed the scratching issue on the iPhone 17 Pro After a closer inspection, iFixit concluded that the device is indeed more prone to scratches. The issue seems to be tied to specific aspects of the anodization process, with the coating not adhering as evenly as it should in certain areas.

The edge of the camera housing, in particular, is very sensitive to scratches—a simple scrape from a coin can chip the finish.

The best way to avoid scratches is to put a case back on your iPhone, even though I know a lot of people don’t like using one

Source: https://www.youtube.com/watch?v=sUn0_GdGDk4",iPhone17Pro,264,193,1758698029.0,https://i.redd.it/6n4uyfo6c2rf1.jpeg,ifixit confirmed scratching issue iphone pro ifixit confirmed scratching issue iphone pro closer inspection ifixit concluded device indeed prone scratches issue seems tied specific aspects anodization process coating not adhering evenly certain areas edge camera housing particular sensitive scratches simple scrape coin chip finish best way avoid scratches put case back iphone even though know lot people like using one source,positive,0.5699,neutral,0.3213
1rgl66j,All my iPhone 17 pro max cases,All my iPhone 17 pro max cases All my iPhone 17 pro max cases These are all my cases so far .,iPhone17Pro,156,128,1772231622.0,https://www.reddit.com/gallery/1rgl66j,iphone pro max cases iphone pro max cases cases far,neutral,0.0,neutral,0.853
1nqs2xl,I have an iPhone 17 Pro Max but…,"I have an iPhone 17 Pro Max but… I have an iPhone 17 Pro Max but… I picked up an iPhone 17 Pro Max on launch day and I absolutely love it. Not a single complaint.

BUT, I also really want to buy an iPhone Air as a second phone to bounce back and forth between. From a creative perspective: I can use it for filming which I do on a regular basis and having a secondary angle would be helpful. 

From a personal perspective: I’ve never been so enamored with the idea of having a technically less than phone, but just want it because of its aesthetics. 

But more than anything else: It’s the first Apple product in a long time that makes me want it for literally no other reason other than it’s new, and pretty. And it just has that intangible apple “thing”.

Someone else has to feel this way or I’m just a maniac.",iPhone17Pro,313,160,1758861056.0,https://i.redd.it/6sm24m1ysfrf1.jpeg,iphone pro max iphone pro max picked iphone pro max launch day absolutely love not single complaint also really want buy iphone air second phone bounce back forth creative perspective use filming regular basis secondary angle would helpful personal perspective never enamored idea technically less phone want aesthetics anything else first apple product long time makes want literally no reason new pretty intangible apple thing someone else feel way maniac,positive,0.8978,anger,0.9059
1pc10qp,Finally got my Iphone 17 promax,Finally got my Iphone 17 promax Finally got my Iphone 17 promax,iPhone17Pro,632,61,1764655792.0,https://i.redd.it/i9n3am9jfq4g1.jpeg,finally got iphone promax finally got iphone promax,neutral,0.0,surprise,0.4602
1o2cs0e,iPhone 17 Pro Max camera is awesome,iPhone 17 Pro Max camera is awesome iPhone 17 Pro Max camera is awesome I’ve been using iPhone 17 Pro Max for a week a these are some of the images. 8x zoom is just great,iPhone17Pro,741,61,1760032190.0,https://www.reddit.com/gallery/1o2cs0e,iphone pro max camera awesome iphone pro max camera awesome using iphone pro max week images zoom great,positive,0.9231,joy,0.6474
1o8wxn9,Why are so few iPhone 17 Pro cases that actually protect the camera plateau?,Why are so few iPhone 17 Pro cases that actually protect the camera plateau? Why are so few iPhone 17 Pro cases that actually protect the camera plateau? What are you guys using that actually protects that area?,iPhone17Pro,176,186,1760694146.0,https://i.redd.it/baf4gkpn7nvf1.jpeg,iphone pro cases actually protect camera plateau iphone pro cases actually protect camera plateau guys using actually protects area,positive,0.7579,neutral,0.9344
1nqd34l,"Unpopular opinion, but I’m honestly impressed with the new iPhone 17 Pro and iOS 26 with Liquid Glass","Unpopular opinion, but I’m honestly impressed with the new iPhone 17 Pro and iOS 26 with Liquid Glass Unpopular opinion, but I’m honestly impressed with the new iPhone 17 Pro and iOS 26 with Liquid Glass I love the shape of the phone it feels sturdier, sits well in the hand, and the top part with the camera also looks great. The software is full of dynamic elements that are polished down to the smallest detail. Sure, it’s not without issues, but they’ll refine those in future updates. For now, it already has elements that make the system feel alive and engaging.

It just seems to me that people find it easier to hate something new than to notice what’s beautiful about it.",iPhone17Pro,464,98,1758821535.0,https://www.reddit.com/gallery/1nqd34l,unpopular opinion honestly impressed new iphone pro ios liquid glass unpopular opinion honestly impressed new iphone pro ios liquid glass love shape phone feels sturdier sits well hand top part camera also looks great software full dynamic elements polished smallest detail sure not without issues refine future updates already elements make system feel alive engaging seems people find easier hate something new notice beautiful,positive,0.9895,surprise,0.9048
1oh573r,My new iPhone 17 Pro Max casing!,My new iPhone 17 Pro Max casing! My new iPhone 17 Pro Max casing! Brand is OTOFLY,iPhone17Pro,154,184,1761538937.0,https://www.reddit.com/gallery/1oh573r,new iphone pro max casing new iphone pro max casing brand otofly,positive,0.0,neutral,0.7166
1ook0ii,Got a (almost) FREE iPhone 17 upgrade,"Got a (almost) FREE iPhone 17 upgrade Got a (almost) FREE iPhone 17 upgrade I paid for extra care on my iPhone16pro dropped it at gym, cracking both front and back.

Went to the store to get it fixed and apparently they can’t fix the back glass (?) which I didn’t care as I only wanted my front screen fixed. Then they said they couldn’t fix my front screen because my back glass was cracked too?

Called support, spend 1h47 on the phone with a employer that kept going in circles and didn’t solve anything.

So I basically paid extra care for nothing? HA
Called the top people and said I was filling a complaint, and shaming their name to my mates as no one told me this when I bought the 16PRO, otherwise I wouldn’t pay the extra cover.

The store told me they were happy to replace my 16PRO paying the small protect and upgrade fee, BUT they don’t make 16s anymore!

So they wanted me to pay the price difference from 16-17, and I was not happy with that. Its not my fault they cant fix my phone neither my fault they stopped doing the 16s, so I said I was still filing a complaint.

So the support team spoke with store manager, and they matched the price of the 17PRO to the 16PRO, and I only paid the cover fee (99$) for everything.

Bit of a headache as I spent over 2+ hours on phone/ 1+ hour at the store going back and forth with them, but oh well at least I got a new phone for basically free 🤷‍♂️",iPhone17Pro,556,70,1762292029.0,https://www.reddit.com/gallery/1ook0ii,got almost free iphone upgrade got almost free iphone upgrade paid extra care iphone pro dropped gym cracking front back went store get fixed apparently fix back glass care wanted front screen fixed said fix front screen back glass cracked called support spend phone employer kept going circles solve anything basically paid extra care nothing ha called top people said filling complaint shaming name mates no one told bought pro otherwise pay extra cover store told happy replace pro paying small protect upgrade fee make anymore wanted pay price difference not happy not fault cant fix phone neither fault stopped said still filing complaint support team spoke store manager matched price pro pro paid cover fee everything bit headache spent hours phone hour store going back forth oh well least got new phone basically free,positive,0.9701,sadness,0.5438
1omf6hv,Rate my iPhone 17 Pro Max cases,"Rate my iPhone 17 Pro Max cases Rate my iPhone 17 Pro Max cases I have multiple cases for my iPhone 17 pro Max. They are the following:
- Apple Clear Case
- Spigen Ultra Hybrid T (clear)
- Spigen Tough Armour
- Mous Limitless 7.0 in Black Leather

I can return the Mous case, but I did pick it up as a used, like-new case from Amazon for £55, which is approximately £15 cheaper than the normal price on Amazon, which is actually inflated compared to the Mous website. However, I didn’t want to deal with the customer service if a situation that required it arose. 

Which case do you think looks the nicest and offers the best protection? Should I return the Mous case?

Photographs of each case on my phone are attached.",iPhone17Pro,195,154,1762083861.0,https://www.reddit.com/gallery/1omf6hv,rate iphone pro max cases rate iphone pro max cases multiple cases iphone pro max following apple clear case spigen ultra hybrid clear spigen tough armour mous limitless black leather return mous case pick used like new case amazon approximately cheaper normal price amazon actually inflated compared mous website however want deal customer service situation required arose case think looks nicest offers best protection return mous case photographs case phone attached,positive,0.946,neutral,0.5638
1q8hv0m,"Goodbye iPhone 11, Hello iPhone 17 Pro","Goodbye iPhone 11, Hello iPhone 17 Pro Goodbye iPhone 11, Hello iPhone 17 Pro",iPhone17Pro,645,42,1767987147.0,https://i.redd.it/g24httuhldcg1.jpeg,goodbye iphone hello iphone pro goodbye iphone hello iphone pro,neutral,0.0,neutral,0.4852
1oozbas,The iPhone 17 Pro’s zoom capability is incredibly impressive,The iPhone 17 Pro’s zoom capability is incredibly impressive The iPhone 17 Pro’s zoom capability is incredibly impressive,iPhone17Pro,580,63,1762338434.0,https://v.redd.it/9qczlo4z0fzf1,iphone pro zoom capability incredibly impressive iphone pro zoom capability incredibly impressive,positive,0.8012,surprise,0.7362
1ngvhn0,Got iPhone 17 pro max on marketplace — is it genuine?,"Got iPhone 17 pro max on marketplace — is it genuine? Got iPhone 17 pro max on marketplace — is it genuine? Seller said it was a gift from his wife’s boyfriend, but he’s waiting for the black version to come out instead. 2 TB version for 3700$ AUD, 100$ less than retail and brand new.

I’m just wondering whether it’s genuine or not as there isn’t a lightning or USB-C port, but a HDMI port on the bottom.

The new vapour chamber also seems to be accessible via the back but there is no vapour. Do I have to add it myself?",iPhone17Pro,806,52,1757866738.0,https://i.redd.it/581llvpbo5pf1.jpeg,got iphone pro max marketplace genuine got iphone pro max marketplace genuine seller said gift wife boyfriend waiting black version come instead tb version aud less retail brand new wondering whether genuine not lightning usb port hdmi port bottom new vapour chamber also seems accessible via back no vapour add,positive,0.1779,surprise,0.7794
1q2qfv2,Anyone else getting micro-scratches on iPhone 17 Pro camera lens?,"Anyone else getting micro-scratches on iPhone 17 Pro camera lens? Anyone else getting micro-scratches on iPhone 17 Pro camera lens? I switched from an iPhone 12 Pro Max to an iPhone 17 Pro Max. I went 5 years without getting any scratches on my camera lens, and now in just a couple of months I’ve noticed these micro-scratches on the main camera lens cover (top-left).

They're only visible at certain angles/lighting and so far they don't seem to affect my photos or videos, but still...they're annoying as heck given how new the phone is.

Curious to hear everyone's thoughts:

* Has anyone else dealt with this?
* Has this become more common on the recent pro models compare to older iPhones?
* Do these types of micro-scratches ever start affecting image quality? Reading through this article: [https://discussions.apple.com/thread/256014539?sortBy=rank](https://discussions.apple.com/thread/256014539?sortBy=rank), it seems to suggest it likely won't
* I have apple care, do you think they would cover this type of cosmetic / camera-glass damage?

I haven't dropped my phone yet and my usage hasn't really differ from when I had the iPhone 12 Pro Max so I can't seem to reconcile where these scratches are coming from.

EDIT:

Appreciate all the replies. Sounds like at least a couple of people have experienced something similar. One person mentioned an Oura Ring as the culprit. If you’ve had this happen, I’d love to see pics and hear what you think caused it.

Quick clarifications since a lot of comments are landing on “user error / dirty pockets” (fair, scratches don’t appear out of thin air):

* I’m not saying I didn’t cause it. I’m just surprised because my 12 Pro Max went 5 years with basically the same day-to-day habits and never got lens scratches (pics added below for comparison).
* These marks are super angle/lighting dependent. Flat/straight-on it looks flawless, but tilted under light they show up. That’s why I’m wondering if it’s more like surface/coating scuffs vs a deep scratch.

Also curious if anyone has had AppleCare cover camera glass / lens cover damage like this.

More images here: [https://imgur.com/a/QmFDheN](https://imgur.com/a/QmFDheN)",iPhone17Pro,79,153,1767432644.0,https://www.reddit.com/gallery/1q2qfv2,anyone else getting micro scratches iphone pro camera lens anyone else getting micro scratches iphone pro camera lens switched iphone pro max iphone pro max went years without getting scratches camera lens couple months noticed micro scratches main camera lens cover top left visible certain angles lighting far seem affect photos videos still annoying heck given new phone curious hear everyone thoughts anyone else dealt become common recent pro models compare older iphones types micro scratches ever start affecting image quality reading article seems suggest likely apple care think would cover type cosmetic camera glass damage dropped phone yet usage really differ iphone pro max seem reconcile scratches coming edit appreciate replies sounds like least couple people experienced something similar one person mentioned oura ring culprit happen love see pics hear think caused quick clarifications since lot comments landing user error dirty pockets fair scratches appear thin air not saying cause surprised pro max went years basically day day habits never got lens scratches pics added comparison marks super angle lighting dependent flat straight looks flawless tilted light show wondering like surface coating scuffs vs deep scratch also curious anyone applecare cover camera glass lens cover damage like images,positive,0.9592,surprise,0.9327
1qr8ngi,iPhone 17 pro max orange with this case 🔥,"iPhone 17 pro max orange with this case 🔥 iPhone 17 pro max orange with this case 🔥 Been rocking the Synthesis since I got my iPhone 17 Pro Max, and don’t get me wrong—it’s top tier. But after a while I wanted something different, so I grabbed the Sheath.

Got it today and yeah… this thing is fire. Black case with the cosmic orange phone and ember buttons goes insanely hard. Super clean, super premium.

Synthesis is still on another level, zero complaints—but the Sheath just hits different. That extra bit of love with the little orange accents popping through the black? Chef’s kiss 🔥",iPhone17Pro,260,77,1769787159.0,https://www.reddit.com/gallery/1qr8ngi,iphone pro max orange case iphone pro max orange case rocking synthesis since got iphone pro max get wrong top tier wanted something different grabbed sheath got today yeah thing fire black case cosmic orange phone ember buttons goes insanely hard super clean super premium synthesis still another level zero complaints sheath hits different extra bit love little orange accents popping black chef kiss,positive,0.9169,neutral,0.4726
1nl677a,End of an era for me… XS to iPhone 17 Pro,End of an era for me… XS to iPhone 17 Pro End of an era for me… XS to iPhone 17 Pro,iPhone17Pro,541,74,1758294666.0,https://i.redd.it/k2rtzu1s05qf1.jpeg,end era xs iphone pro end era xs iphone pro,neutral,0.0,neutral,0.6611
1noyzz3,iPhone 17 PM to 17 Pro,"iPhone 17 PM to 17 Pro iPhone 17 PM to 17 Pro I had been using the 15 PM the past 2 years and decided to pre order the 17 PM due to the overheating and battery issues of the 15. I’ve been using the 17 PM since release day and it’s been an absolute brick, especially with 1 handed use. 

I was reluctant to give up the battery life, but today I went back to Apple and swapped it out for a 17 Pro. I haven’t had a chance to test the battery life of the 17 Pro but it’s much comfier to use and handle compared to the 17 PM.",iPhone17Pro,331,108,1758676198.0,https://i.redd.it/ecgb1cg9j0rf1.jpeg,iphone pm pro iphone pm pro using pm past years decided pre order pm due overheating battery issues using pm since release day absolute brick especially handed use reluctant give battery life today went back apple swapped pro chance test battery life pro much comfier use handle compared pm,neutral,-0.0679,fear,0.7953
1ouztkt,Did you guys agree that’s the best iphone 17 Pro max color ?,Did you guys agree that’s the best iphone 17 Pro max color ? Did you guys agree that’s the best iphone 17 Pro max color ? I love my cosmic orange 17 PM 🔥,iPhone17Pro,113,159,1762936236.0,https://www.reddit.com/gallery/1ouztkt,guys agree best iphone pro max color guys agree best iphone pro max color love cosmic orange pm,positive,0.9559,neutral,0.5764
1regjp5,iPhone 17 Line Up!,iPhone 17 Line Up! iPhone 17 Line Up! Can’t go wrong with either one!,iPhone17Pro,339,51,1772033902.0,https://i.redd.it/ddtqfyejunlg1.jpeg,iphone line iphone line go wrong either one,negative,-0.4767,sadness,0.5295
1nhfruu,Someone already got iPhone 17 Pro 👀,Someone already got iPhone 17 Pro 👀 Someone already got iPhone 17 Pro 👀,iPhone17Pro,268,119,1757922862.0,https://i.redd.it/y8f0foo7bapf1.jpeg,someone already got iphone pro someone already got iphone pro,neutral,0.0,neutral,0.6957
1pqzq3f,My new iPhone 17 pro .. The blue is pretty dope. 🌊,My new iPhone 17 pro .. The blue is pretty dope. 🌊 My new iPhone 17 pro .. The blue is pretty dope. 🌊 Rocking the Zagg Rainier rugged case .,iPhone17Pro,85,131,1766187736.0,https://i.redd.it/ugzluitvy88g1.jpeg,new iphone pro blue pretty dope new iphone pro blue pretty dope rocking zagg rainier rugged case,positive,0.7506,neutral,0.5254
1nkom48,iPhone 17 Pro Max Delivered Date Delayed (Sept 19 -> Oct 10-17),"iPhone 17 Pro Max Delivered Date Delayed (Sept 19 -> Oct 10-17) iPhone 17 Pro Max Delivered Date Delayed (Sept 19 -> Oct 10-17) Title says it all. Supposed to get it on launch day.

Its an iPhone 17 pro max deep blue 1tb

Apple support wasnt helpful either.

Im fuming right now.

Is this the Apple I know…",iPhone17Pro,102,172,1758240377.0,https://i.redd.it/712z13kcj0qf1.jpeg,iphone pro max delivered date delayed sept oct iphone pro max delivered date delayed sept oct title says supposed get launch day iphone pro max deep blue tb apple support wasnt helpful either im fuming right apple know,negative,-0.7296,anger,0.9922
1nl66ap,iPhone 17 Pro Max Secured!,iPhone 17 Pro Max Secured! iPhone 17 Pro Max Secured!,iPhone17Pro,275,102,1758294611.0,https://i.redd.it/9gdafa4m05qf1.jpeg,iphone pro max secured iphone pro max secured,positive,0.6597,neutral,0.8392
1otwr9p,iPhone 17 Pro Max Regrets?,"iPhone 17 Pro Max Regrets? iPhone 17 Pro Max Regrets? Give that the iPhone 17 Pro Max is wider, taller, thicker and heavier I am wondering if any Pro Max users have yet grown tired of it and wishing they have went with the Pro instead this year.",iPhone17Pro,29,181,1762825560.0,https://www.reddit.com/r/iPhone17Pro/comments/1otwr9p/iphone_17_pro_max_regrets/,iphone pro max regrets iphone pro max regrets give iphone pro max wider taller thicker heavier wondering pro max users yet grown tired wishing went pro instead year,negative,-0.7184,sadness,0.9649
1oikrx5,Update on screen bulging out in iPhone 17 Pro(s),"Update on screen bulging out in iPhone 17 Pro(s) Update on screen bulging out in iPhone 17 Pro(s) Hey, yesterday I posted a picture of my iPhone 17 Pro asking whether the screen had been incorrectly assembled because of a visible gap to the left of the speaker grill at the top of the phone.

Today, I visited several retail shops to see if this issue was unique to my device or if it was more widespread.

To my surprise, 3 out of 4 Pro models and 1 out of 4 Pro Max models had the same issue—the screen bulged out to the right and/or left of the speaker grill, which allowed dirt to accumulate in the space, and you could even slide a piece of paper into it.

Please see the attached pictures, where I've marked the area I’m referring to.

Many people have commented on my post saying they've noticed this issue as well. It seems to be a common problem, and I’m not sure how to proceed. If most demo units in stores have this problem (some worse than others), I’m unsure if exchanging my device would help, or if it’s a design flaw.

Let me know your thoughts and whether you’ve noticed this issue on your own phone.",iPhone17Pro,158,120,1761683965.0,https://www.reddit.com/gallery/1oikrx5,update screen bulging iphone pro update screen bulging iphone pro hey yesterday posted picture iphone pro asking whether screen incorrectly assembled visible gap left speaker grill top phone today visited several retail shops see issue unique device widespread surprise pro models pro max models issue screen bulged right left speaker grill allowed dirt accumulate space could even slide piece paper please see attached pictures marked area referring many people commented post saying noticed issue well seems common problem not sure proceed demo units stores problem worse others unsure exchanging device would help design flaw let know thoughts whether noticed issue phone,negative,-0.5943,fear,0.4802
1onvv31,"If the iPhone 17 Pro comes in these colors, which one would you choose?","If the iPhone 17 Pro comes in these colors, which one would you choose? If the iPhone 17 Pro comes in these colors, which one would you choose?",iPhone17Pro,52,166,1762223672.0,https://i.redd.it/8107rg7qj5zf1.jpeg,iphone pro comes colors one would choose iphone pro comes colors one would choose,neutral,0.0,neutral,0.8852
1qysr7s,My IPhone 11 finally ran out of space. Hopefully this 17 pro max 2tb lasts for years.,My IPhone 11 finally ran out of space. Hopefully this 17 pro max 2tb lasts for years. My IPhone 11 finally ran out of space. Hopefully this 17 pro max 2tb lasts for years. Otterbox defender case and Zagg privacy screen protector. Same as my 11,iPhone17Pro,115,88,1770506593.0,https://www.reddit.com/gallery/1qysr7s,iphone finally ran space hopefully pro max tb lasts years iphone finally ran space hopefully pro max tb lasts years otterbox defender case zagg privacy screen protector,positive,0.7003,neutral,0.5602
1nr0yk7,iPhone 17 Pro Max after 8 days,"iPhone 17 Pro Max after 8 days iPhone 17 Pro Max after 8 days 1st let’s address durability. I’ve not drop my phone so I don’t speak for experience but for what I’ve seen is that people is surprise that the aluminum is chippe. Ofc it does, aside from cosmetic damage the phone will perform as intended. I feel the same filosofo that I use for (pew-pews) and cars if I drop it of scuff it and it still works, it’s 100% worth the money. You’re afraid of re sell value? Put a case on it. Stop crying if you drop your phone that you’re willingly keeping without a case. 

2nd THE CAMERA is SOOOO GOOOOD I went to a local rooftop bar here in my home town, when I tell you my 15pro max never took night sky pictures like this with out tweaking the setting and getting insanely hot. I’m so impress with the center stage camera that works with WhatsApp, Teams and FaceTime. How crisp and ugly makes me look, I love it. No complains 

3rd THE BATTERY IS GODLIKE. I’ve had to charge my phone only 4 times this whole week. The power saving mode when the phone is in standby is crazy. You can go to bed without plug your phone in and it will be at worst 1% to 2% less battery but I have t experience a drop in battery if I don’t plug my phone in over night (I have to also disclaim that I use the sleep time mode that silence all of my notifications only some that I allow to ring) 

4th THE ALARM, may e this is user error but my alarm didn’t went off the 2nd day I had my new phone and end up not terrible late to my job (which is time sensitive) maybe the system volume wasn’t loud enough but cmon. 

5th anti reflective coating. This was one of my biggest interest but I was very disappointed to see that is not nearly as good as Samsung AR coating. I end up putting a ESR AR SP to see if that makes it a bit better. I don’t know if it did but I wish the AR coating would be better in 3 years when I update my new phone again. 

Conclusion, regardless from what iPhone you come from the IP17 pro is an amazing upgrade that is worth the money, even if you come from last year iPhone. If you’re not convince I feel that the battery and the front facing camera are reason enough to upgrade.",iPhone17Pro,212,115,1758892228.0,https://www.reddit.com/gallery/1nr0yk7,iphone pro max days iphone pro max days st let address durability not drop phone speak experience seen people surprise aluminum chippe ofc aside cosmetic damage phone perform intended feel filosofo use pew pews cars drop scuff still works worth money afraid sell value put case stop crying drop phone willingly keeping without case nd camera soo good went local rooftop bar home town tell pro max never took night sky pictures like tweaking setting getting insanely hot impress center stage camera works whatsapp teams facetime crisp ugly makes look love no complains rd battery godlike charge phone times whole week power saving mode phone standby crazy go bed without plug phone worst less battery experience drop battery plug phone night also disclaim use sleep time mode silence notifications allow ring th alarm may user error alarm went nd day new phone end not terrible late job time sensitive maybe system volume loud enough cmon th anti reflective coating one biggest interest disappointed see not nearly good samsung ar coating end putting esr ar sp see makes bit better know wish ar coating would better years update new phone conclusion regardless iphone come ip pro amazing upgrade worth money even come last year iphone not convince feel battery front facing camera reason enough upgrade,positive,0.8901,surprise,0.647
1qi6hlj,Dropped my iPhone 17 Pro for the first time today 😖 it’s tougher than I thought!,"Dropped my iPhone 17 Pro for the first time today 😖 it’s tougher than I thought! Dropped my iPhone 17 Pro for the first time today 😖 it’s tougher than I thought! Just wanted to share a quick win. I accidentally dropped my iPhone 17 Pro today while changing, I totally forgot it was in my jeans pocket and it took a fall from waist-height onto the floor.

After seeing so many posts about how fragile these phones are, I was terrified to pick it up. Luckily, it survived without a scratch! I’m using a pretty cheap, non-premium case, and there isn't even a mark on the case or the camera bump (which is what it landed on).

I know bad luck/bad angles can break any device, but I’m happy to report it’s not as delicate as some people make it out to be. Today was not the day!",iPhone17Pro,241,65,1768928140.0,https://www.reddit.com/gallery/1qi6hlj,dropped iphone pro first time today tougher thought dropped iphone pro first time today tougher thought wanted share quick win accidentally dropped iphone pro today changing totally forgot jeans pocket took fall waist height onto floor seeing many posts fragile phones terrified pick luckily survived without scratch using pretty cheap non premium case even mark case camera bump landed know bad luck bad angles break device happy report not delicate people make today not day,positive,0.673,fear,0.9465
1oqink6,Would you like the iPhone 17 Pro if it were this color?,Would you like the iPhone 17 Pro if it were this color? Would you like the iPhone 17 Pro if it were this color?,iPhone17Pro,324,70,1762482797.0,https://i.redd.it/mctfouo8yqzf1.jpeg,would like iphone pro color would like iphone pro color,positive,0.6124,neutral,0.555
1q49ii1,Finally upgraded! Pigeon Post to iPhone 17 Pro Max.,Finally upgraded! Pigeon Post to iPhone 17 Pro Max. Finally upgraded! Pigeon Post to iPhone 17 Pro Max.,iPhone17Pro,759,19,1767580446.0,https://i.redd.it/317b38t50gbg1.jpeg,finally upgraded pigeon post iphone pro max finally upgraded pigeon post iphone pro max,neutral,0.0,surprise,0.3851
1pe6xtr,iPhone 17 Pro Max after 2 weeks,"iPhone 17 Pro Max after 2 weeks iPhone 17 Pro Max after 2 weeks iPhone 17 Pro Max review after 2 weeks of use:

I've been using my new iPhone for about 2 weeks and I have to say it's impressing me, I went from an iPhone 13 128gb to a 17 pro max 1TB and it was a breakthrough, for the first time I try the 120hz on a phone and they are fluid also the battery is extremely durable, I charge it 1 time every 3 days and I do an intensive use of 5/6 hours a day, also the cameras have a crazy quality and the videos are wonderful, as an upgrade I recommend it, let me know what you think",iPhone17Pro,239,76,1764871250.0,https://i.redd.it/zak4jb4c885g1.jpeg,iphone pro max weeks iphone pro max weeks iphone pro max review weeks use using new iphone weeks say impressing went iphone gb pro max tb breakthrough first time try hz phone fluid also battery extremely durable charge time every days intensive use hours day also cameras crazy quality videos wonderful upgrade recommend let know think,positive,0.8074,joy,0.5231
1qg6iyz,"iPhone 17 Pro vs iPhone Air design -- What do you prefer more? Rugged, industrial design or sleek beauty?","iPhone 17 Pro vs iPhone Air design -- What do you prefer more? Rugged, industrial design or sleek beauty? iPhone 17 Pro vs iPhone Air design -- What do you prefer more? Rugged, industrial design or sleek beauty?",iPhone17Pro,141,82,1768736556.0,https://www.reddit.com/gallery/1qg6iyz,iphone pro vs iphone air design prefer rugged industrial design sleek beauty iphone pro vs iphone air design prefer rugged industrial design sleek beauty,positive,0.8225,neutral,0.4894
1phxbb3,iPhone 17 Pro Max owners: what do you wish you knew before buying it?,"iPhone 17 Pro Max owners: what do you wish you knew before buying it? iPhone 17 Pro Max owners: what do you wish you knew before buying it? My iPhone 17 Pro Max in Cosmic Orange got here last week and sadly I haven’t even had a chance to open it yet.

Before I finally crack it open, I wanted to hear from the folks who’ve had more time with it:

• What’s something you wish you knew before you bought yours?
• What’s become your favorite thing so far?
• What would you tell someone who’s still on the fence?

Or settings to change, features Apple didn’t highlight, surprises (good or bad); anything you’ve learned from actual everyday use.

I’m filming my unboxing and early impressions this week, and I’d love to include a few real world tips from people who’ve been using it longer than me.

Appreciate any advice you’re willing to share!",iPhone17Pro,37,136,1765251315.0,https://www.reddit.com/r/iPhone17Pro/comments/1phxbb3/iphone_17_pro_max_owners_what_do_you_wish_you/,iphone pro max owners wish knew buying iphone pro max owners wish knew buying iphone pro max cosmic orange got last week sadly even chance open yet finally crack open wanted hear folks time something wish knew bought become favorite thing far would tell someone still fence settings change features apple highlight surprises good bad anything learned actual everyday use filming unboxing early impressions week love include real world tips people using longer appreciate advice willing share,positive,0.9682,sadness,0.768
1pi1wvh,iPhone 16 Pro Max to 17 Pro Max,"iPhone 16 Pro Max to 17 Pro Max iPhone 16 Pro Max to 17 Pro Max I had the base iPhone 17 for a little but i wasn’t satisfied with the battery life, screen size, and it performed slower running beta updates amongst other things. The 17 PM on the other hand is as beautiful and I’m loving this color (Cosmic Orange) 
Although I will miss Titanium, especially Natural Titanium.",iPhone17Pro,190,81,1765267351.0,https://www.reddit.com/gallery/1pi1wvh,iphone pro max pro max iphone pro max pro max base iphone little satisfied battery life screen size performed slower running beta updates amongst things pm hand beautiful loving color cosmic orange although miss titanium especially natural titanium,positive,0.9403,joy,0.8758
1roqqxs,Upgraded yesterday from 128GB iPhone 11 to 512GB iPhone 17 Pro Max and despite the large screen I couldn't be any happier!,Upgraded yesterday from 128GB iPhone 11 to 512GB iPhone 17 Pro Max and despite the large screen I couldn't be any happier! Upgraded yesterday from 128GB iPhone 11 to 512GB iPhone 17 Pro Max and despite the large screen I couldn't be any happier! You can obviously tell which one is the 17 Pro Max,iPhone17Pro,320,34,1773031097.0,https://www.reddit.com/gallery/1roqqxs,upgraded yesterday gb iphone gb iphone pro max despite large screen happier upgraded yesterday gb iphone gb iphone pro max despite large screen happier obviously tell one pro max,negative,-0.6759,sadness,0.4536
1r9jvqg,Case recommendations for iPhone 17 Pro in Cosmic Orange? Looking for the absolute slimmest option.,"Case recommendations for iPhone 17 Pro in Cosmic Orange? Looking for the absolute slimmest option. Case recommendations for iPhone 17 Pro in Cosmic Orange? Looking for the absolute slimmest option. I’ve always been a ""naked phone"" purist and have never used a case on any of my previous iPhones. However, I want to keep this Cosmic Orange 17 Pro mint without losing that sleek in-hand feel.

​What’s the slimmest case currently available that won’t ruin the aesthetic?

​Must be ultra-thin (think ""skin"" style).

​Ideally shows off the color (clear or matching).

​Minimalist branding.

​Any suggestions from fellow thin-case enthusiasts?",iPhone17Pro,50,88,1771556465.0,https://www.reddit.com/gallery/1r9jvqg,case recommendations iphone pro cosmic orange looking absolute slimmest option case recommendations iphone pro cosmic orange looking absolute slimmest option always naked phone purist never used case previous iphones however want keep cosmic orange pro mint without losing sleek hand feel slimmest case currently available ruin aesthetic must ultra thin think skin style ideally shows color clear matching minimalist branding suggestions fellow thin case enthusiasts,positive,0.4322,sadness,0.3574
1npwdan,iPhone 17 Pro as best decision you ever made…,"iPhone 17 Pro as best decision you ever made… iPhone 17 Pro as best decision you ever made… iPhone17 Pro owners, how does it change your life? I really want to know what does it do for you that your older phone didn’t do?",iPhone17Pro,146,121,1758770901.0,https://i.redd.it/7lnqzbbvc8rf1.jpeg,iphone pro best decision ever made iphone pro best decision ever made iphone pro owners change life really want know older phone,positive,0.8748,neutral,0.3943
1od87yz,iPhone 17 Pro Max and snaps from Lisbon,iPhone 17 Pro Max and snaps from Lisbon iPhone 17 Pro Max and snaps from Lisbon,iPhone17Pro,592,36,1761139539.0,https://www.reddit.com/gallery/1od87yz,iphone pro max snaps lisbon iphone pro max snaps lisbon,neutral,0.0,neutral,0.8357
1o20baw,Anyone else feel the iPhone 17 Pro is heavier than expected?,Anyone else feel the iPhone 17 Pro is heavier than expected? Anyone else feel the iPhone 17 Pro is heavier than expected?,iPhone17Pro,94,130,1759997717.0,https://i.redd.it/9fkipomso1uf1.jpeg,anyone else feel iphone pro heavier expected anyone else feel iphone pro heavier expected,neutral,0.0,surprise,0.6065
1odo8ke,Just pre-ordered the iPhone 17 Pro Max in orange… now I’m not sure if I made the right choice 😅,"Just pre-ordered the iPhone 17 Pro Max in orange… now I’m not sure if I made the right choice 😅 Just pre-ordered the iPhone 17 Pro Max in orange… now I’m not sure if I made the right choice 😅 So I just pre-ordered the iPhone 17 Pro Max in the new orange color.
At first, I thought it looked amazing, but now I’m kinda doubting my decision.
Has anyone seen it in person or already got it?
Does it actually look good or is it too bright/orange in real life?
Would love to hear some real opinions before I pick it up. 🙏",iPhone17Pro,25,158,1761176543.0,https://www.reddit.com/r/iPhone17Pro/comments/1odo8ke/just_preordered_the_iphone_17_pro_max_in_orange/,pre ordered iphone pro max orange not sure made right choice pre ordered iphone pro max orange not sure made right choice pre ordered iphone pro max new orange color first thought looked amazing kinda doubting decision anyone seen person already got actually look good bright orange real life would love hear real opinions pick,positive,0.868,surprise,0.9142
1q0a1a8,My iPhone 17 Pro Max nightmare after switching from Samsung S23 Ultra,My iPhone 17 Pro Max nightmare after switching from Samsung S23 Ultra My iPhone 17 Pro Max nightmare after switching from Samsung S23 Ultra,iPhone17Pro,0,128,1767177364.0,https://v.redd.it/voqrkbnjpiag1,iphone pro max nightmare switching samsung ultra iphone pro max nightmare switching samsung ultra,neutral,0.0,fear,0.9807
1o5nzzp,"iPhone 17 Pro review, 7 days later","iPhone 17 Pro review, 7 days later iPhone 17 Pro review, 7 days later Upgraded from my 12 Mini to the 17 Pro about a week ago and honestly it’s 100% worth it.

When I first got it I was concerned about scratchgate so I grabbed the Techwoven case and it feels great in the hand. The phone itself also looks amazing without a case, but I’d still say use one long term. It’s got some weight to it too, but in a good way that makes it feel solid and premium.

Performance is crazy fast. iOS 26 runs super smooth, everything opens instantly, no lag or weird icon bugs like some other phones. Battery life is amazing too. I’ll use it all day and still have around 50% to 60% before bed.

Camera’s a big jump from the 12 Mini. I’m not really into photography, but I’ve seen some insane shots taken with this phone. The 12GB of RAM definitely helps because apps open instantly and I haven’t seen any lag yet.

Coming from the 12 Mini, the Dynamic Island is actually really nice. Being able to control music or see notifications without leaving what I’m doing is very very convenient.

The phone stays cool most of the time and only gets a little warm if you’re out in direct sunlight. I also really like the new rounded edges since it feels smoother and more comfortable to hold compared to the older boxy designs.

Overall, after a week with it, I’m seriously impressed. If you’re thinking about upgrading, I’d say go for it, unless you have the 15 pro or 16 pro because the titanium will last.",iPhone17Pro,309,68,1760371786.0,https://www.reddit.com/gallery/1o5nzzp,iphone pro review days later iphone pro review days later upgraded mini pro week ago honestly worth first got concerned scratchgate grabbed techwoven case feels great hand phone also looks amazing without case still say use one long term got weight good way makes feel solid premium performance crazy fast ios runs super smooth everything opens instantly no lag weird icon bugs like phones battery life amazing use day still around bed camera big jump mini not really photography seen insane shots taken phone gb ram definitely helps apps open instantly seen lag yet coming mini dynamic island actually really nice able control music see notifications without leaving convenient phone stays cool time gets little warm direct sunlight also really like new rounded edges since feels smoother comfortable hold compared older boxy designs overall week seriously impressed thinking upgrading say go unless pro pro titanium last,positive,0.9927,joy,0.5171
1nh0bam,iPhone 17 Pro – Screen protector or nah?,"iPhone 17 Pro – Screen protector or nah? iPhone 17 Pro – Screen protector or nah? Just upgraded from my 13 Pro to the 17 Pro. I’ve never liked screen protectors… I always feel like they mess with the smooth glass feel.

But here’s the thing: the scratches on my old 13 Pro are super noticeable now. At first it was just a couple of tiny ones, but over time they added up and the screen doesn’t look clean anymore.

Now with the 17 Pro, Apple’s hyping up this new Ceramic Shield 2, saying it’s 3x stronger. But does that actually mean better scratch resistance, or just fewer cracked screens when you drop it?

So my question:
• Do we really need a screen protector with this new glass?
• And if yes, what’s a good one that’s super clear, covers the whole screen edge to edge, and still feels smooth like the original glass? (important to me)

Would love to hear what you guys are using on your 17 Pros.",iPhone17Pro,90,140,1757877899.0,https://i.redd.it/0yhhn4iil6pf1.jpeg,iphone pro screen protector nah iphone pro screen protector nah upgraded pro pro never liked screen protectors always feel like mess smooth glass feel thing scratches old pro super noticeable first couple tiny ones time added screen look clean anymore pro apple hyping new ceramic shield saying stronger actually mean better scratch resistance fewer cracked screens drop question really need screen protector new glass yes good one super clear covers whole screen edge edge still feels smooth like original glass important would love hear guys using pros,positive,0.9813,joy,0.8743
1r0su0g,Upgraded from iPhone 11 to iPhone 17 Pro,Upgraded from iPhone 11 to iPhone 17 Pro Upgraded from iPhone 11 to iPhone 17 Pro,iPhone17Pro,389,30,1770703105.0,https://i.redd.it/eb7doznfxlig1.jpeg,upgraded iphone iphone pro upgraded iphone iphone pro,neutral,0.0,neutral,0.7122
1rl83kv,Spigen Optik Armor iPhone 17 Pro,Spigen Optik Armor iPhone 17 Pro Spigen Optik Armor iPhone 17 Pro Why is nobody talking about this case ?! One of the coolest looking cases I’ve owned for the iPhone 17 Pro.,iPhone17Pro,147,54,1772685352.0,https://www.reddit.com/gallery/1rl83kv,spigen optik armor iphone pro spigen optik armor iphone pro nobody talking case one coolest looking cases owned iphone pro,neutral,0.0,joy,0.4623
1ohboku,Is the screen on my iPhone 17 Pro assembled incorrectly?,"Is the screen on my iPhone 17 Pro assembled incorrectly? Is the screen on my iPhone 17 Pro assembled incorrectly? Today, while cleaning the screen of my iPhone 17 Pro, I noticed a visible gap between the screen and the frame at the top of the phone, to the left of the speaker. It is uneven with the space to the right of the speaker so it seems that this is a QC issue. Is this normal, or has the screen been assembled incorrectly? I’ve been using the phone for less than a week and haven’t put on a screen protector. It bothers me because dirt seems to accumulate in this space.",iPhone17Pro,73,121,1761563906.0,https://www.reddit.com/gallery/1ohboku,screen iphone pro assembled incorrectly screen iphone pro assembled incorrectly today cleaning screen iphone pro noticed visible gap screen frame top phone left speaker uneven space right speaker seems qc issue normal screen assembled incorrectly using phone less week put screen protector bothers dirt seems accumulate space,negative,-0.34,surprise,0.3993
1o3jibs,For those that think the Zoom on iPhone 17 Pro is unnecessary,For those that think the Zoom on iPhone 17 Pro is unnecessary For those that think the Zoom on iPhone 17 Pro is unnecessary Unedited x4 and x8 photos NYC on iPhone 17 Pro,iPhone17Pro,239,79,1760147904.0,https://www.reddit.com/gallery/1o3jibs,think zoom iphone pro unnecessary think zoom iphone pro unnecessary unedited photos nyc iphone pro,negative,0.0,neutral,0.7157
1o0ch60,And it’s here. How has your experience been until now using iPhone 17 pro? Heard of scratches on the aluminium body. I don’t like using cases generally. Should I get one?,And it’s here. How has your experience been until now using iPhone 17 pro? Heard of scratches on the aluminium body. I don’t like using cases generally. Should I get one? And it’s here. How has your experience been until now using iPhone 17 pro? Heard of scratches on the aluminium body. I don’t like using cases generally. Should I get one?,iPhone17Pro,98,121,1759837592.0,https://i.redd.it/vgekdbmogotf1.jpeg,experience using iphone pro heard scratches aluminium body like using cases generally get one experience using iphone pro heard scratches aluminium body like using cases generally get one,positive,0.6124,neutral,0.5877
1n3i8rb,iPhone 17 lineup pricing (expected),iPhone 17 lineup pricing (expected) iPhone 17 lineup pricing (expected),iPhone17Pro,172,108,1756499097.0,https://i.redd.it/bsc35lwhp0mf1.jpeg,iphone lineup pricing expected iphone lineup pricing expected,neutral,0.0,neutral,0.6401
1ncqq3a,iPhone 17 Pro: the first Pro iPhone without a black option. How do you feel about this?,iPhone 17 Pro: the first Pro iPhone without a black option. How do you feel about this? iPhone 17 Pro: the first Pro iPhone without a black option. How do you feel about this?,iPhone17Pro,126,118,1757442206.0,https://i.redd.it/ie4nzu2zl6of1.jpeg,iphone pro first pro iphone without black option feel iphone pro first pro iphone without black option feel,neutral,0.0,sadness,0.6613
1oczp27,iPhone 16 PM -> iPhone 17 Pro,iPhone 16 PM -> iPhone 17 Pro iPhone 16 PM -> iPhone 17 Pro,iPhone17Pro,214,79,1761110494.0,https://i.redd.it/1827gzhollwf1.jpeg,iphone pm iphone pro iphone pm iphone pro,neutral,0.0,neutral,0.6787
1nwep1w,My new iPhone 17 Pro Max (Cosmic Orange) feels special,"My new iPhone 17 Pro Max (Cosmic Orange) feels special My new iPhone 17 Pro Max (Cosmic Orange) feels special just got the iphone 17 pro max 512 gb in cosmic orange and honestly i love this color… it’s bright but not loud, has this warm vibe to it, feels alive in hand.

the interesting thing is the weight… it’s a big phone but the weight distribution is so good it actually feels lighter when you hold it. didn’t expect that, but i noticed right away.

also the new techwoven cover… wow. i wasn’t sure after FineWoven flopshow, but this actually feels better. solid, premium, green cover on orange phone looks great too.

orange + green + the white flash… kinda like the indian tricolour flag. total coincidence but i loved that.

honestly specs good, but color, balance, feel in hand… those make it special.

anyone else picked cosmic orange?

\* Pic is from my workplace meeting, I got it delivered in office.",iPhone17Pro,193,87,1759436181.0,https://www.reddit.com/gallery/1nwep1w,new iphone pro max cosmic orange feels special new iphone pro max cosmic orange feels special got iphone pro max gb cosmic orange honestly love color bright not loud warm vibe feels alive hand interesting thing weight big phone weight distribution good actually feels lighter hold expect noticed right away also new techwoven cover wow sure finewoven flopshow actually feels better solid premium green cover orange phone looks great orange green white flash kinda like indian tricolour flag total coincidence loved honestly specs good color balance feel hand make special anyone else picked cosmic orange pic workplace meeting got delivered office,positive,0.9952,joy,0.7694
1nj6h8x,What’s your justification for the iPhone 17 pro?,"What’s your justification for the iPhone 17 pro? What’s your justification for the iPhone 17 pro? What reason are you upgrading for, or if you upgrade every year like me, what’s the excuse you tell yourself. 

For me it’s being a genuine fan of Apple and also I want the best cameras possible to hand to take pictures of my kids.  

That’s what I’ve told myself every year regardless of how good the previous one was.",iPhone17Pro,28,159,1758093630.0,https://www.reddit.com/r/iPhone17Pro/comments/1nj6h8x/whats_your_justification_for_the_iphone_17_pro/,justification iphone pro justification iphone pro reason upgrading upgrade every year like excuse tell genuine fan apple also want best cameras possible hand take pictures kids told every year regardless good previous one,positive,0.9403,neutral,0.3676
1p7zk8r,iPhone 16 Pro to iPhone 17 Pro Max,"iPhone 16 Pro to iPhone 17 Pro Max iPhone 16 Pro to iPhone 17 Pro Max After years of sticking with black iPhones, this orange one feels surprisingly refreshing.

started falling in love with the orange color after watching several YouTube videos. when they show the front of the iPhone, there’s this subtle orange tint around the frame. maybe it stands out more because black usually blends in and doesn’t show anything at all.",iPhone17Pro,242,61,1764241510.0,https://i.redd.it/dri7drhs7s3g1.jpeg,iphone pro iphone pro max iphone pro iphone pro max years sticking black iphones orange one feels surprisingly refreshing started falling love orange color watching several youtube videos show front iphone subtle orange tint around frame maybe stands black usually blends show anything,positive,0.7003,joy,0.8658
1ndishq,Iphone 17 pro colours,Iphone 17 pro colours Iphone 17 pro colours Help me choose,iPhone17Pro,166,101,1757521281.0,https://i.redd.it/844y4ry35dof1.jpeg,iphone pro colours iphone pro colours help choose,positive,0.4019,neutral,0.8766
1nv04y6,"iPhone 17 Pro, a week later","iPhone 17 Pro, a week later iPhone 17 Pro, a week later It’s now been 1 week since i switched from my iPhone SE3 to the iPhone 17 Pro,and it might be one of the best upgrades i’ve ever made

The battery life is a good improvement, I can get from 7AM to 5PM on a single charge,i don’t really mind the Aluminum body and the triple cameras at the back are good,frankly the only thing i hate about it for now is the Action button, I always press it instead of the volume up button,i’m sure i’ll get used to it eventually.

It’s also my first Pro iPhone

3rd image is my phone history over the years",iPhone17Pro,147,99,1759297389.0,https://www.reddit.com/gallery/1nv04y6,iphone pro week later iphone pro week later week since switched iphone se iphone pro might one best upgrades ever made battery life good improvement get pm single charge really mind aluminum body triple cameras back good frankly thing hate action button always press instead volume button sure get used eventually also first pro iphone rd image phone history years,positive,0.891,surprise,0.5244
1niemvp,Iphone 17 pro India delivery thread,"Iphone 17 pro India delivery thread Iphone 17 pro India delivery thread Hey apples! Tell me where you ordered your product from in india, and 2hats the status of it currently. Lets build some positive hype 😛",iPhone17Pro,5,172,1758021528.0,https://www.reddit.com/r/iPhone17Pro/comments/1niemvp/iphone_17_pro_india_delivery_thread/,iphone pro india delivery thread iphone pro india delivery thread hey apples tell ordered product india hats status currently lets build positive hype,positive,0.5574,joy,0.7537
1nh5gpy,iPhone 17 fast charging ONLY works with Apple Adapter,"iPhone 17 fast charging ONLY works with Apple Adapter iPhone 17 fast charging ONLY works with Apple Adapter Is this likely to be true? 

This report says the IPhone 17’s fast charging ONLY works with Apple’s official 40 watt adapter (not available in the EU), so if you have any old 40w adapter- you cannot make use of the new feature",iPhone17Pro,119,114,1757890371.0,https://www.reddit.com/gallery/1nh5gpy,iphone fast charging works apple adapter iphone fast charging works apple adapter likely true report says iphone fast charging works apple official watt adapter not available eu old adapter cannot make use new feature,positive,0.4215,sadness,0.4542
1qcuch4,iPhone 17 pro max new owner.,iPhone 17 pro max new owner. iPhone 17 pro max new owner. I just got the 17 pro max upgrading from 14 pro max. I really don’t know how I feel about it. I really want to love  it as much as my purple 14 pro max. Will I?,iPhone17Pro,238,47,1768413611.0,https://i.redd.it/of1zvcsktcdg1.jpeg,iphone pro max new owner iphone pro max new owner got pro max upgrading pro max really know feel really want love much purple pro max,positive,0.7245,joy,0.6855
1o4bplp,Got the iPhone 17 Pro Max on launch day (9/19). Here’s my take after 3 weeks of heavy use.,"Got the iPhone 17 Pro Max on launch day (9/19). Here’s my take after 3 weeks of heavy use. Got the iPhone 17 Pro Max on launch day (9/19). Here’s my take after 3 weeks of heavy use. Everyone keeps asking if it’s worth upgrading from the 16 Pro Max, so here’s my opinion after using the 17 Pro Max for 3 weeks straight.

(TL;DR: If you have a 16 Pro Max and love it, you’re not missing out on anything life-changing. If you want cooler temps, more refined feel, and better trade-in value, it’s a solid move. If you’re on a 15 or older, the 17 Pro Max is a real upgrade across the board.)

Context:   I’m a lawyer. I do a ton of typing, emailing, and remoting into work on my phone. I’ve always gone with the Pro Max because the big screen just makes sense for how I use it. And since I’m a woman with a purse, pocket space has never been my issue.

Why I Traded Up:   Trade-in value. Apple gave me a strong number for my 16 Pro Max, and honestly, that’s what pushed me to do it. Waiting a year tanks the value, and I upgrade yearly anyway, so it made sense financially.

Color:   I got the white one. It’s clean, classic, and doesn’t show fingerprints. It’s more pearl than plastic and looks way better in person.

Overheating:   Basically fixed. The new Vortex cooling system is legit. I’ve used it outside in full New York sun while taking photos and using Maps, and it stayed cool. My 16 Pro Max would’ve been heating up like a skillet by then.

Battery:   Better than expected. I’m getting through full workdays with about 40-50% left, and I’m not babying it. I’m on email, calls, and documents all day. It feels more efficient than the 16 PM, even if the overall capacity isn’t much different.

Performance:   Smooth and consistent. The 16 Pro Max was powerful, but this feels steadier. No random lag or heat spikes.

Camera:   Noticeably sharper and faster. Low light looks cleaner, portraits are less “AI-filtered,” and videos are smoother. I use it for work scans and family pics, and both look better without me having to tweak anything.

Side note:   My husband went from the 15 Pro Max to the 17 Pro Max, and that jump is bigger. Better brightness, cooler performance, and improved battery right away. So if you’re on a 15, the upgrade feels more obvious.",iPhone17Pro,197,78,1760230201.0,https://www.reddit.com/r/iPhone17Pro/comments/1o4bplp/got_the_iphone_17_pro_max_on_launch_day_919_heres/,got iphone pro max launch day take weeks heavy use got iphone pro max launch day take weeks heavy use everyone keeps asking worth upgrading pro max opinion using pro max weeks straight tl dr pro max love not missing anything life changing want cooler temps refined feel better trade value solid move older pro max real upgrade across board context lawyer ton typing emailing remoting work phone always gone pro max big screen makes sense use since woman purse pocket space never issue traded trade value apple gave strong number pro max honestly pushed waiting year tanks value upgrade yearly anyway made sense financially color got white one clean classic show fingerprints pearl plastic looks way better person overheating basically fixed new vortex cooling system legit used outside full new york sun taking photos using maps stayed cool pro max would heating like skillet battery better expected getting full workdays left not babying email calls documents day feels efficient pm even overall capacity much different performance smooth consistent pro max powerful feels steadier no random lag heat spikes camera noticeably sharper faster low light looks cleaner portraits less ai filtered videos smoother use work scans family pics look better without tweak anything side note husband went pro max pro max jump bigger better brightness cooler performance improved battery right away upgrade feels obvious,positive,0.9944,joy,0.9224
1qhfx1r,iPhone 17 Pro case that also covers the camera plateau?,"iPhone 17 Pro case that also covers the camera plateau? iPhone 17 Pro case that also covers the camera plateau? Which iPhone 17 Pro case would you recommend that also covers the camera plateau? I currently have this one from Spigen, but I’m not very satisfied with the workmanship/quality.",iPhone17Pro,90,71,1768854950.0,https://i.redd.it/5zu1uy5x9deg1.jpeg,iphone pro case also covers camera plateau iphone pro case also covers camera plateau iphone pro case would recommend also covers camera plateau currently one spigen not satisfied workmanship quality,neutral,0.0433,neutral,0.6216
1o9zsr5,iPhone 17PM or 17 PRO,"iPhone 17PM or 17 PRO iPhone 17PM or 17 PRO I currently bought an orange 17PM about a week ago. I’m very reluctant on opening it due to its size dimensions. I currently have a 15 pro max. And as time has went on the size factor when you’re not thinking of it feels fine. But it’s definitely huge in the hand. One hand holding I have smaller hands is near impossible, so I can’t imagine what this 17 pro max will feel like. I love the big screen and I’m all about watching content on my phones i don’t have an iPad or a computer. I love the forum factor of the 17 pro but I can’t decide. I don’t want to pay a stupid restocking fee that’s why I haven’t opened it. Let me know your option. Battery life is a big thing … are we at a time where the pro max is not needed? Let me know what you think and I’ll take it into consideration! Thank you! 🙏",iPhone17Pro,87,106,1760803730.0,https://i.redd.it/oys1b1hi9wvf1.jpeg,iphone pm pro iphone pm pro currently bought orange pm week ago reluctant opening due size dimensions currently pro max time went size factor not thinking feels fine definitely huge hand one hand holding smaller hands near impossible imagine pro max feel like love big screen watching content phones ipad computer love forum factor pro decide want pay stupid restocking fee opened let know option battery life big thing time pro max not needed let know think take consideration thank,positive,0.9566,fear,0.9225
1o9sll1,Has your iPhone 17 Pro already scratched?,"Has your iPhone 17 Pro already scratched? Has your iPhone 17 Pro already scratched? I still haven't had the courage to get rid of my 16 Pro Max because I hear a lot of people saying that the new iPhones are easy to scratch.

I would like to know from those who are already using it, to what extent this is true…

And if so, is there a color that scratches more?",iPhone17Pro,14,138,1760784479.0,https://www.reddit.com/r/iPhone17Pro/comments/1o9sll1/has_your_iphone_17_pro_already_scratched/,iphone pro already scratched iphone pro already scratched still courage get rid pro max hear lot people saying new iphones easy scratch would like know already using extent true color scratches,positive,0.886,sadness,0.3268
1ogecj3,Iphone 17 pro is craaazy,Iphone 17 pro is craaazy Iphone 17 pro is craaazy,iPhone17Pro,294,56,1761463307.0,https://www.reddit.com/gallery/1ogecj3,iphone pro craazy iphone pro craazy,neutral,0.0,neutral,0.7354
1ovqxlt,drop your favorite iphone 17 pro cases!,"drop your favorite iphone 17 pro cases! drop your favorite iphone 17 pro cases! i have the silver and although it goes with everything, i can’t find a single case that i love. unfortunately all the cases i had for my 16 pro that i did love, they don’t make for the 17 pro. so i’m taking recommendations! thank you in advance 😊",iPhone17Pro,34,114,1763005597.0,https://www.reddit.com/r/iPhone17Pro/comments/1ovqxlt/drop_your_favorite_iphone_17_pro_cases/,drop favorite iphone pro cases drop favorite iphone pro cases silver although goes everything find single case love unfortunately cases pro love make pro taking recommendations thank advance,positive,0.9062,sadness,0.7854
1o9s809,Finally upgraded from iPhone 11 to 17 pro🥳🥳🥳🥳.,Finally upgraded from iPhone 11 to 17 pro🥳🥳🥳🥳. Finally upgraded from iPhone 11 to 17 pro🥳🥳🥳🥳. Are there any new settings to be aware of apart from the ones in Apple website!,iPhone17Pro,380,46,1760783068.0,https://www.reddit.com/gallery/1o9s809,finally upgraded iphone pro finally upgraded iphone pro new settings aware apart ones apple website,neutral,0.0,neutral,0.5219
1rbcuyw,"The More I Use iPhone 17 Pro/Max, The More I Appreciate the new Design.","The More I Use iPhone 17 Pro/Max, The More I Appreciate the new Design. The More I Use iPhone 17 Pro/Max, The More I Appreciate the new Design. I Used to Hate the new Design cause of the Plateau so big, but the more I Use it the more I love it. First is the case, putting any case on it the phone still look beautiful because it was symmetrical with older design square camera on left side putting any case make it looks ugly tbh because the unsymmetrical bar. Second like others said the Plateau is amazing for resting fingers, while 17 pro is heavier than it's predecessor with better resting finger it feels more comfortable to hold for a longer time than older iPhone. Third the heat management is awesome, opening camera for a long time the heat still cool for an iPhone Pro not to mention I live in tropical weather where it's hot most of the time, I remember using iPhone 15 pro only using camera for few minute it's already too hot to hold. what else do you guys think another improvement that we overlook?",iPhone17Pro,177,41,1771736251.0,https://i.redd.it/tsvoliku7zkg1.jpeg,use iphone pro max appreciate new design use iphone pro max appreciate new design used hate new design cause plateau big use love first case putting case phone still look beautiful symmetrical older design square camera left side putting case make looks ugly tbh unsymmetrical bar second like others said plateau amazing resting fingers pro heavier predecessor better resting finger feels comfortable hold longer time older iphone third heat management awesome opening camera long time heat still cool iphone pro not mention live tropical weather hot time remember using iphone pro using camera minute already hot hold else guys think another improvement overlook,positive,0.9806,joy,0.4759
1nr99ti,iPhone 17 Pro - After 1 Week the battery drain is still massive,"iPhone 17 Pro - After 1 Week the battery drain is still massive iPhone 17 Pro - After 1 Week the battery drain is still massive All are talking about scratch-gate but how is your battery. 

iPhone 17 Pro (Europe Battery)

Exactly one week of usage. 

Started with 100% this morning.

After 4h25min (mostly safari, Reddit, WhatsApp Chats, 80% WiFi) I still have 13% battery left. 

My 14 Pro (with 76% battery status) had closely the same drain under iOS26. 

Anyone with similar experiences?",iPhone17Pro,57,119,1758911924.0,https://i.redd.it/q5lqy5a70krf1.jpeg,iphone pro week battery drain still massive iphone pro week battery drain still massive talking scratch gate battery iphone pro europe battery exactly one week usage started morning min mostly safari reddit whatsapp chats wifi still battery left pro battery status closely drain ios anyone similar experiences,positive,0.0,sadness,0.7121
1p99o8p,"Iphone 17 Pro Max, My first Iphone ever","Iphone 17 Pro Max, My first Iphone ever Iphone 17 Pro Max, My first Iphone ever As an android user for years. I always mock Iphone/Ios users so bad. I thought using Iphone is just for the brand. I also thought that I would NEVER spend over a $1000 for a phone lol. Not until I got my hands on this one as a replacement for my android phone. So far it is the best phone I have ever used.",iPhone17Pro,256,49,1764373159.0,https://i.redd.it/g4yz8v39334g1.jpeg,iphone pro max first iphone ever iphone pro max first iphone ever android user years always mock iphone ios users bad thought using iphone brand also thought would never spend phone lol not got hands one replacement android phone far best phone ever used,negative,-0.5318,surprise,0.4758
1o64tb7,iPhone 17 Pro making the most detailed pictures I have ever seen from a phone.,iPhone 17 Pro making the most detailed pictures I have ever seen from a phone. iPhone 17 Pro making the most detailed pictures I have ever seen from a phone.,iPhone17Pro,173,73,1760412399.0,https://i.redd.it/urpoiuovxzuf1.jpeg,iphone pro making detailed pictures ever seen phone iphone pro making detailed pictures ever seen phone,positive,0.0,neutral,0.4991
1pk05vs,"From 16 Pro to 17 Pro. Basically been upgrading every year since 2014, I’ve lost count how many iPhone I’ve owned. Wish I went for white but the shop didn’t have that color","From 16 Pro to 17 Pro. Basically been upgrading every year since 2014, I’ve lost count how many iPhone I’ve owned. Wish I went for white but the shop didn’t have that color From 16 Pro to 17 Pro. Basically been upgrading every year since 2014, I’ve lost count how many iPhone I’ve owned. Wish I went for white but the shop didn’t have that color",iPhone17Pro,56,83,1765466543.0,https://i.redd.it/xavfu6wfel6g1.jpeg,pro pro basically upgrading every year since lost count many iphone owned wish went white shop color pro pro basically upgrading every year since lost count many iphone owned wish went white shop color,positive,0.2023,neutral,0.3909
1q2m8ub,Which case do you recommend for my iPhone 17 Pro Max?,Which case do you recommend for my iPhone 17 Pro Max? Which case do you recommend for my iPhone 17 Pro Max? I'm worried that the section where the cameras and sensors are located could get scratched or even damaged. Which one do you have?,iPhone17Pro,54,76,1767418235.0,https://i.redd.it/9dz3obxtl2bg1.png,case recommend iphone pro max case recommend iphone pro max worried section cameras sensors located could get scratched even damaged one,neutral,-0.0258,fear,0.7373
1qhxk7d,IPhone 17 pro drains like crazy,"IPhone 17 pro drains like crazy IPhone 17 pro drains like crazy The battery life on my 17 pro is horrible, it can barely last 8 hours. Within an hour I’ve already drained 9% just by being on instagram or Reddit. I don’t have apps open, I always close them after use unless I know I will use them soon. Why is my phone draining like crazy? I got it 3 days ago and it only has 2 cycles.",iPhone17Pro,28,76,1768904774.0,https://www.reddit.com/r/iPhone17Pro/comments/1qhxk7d/iphone_17_pro_drains_like_crazy/,iphone pro drains like crazy iphone pro drains like crazy battery life pro horrible barely last hours within hour already drained instagram reddit apps open always close use unless know use soon phone draining like crazy got days ago cycles,negative,-0.6908,surprise,0.6085
1ok4j2j,New iPhone 17 Pro Max delay (3rd delay),"New iPhone 17 Pro Max delay (3rd delay) New iPhone 17 Pro Max delay (3rd delay) Third time apple delays my iPhone shipment. I pre ordered the iPhone on September 12th with originally delivery date on the 19th, then it got delayed to October 10-17, then again delayed to October 24-31 and today got delayed again but now for NOVEMBER 14-21. 

Anyone else is having this delays with the iPhone 17 Pro Max in 512gb???",iPhone17Pro,59,95,1761842011.0,https://i.redd.it/o5vqdjuu0ayf1.jpeg,new iphone pro max delay rd delay new iphone pro max delay rd delay third time apple delays iphone shipment pre ordered iphone september th originally delivery date th got delayed october delayed october today got delayed november anyone else delays iphone pro max gb,negative,-0.8979,sadness,0.7068
1o553nv,Loving my iPhone 17 pro max 1tb so far!,Loving my iPhone 17 pro max 1tb so far! Loving my iPhone 17 pro max 1tb so far!,iPhone17Pro,207,63,1760314532.0,https://i.redd.it/17gvi4cvuruf1.jpeg,loving iphone pro max tb far loving iphone pro max tb far,positive,0.8316,neutral,0.5267
1q8zeu7,iPhone 17 Pro Max Deep Blue: noticeable scratches over time?,"iPhone 17 Pro Max Deep Blue: noticeable scratches over time? iPhone 17 Pro Max Deep Blue: noticeable scratches over time? Hi everyone,

For those who have the iPhone 17 Pro Max in Deep Blue, how has it held up after a few months of use? Are scratches easy to get, and are they noticeable over time?

I’m currently leaning toward the Silver variant since it tends to hide scratches better, but it’s always out of stock in my area. Would love to hear your long-term experience with the Deep Blue finish.

Thanks in advance.

Photo credit: Wired",iPhone17Pro,137,53,1768035697.0,https://i.redd.it/ky4mwewulhcg1.jpeg,iphone pro max deep blue noticeable scratches time iphone pro max deep blue noticeable scratches time hi everyone iphone pro max deep blue held months use scratches easy get noticeable time currently leaning toward silver variant since tends hide scratches better always stock area would love hear long term experience deep blue finish thanks advance photo credit wired,positive,0.93,sadness,0.3565
1o7jt91,iPhone 17 pro,iPhone 17 pro iPhone 17 pro,iPhone17Pro,348,42,1760554633.0,https://www.reddit.com/gallery/1o7jt91,iphone pro iphone pro,neutral,0.0,neutral,0.8525
1rvzf1u,iPhone 17 Pro flew out of phone mount riding a motorcycle + small review,"iPhone 17 Pro flew out of phone mount riding a motorcycle + small review iPhone 17 Pro flew out of phone mount riding a motorcycle + small review If you want to see what happens when an iPhone slams without a case on the concrete at 80 km/h, there you go.

I have Apple Care + so I raw dog my iPhone, very happy with service from the Apple Store as they did not asked me to pay any replacement fee because I’ve been stuck with a dead phone for a while and had to buy a cheap Xs Max at some store while waiting to be back in a city where there is an Apple Store ( I was on vacation in Thailand, I live in France and could not do an express replacement as I was leaving 1 week later )

I asked them gently if they could do the swap for free as one of their official retailers could not help me in Samui, and they agreed.

Brand new unit.

Before that accident, I just want to say that Ceramic Shield on the 17 Pro is absolutely insane on regular use. The screen just won’t get damaged even with clumsy hands. Absolutely spotless, impressed my friends with 16 Pros as I was using it without protection for 6 months.

The soft aluminium chassis chips and dents, yes, and I had some before the accident already, but it has that wonderful ability to tank the shocks and as a result to not transfer them into the screen / back glass. Plus I like having some patina on my device.

And overall, what an iPhone it is. I had Xs Max, 11, 12, 12 Pro Max, 13 Pro Max, 14 Pro, 15 Pro, all second hand except the 13. The 17 Pro I had since new.

The 17 Pro is the most well engineered iPhone of all time. This is one of the only generation where I believe I can say that it is perfect and god knows I’m very critical of my products. Power is insane, ( I video / photo edit on it ) cameras are insane ( I use them a LOT ) , thermal management is out of this world, battery life is exceptional and it charges quickly, speakers are great, and the overall solidity of the device is excellent, as the chassis basically act like a case and is very unlikely to leave you stranded after a big drop, compared to the titanium / steel that just transfers shocks into the screen / back glass.

On my old one, I was still at 100% battery capacity after almost 300 cycles.

Finally, the iPhone Pro lineup is delivering for power user and is not a fashionable item anymore ( even if I love how it looks ) and holding and using the hot dimming mess that are the 16 Pros of my friends reminds me how Apple got it right this time. 

iPhone Air gave us the best pros of all time. Not the running joke of « the best iPhones ever made ». Like this time it is actually true, physically and in its philosophy.",iPhone17Pro,56,49,1773730736.0,https://v.redd.it/p5du12r40kpg1,iphone pro flew phone mount riding motorcycle small review iphone pro flew phone mount riding motorcycle small review want see happens iphone slams without case concrete km go apple care raw dog iphone happy service apple store not asked pay replacement fee stuck dead phone buy cheap xs max store waiting back city apple store vacation thailand live france could not express replacement leaving week later asked gently could swap free one official retailers could not help samui agreed brand new unit accident want say ceramic shield pro absolutely insane regular use screen get damaged even clumsy hands absolutely spotless impressed friends pros using without protection months soft aluminium chassis chips dents yes accident already wonderful ability tank shocks result not transfer screen back glass plus like patina device overall iphone xs max pro max pro max pro pro second hand except pro since new pro well engineered iphone time one generation believe say perfect god knows critical products power insane video photo edit cameras insane use lot thermal management world battery life exceptional charges quickly speakers great overall solidity device excellent chassis basically act like case unlikely leave stranded big drop compared titanium steel transfers shocks screen back glass old one still battery capacity almost cycles finally iphone pro lineup delivering power user not fashionable item anymore even love looks holding using hot dimming mess pros friends reminds apple got right time iphone air gave us best pros time not running joke best iphones ever made like time actually true physically philosophy,positive,0.9786,surprise,0.6861
1qa8mju,the vibes i get from each iPhone 17 Pro color,the vibes i get from each iPhone 17 Pro color the vibes i get from each iPhone 17 Pro color,iPhone17Pro,360,24,1768159959.0,https://i.redd.it/q8e0o2ucvrcg1.jpeg,vibes get iphone pro color vibes get iphone pro color,neutral,0.0,neutral,0.6132
1nvqu36,Is it just me or is the battery on iPhone 17 Pro Max draining faster than expected?,"Is it just me or is the battery on iPhone 17 Pro Max draining faster than expected? Is it just me or is the battery on iPhone 17 Pro Max draining faster than expected? I’m getting 6 hours and 59 minutes with charging this phone either once or twice depending on the day and I’m coming from the 14 Pro Max, and that phone could easily give me six hours without having to charge, some people are getting 6hours of heavy use without charging it throughout the day. I definitely noticed the battery get worse with the recent iOS 26.0.1 update, I’m also noticing a lot of bugs. Please share your experience",iPhone17Pro,12,121,1759369093.0,https://i.redd.it/szljjhplrlsf1.jpeg,battery iphone pro max draining faster expected battery iphone pro max draining faster expected getting hours minutes charging phone either twice depending day coming pro max phone could easily give six hours without charge people getting hours heavy use without charging throughout day definitely noticed battery get worse recent ios update also noticing lot bugs please share experience,positive,0.6705,sadness,0.5406
1p5hnl3,iPhone 17 pro has the best size imo,iPhone 17 pro has the best size imo iPhone 17 pro has the best size imo 15 pro felt small though compact . When I got the 16 pro I was amazed by the fact that it actually felt bigger than the 15 pro . The same goes for the 17 pro . It’s harder to use with one hand though and I wonder if the max size would have a noticeable difference when watching videos or using the phone in general . Pro max batterylife feels like a nice bonus,iPhone17Pro,85,75,1763992481.0,https://www.reddit.com/r/iPhone17Pro/comments/1p5hnl3/iphone_17_pro_has_the_best_size_imo/,iphone pro best size imo iphone pro best size imo pro felt small though compact got pro amazed fact actually felt bigger pro goes pro harder use one hand though wonder max size would noticeable difference watching videos using phone general pro max batterylife feels like nice bonus,positive,0.9738,surprise,0.9725
1phc8kn,The Matte Black sticker look cooler with the Cosmic Orange IPhone 17 PM.,The Matte Black sticker look cooler with the Cosmic Orange IPhone 17 PM. The Matte Black sticker look cooler with the Cosmic Orange IPhone 17 PM.,iPhone17Pro,192,49,1765200083.0,https://i.redd.it/5vaelmh4ez5g1.png,matte black sticker look cooler cosmic orange iphone pm matte black sticker look cooler cosmic orange iphone pm,negative,0.0,neutral,0.4265
1qi4xtt,I left iPhone for 13 years. iPhone 17 Pro pulled me back.,"I left iPhone for 13 years. iPhone 17 Pro pulled me back. I left iPhone for 13 years. iPhone 17 Pro pulled me back. Thirteen years ago, I bought an iPhone 5.

I remember being excited at first — it felt premium, smooth, different. But that didn’t last long.

After about six months, it started lagging badly. Apps froze, scrolling stuttered, and worst of all, it heated up constantly. It got to the point where using it felt frustrating instead of enjoyable. I gave up on iPhone completely and told myself: never again.

Since then, I’ve used pretty much everything else — Samsung, OPPO, Huawei. Some were fast, some had great battery life, some had amazing hardware. I never felt the need to look back at iPhone. Apple just wasn’t part of my phone journey anymore.

Until the iPhone 17 Pro.

I didn’t plan to switch back. But the design caught my eye first — clean, refined, and honestly one of the best-looking phones I’ve seen in years. Then I started paying attention to the camera results, and that’s what finally convinced me.

So here I am.

On the right is the phone that made me quit Apple.

On the left is the phone that made me come back.

I’m not saying iPhone is perfect now. I’m not saying Android is worse. I just find it interesting how one bad experience pushed me away for over a decade — and how one product managed to pull me back after all that time.

Curious if anyone else here left iPhone years ago… and came back later?

Or left and never looked back?",iPhone17Pro,173,42,1768924776.0,https://i.redd.it/0x2zn6lj1jeg1.png,left iphone years iphone pro pulled back left iphone years iphone pro pulled back thirteen years ago bought iphone remember excited first felt premium smooth different last long six months started lagging badly apps froze scrolling stuttered worst heated constantly got point using felt frustrating instead enjoyable gave iphone completely told never since used pretty much everything else samsung oppo huawei fast great battery life amazing hardware never felt need look back iphone apple part phone journey anymore iphone pro plan switch back design caught eye first clean refined honestly one best looking phones seen years started paying attention camera results finally convinced right phone made quit apple left phone made come back not saying iphone perfect not saying android worse find interesting one bad experience pushed away decade one product managed pull back time curious anyone else left iphone years ago came back later left never looked back,positive,0.8787,sadness,0.7477
1pgucq2,iPhone 17 Pro or Pro Max? I’m stuck between comfort and battery life,"iPhone 17 Pro or Pro Max? I’m stuck between comfort and battery life iPhone 17 Pro or Pro Max? I’m stuck between comfort and battery life I have an iPhone 15 Pro Max. I’ve always chosen the Plus or Pro Max models because the battery usually lasts longer. Now I’m really torn. My 15 Pro Max needs to be charged three times a day, and I rely on it for work. I don’t game on it; I mostly make calls, send messages, use social apps, browse Reddit, read, and sometimes watch videos or TV shows.

I’m thinking about buying the iPhone 17 Pro because I’m honestly getting tired of carrying around such a large phone. Sometimes it barely fits in my pockets and it just feels heavy and inconvenient to use. At the same time, I’m worried the battery on the regular Pro won’t be good enough in the long run. The price difference between the 512 GB Pro and the 512 GB Pro Max is around €200, which could matter if the battery life ends up being noticeably better on the Max.

Right now I really don’t know what to choose. The 17 Pro would be easier to carry, lighter, more comfortable to use with one hand, and overall much more compact. The 17 Pro Max would give me the battery life I’m used to, but with the usual big size I’m tired of dealing with",iPhone17Pro,32,85,1765143413.0,https://www.reddit.com/r/iPhone17Pro/comments/1pgucq2/iphone_17_pro_or_pro_max_im_stuck_between_comfort/,iphone pro pro max stuck comfort battery life iphone pro pro max stuck comfort battery life iphone pro max always chosen plus pro max models battery usually lasts longer really torn pro max needs charged three times day rely work game mostly make calls send messages use social apps browse reddit read sometimes watch videos tv shows thinking buying iphone pro honestly getting tired carrying around large phone sometimes barely fits pockets feels heavy inconvenient use time worried battery regular pro good enough long run price difference gb pro gb pro max around could matter battery life ends noticeably better max right really know choose pro would easier carry lighter comfortable use one hand overall much compact pro max would give battery life used usual big size tired dealing,positive,0.7722,sadness,0.3537
1o3dwiq,Zooming in. Shot on iPhone 17 Pro Max.,Zooming in. Shot on iPhone 17 Pro Max. Zooming in. Shot on iPhone 17 Pro Max.,iPhone17Pro,342,40,1760132425.0,https://www.reddit.com/gallery/1o3dwiq,zooming shot iphone pro max zooming shot iphone pro max,neutral,0.0,neutral,0.7035
1rkabes,Does iPhone 17 Pro had 10bit display?,Does iPhone 17 Pro had 10bit display? Does iPhone 17 Pro had 10bit display? there is wild argument within samsung fans about s26 false advertising about 10bit display. i wanna know does iphone 17 pro support native 10bit display? and not frc 8+2 bit,iPhone17Pro,6,60,1772593971.0,https://www.reddit.com/r/iPhone17Pro/comments/1rkabes/does_iphone_17_pro_had_10bit_display/,iphone pro bit display iphone pro bit display wild argument within samsung fans false advertising bit display wanna know iphone pro support native bit display not frc bit,neutral,0.0516,anger,0.7798
1olddwb,Upgraded to SE to the iPhone 17 Pro Max. Life changing!,Upgraded to SE to the iPhone 17 Pro Max. Life changing! Upgraded to SE to the iPhone 17 Pro Max. Life changing!,iPhone17Pro,308,39,1761965604.0,https://i.redd.it/99ocu8oc8kyf1.jpeg,upgraded se iphone pro max life changing upgraded se iphone pro max life changing,neutral,0.0,neutral,0.7377
1poflxz,Just got my iPhone 17 Pro—setup vibes in progress 📦🔥,"Just got my iPhone 17 Pro—setup vibes in progress 📦🔥 Just got my iPhone 17 Pro—setup vibes in progress 📦🔥 Finally got my hands on the 17 Pro and had to give it a proper welcome. Desk’s a bit messy but it’s got character: mechanical keyboard, gaming mouse, earbuds, and the new beast in the box ready to shine.

Loving the contrast between the warm wood and the cool blue lighting—feels like the perfect setup to start exploring what this phone can really do. Anyone else just upgraded? Drop your setup pics or first impressions!",iPhone17Pro,100,60,1765923955.0,https://www.reddit.com/gallery/1poflxz,got iphone pro setup vibes progress got iphone pro setup vibes progress finally got hands pro give proper welcome desk bit messy got character mechanical keyboard gaming mouse earbuds new beast box ready shine loving contrast warm wood cool blue lighting feels like perfect setup start exploring phone really anyone else upgraded drop setup pics first impressions,positive,0.967,surprise,0.3705
1ohoqtj,[Advice] iPhone 17 Pro vs Pro Max for a small business owner (battery + one-hand use) — help me decide,"[Advice] iPhone 17 Pro vs Pro Max for a small business owner (battery + one-hand use) — help me decide [Advice] iPhone 17 Pro vs Pro Max for a small business owner (battery + one-hand use) — help me decide Hey folks — looking for real-world input.

I’ve been going back and forth for a month on what phone to run my business with.

My setup & use:
	•	I’m a personal trainer/gym owner. Phone = lifeline (calls, texts, photos/video, invoices, scheduling, social, music at the gym).
	•	Typical day: up at 3:00 AM. By 11:00 AM my 17 Pro battery is ~40%.
	•	I bought an iPad mini thinking I’d offset phone time, but I still end up using the phone more.
	•	Historically a Pro Max user since the 6 Plus, but I was trying to downsize this year for one-hand use and running.
	•	I want the sweet spot size-wise (I think ~6.5” would be perfect), but I won’t buy an Air.

What I care about (ranked):
	1.	Battery life that comfortably lasts my 3 AM–late evening days without babying it.
	2.	Business reliability (camera for client content, hotspotting, call quality, smooth multitasking).
	3.	One-hand use in the gym and while on the move.
	4.	Running with the phone (arm band/shorts pocket — not a brick).
	5.	Screen big enough for quick edits, scheduling, and DMs without needing the iPad mini every time.

Phones I’m between:
	•	iPhone 17 Pro — love the size for the gym and running, but battery hits 40% by late morning with my schedule.
	•	iPhone 17 Pro Max — what I’ve always used; battery/endurance and screen are great, but it can feel huge for one-hand use and runs.

Am I asking too much?
Is it just smarter to go back to the Pro Max (like every other year) and stop fighting it? Or are there Pro owners with similar 3 AM starts who comfortably make it through the day?

Extra context:
	•	Heavy on calls/texts, IG/FB, Trainerize/fitness apps, Apple Music, camera/video, hotspotting, and a lot of quick clipboard/task switching.
	•	I do own an iPad mini but in reality I’m still glued to the phone.
	•	Not interested in the Air.

What I’m hoping to hear:

	•	Real-world battery comparisons from people with early starts and long days.
	•	Anyone move from Pro Max → Pro (or back) and regret/celebrate it?
	•	One-hand usability tips for Max users in the gym (cases, grips, gestures).
	•	Runner experiences: is the Max truly a pain, or manageable with the right band/shorts?

TL;DR: Gym owner up at 3 AM. 17 Pro hits ~40% by 11 AM. Love one-hand use and running with a smaller phone, but I need endurance and a biggish screen for work. Should I stop overthinking and stick with Pro Max, or can the Pro realistically handle days like mine?",iPhone17Pro,38,92,1761595062.0,https://i.redd.it/sjak3ojjmpxf1.jpeg,advice iphone pro vs pro max small business owner battery one hand use help decide advice iphone pro vs pro max small business owner battery one hand use help decide hey folks looking real world input going back forth month phone run business setup use personal traine owner phone lifeline calls texts photos video invoices scheduling social music gym typical day pro battery bought ipad mini thinking offset phone time still end using phone historically pro max user since plus trying downsize year one hand use running want sweet spot size wise think would perfect buy air care ranked battery life comfortably lasts late evening days without babying business reliability camera client content hotspotting call quality smooth multitasking one hand use gym move running phone arm band shorts pocket not brick screen big enough quick edits scheduling dms without needing ipad mini every time phones iphone pro love size gym running battery hits late morning schedule iphone pro max always used battery endurance screen great feel huge one hand use runs asking much smarter go back pro max like every year stop fighting pro owners similar starts comfortably make day extra context heavy calls texts ig fb trainerize fitness apps apple music camera video hotspotting lot quick clipboard task switching ipad mini reality still glued phone not interested air hoping hear real world battery comparisons people early starts long days anyone move pro max pro back regret celebrate one hand usability tips max users gym cases grips gestures runner experiences max truly pain manageable right band shorts tl dr gym owner pro hits love one hand use running smaller phone need endurance biggish screen work stop overthinking stick pro max pro realistically handle days like mine,positive,0.9959,joy,0.7253
1qmmumr,Upgraded from iPhone 7 to iPhone 17 Pro,Upgraded from iPhone 7 to iPhone 17 Pro Upgraded from iPhone 7 to iPhone 17 Pro,iPhone17Pro,154,39,1769356667.0,https://i.redd.it/105yvb2spifg1.jpeg,upgraded iphone iphone pro upgraded iphone iphone pro,neutral,0.0,neutral,0.7122
1nyn0vt,My EDC with iPhone 17 Pro,My EDC with iPhone 17 Pro My EDC with iPhone 17 Pro What do you think of my current everyday carry.,iPhone17Pro,136,69,1759667677.0,https://i.redd.it/zyizk4wffatf1.jpeg,edc iphone pro edc iphone pro think current everyday carry,neutral,0.0,neutral,0.821
1npk35e,iPhone 17 Pro with the Mous limitless case,iPhone 17 Pro with the Mous limitless case iPhone 17 Pro with the Mous limitless case Upgraded from the iPhone 11 Pro Max. To the 1TB 17Pro. Anyone else love the color combo?,iPhone17Pro,73,89,1758738769.0,https://www.reddit.com/gallery/1npk35e,iphone pro mous limitless case iphone pro mous limitless case upgraded iphone pro max tb pro anyone else love color combo,positive,0.6369,neutral,0.7905
1pnn10d,iPhone 17 pro vs pro max (bear with me),"iPhone 17 pro vs pro max (bear with me) iPhone 17 pro vs pro max (bear with me) Hi, I know this question has been asked to death, but please bear with me. I have used pro maxes since the 12 pro max all the way to the 17 pro max. I like  the PM series as a whole but they can be cumbersome to carry because they are bulky in the pocket . I justified having a PM because of the excellent battery life compared to the one of the regular pro. 

But this year the battery life of the pro doesn’t seem to bad (allegedly it is the same as the 16 Pro Max’s). I know the one of the 17 pro max is better , but I’m wondering if I should switch  to the 17 pro because the size seems more manageable and pocket friendly .

For context I  am a guy  and have average to somewhat large hands .


Anybody who has  either done the switch / done it and came back to the max, what was your experience like and why did you stay / switch phones in the end ?

What’s your advice ?

TIA",iPhone17Pro,30,75,1765842724.0,https://www.reddit.com/r/iPhone17Pro/comments/1pnn10d/iphone_17_pro_vs_pro_max_bear_with_me/,iphone pro vs pro max bear iphone pro vs pro max bear hi know question asked death please bear used pro maxes since pro max way pro max like pm series whole cumbersome carry bulky pocket justified pm excellent battery life compared one regular pro year battery life pro seem bad allegedly pro max know one pro max better wondering switch pro size seems manageable pocket friendly context guy average somewhat large hands anybody either done switch done came back max experience like stay switch phones end advice tia,positive,0.9287,surprise,0.5313
1no16bh,Is the quality of iPhone 17 Pro and Pro max very bad?,"Is the quality of iPhone 17 Pro and Pro max very bad? Is the quality of iPhone 17 Pro and Pro max very bad? I’ve seen a lot of videos and Reddit posts saying that the new iPhone 17 Pro and Pro Max are experiencing “scratchgate” and get scratched much more easily than previous iPhones because of the aluminum. I’m planning to get the new iPhone 17 Pro Max in Deep Blue in a couple of days, but I’m honestly a bit worried after seeing what’s been happening to them. I’ll definitely use a case and a screen protector, but I’m not sure if that will be enough to prevent scratches?",iPhone17Pro,50,96,1758581616.0,https://i.redd.it/njcmn601qsqf1.jpeg,quality iphone pro pro max bad quality iphone pro pro max bad seen lot videos reddit posts saying new iphone pro pro max experiencing scratchgate get scratched much easily previous iphones aluminum planning get new iphone pro max deep blue couple days honestly bit worried seeing happening definitely use case screen protector not sure enough prevent scratches,negative,-0.4829,surprise,0.3106
1qn92kk,iPhone 17 Pro Max sold out everywhere what?,"iPhone 17 Pro Max sold out everywhere what? iPhone 17 Pro Max sold out everywhere what? Here in Portland, Oregon I was looking to get an upgrade from the 14 Pro Max to the 17 Pro Max. And come to find out that it’s nowhere in Oregon at all. They’re completely sold out of all colors. What the fuck is going on? And nobody knows when they’ll be restocked what",iPhone17Pro,48,56,1769411096.0,https://www.reddit.com/r/iPhone17Pro/comments/1qn92kk/iphone_17_pro_max_sold_out_everywhere_what/,iphone pro max sold everywhere iphone pro max sold everywhere portland oregon looking get upgrade pro max pro max come find nowhere oregon completely sold colors fuck going nobody knows restocked,negative,-0.5809,surprise,0.6659
1qk02nv,"Got today , my iphone 17 pro","Got today , my iphone 17 pro Got today , my iphone 17 pro",iPhone17Pro,313,20,1769101354.0,https://www.reddit.com/gallery/1qk02nv,got today iphone pro got today iphone pro,neutral,0.0,surprise,0.4738
1r45mnv,iphone air owners vs 17 pro owners,"iphone air owners vs 17 pro owners iphone air owners vs 17 pro owners anyone else peek in the air sub and see all the people laying out multi-paragraph manifestos describing why the air is a great phone despite its shortcomings? I cant decide if it’s funny or sad. it usually also involves trashing other iphone models for some reason. 

meanwhile people here are terrified their batteries aren’t military grade, wondering how durable aluminum is, or arguing over the best color.",iPhone17Pro,31,53,1771027872.0,https://www.reddit.com/r/iPhone17Pro/comments/1r45mnv/iphone_air_owners_vs_17_pro_owners/,iphone air owners vs pro owners iphone air owners vs pro owners anyone else peek air sub see people laying multi paragraph manifestos describing air great phone despite shortcomings cant decide funny sad usually also involves trashing iphone models reason meanwhile people terrified batteries military grade wondering durable aluminum arguing best color,positive,0.3502,fear,0.9628
1qdpo34,What do you think about the iPhone 17 Pro Max’s gaming performance?,What do you think about the iPhone 17 Pro Max’s gaming performance? What do you think about the iPhone 17 Pro Max’s gaming performance?,iPhone17Pro,59,55,1768497770.0,https://i.redd.it/egmvdfdurjdg1.jpeg,think iphone pro max gaming performance think iphone pro max gaming performance,neutral,0.0,neutral,0.7319
1p4bzpu,I’ve been dying to get this #Ghost case for my iPhone 17 pro max!!! BEST CASE EVER!!,I’ve been dying to get this #Ghost case for my iPhone 17 pro max!!! BEST CASE EVER!! I’ve been dying to get this #Ghost case for my iPhone 17 pro max!!! BEST CASE EVER!!,iPhone17Pro,97,61,1763867339.0,https://www.reddit.com/gallery/1p4bzpu,dying get ghost case iphone pro max best case ever dying get ghost case iphone pro max best case ever,positive,0.7003,fear,0.6356
1q0hliz,"Bought an iPhone 17 PM, debating whether I should downsize to the Pro","Bought an iPhone 17 PM, debating whether I should downsize to the Pro Bought an iPhone 17 PM, debating whether I should downsize to the Pro So my iPhone 17 Pro Max arrived (first iPhone btw) and I still haven't unboxed it yet, because after holding the box in my hands it felt so heavy and massive. And it's getting harder not to open with every second. The funny thing is my current phone is almost the identical size (height and width), however mine weighs only 200g compared to the 231-233g of the 17 Pro Max, which makes the size quite comfortable enough. Now I'm really debating wether I should downsize or if it ain't as bad as I make it to be.

So I wanna ask your opinions. Do you use the Pro Max? If so, do you wish you had the smaller size with less weight? And to the regular Pro users, do you wish you rather had the bigger Screen of the Pro Max? Any regrets of getting any of these sizes? Please feel free to share your experiences.


EDIT: I have decided that I want to keep the Pro Max, so I opened the box and took the Phone out. No regrets! The 17 Pro Max is simply amazing. I love the size and the feel of it. Even with a case on my 17 Pro Max, the phone doesn't feel too much heavier than my caseless 200g phone. I thank every person sharing their opinions and experiences which helped me a lot with my decision! That being said, neither is a bad or wrong decision.

I wish everyone a Happy New Year tonight! Enjoy time with Family and Friends and stay healthy :)",iPhone17Pro,16,70,1767199922.0,https://www.reddit.com/r/iPhone17Pro/comments/1q0hliz/bought_an_iphone_17_pm_debating_whether_i_should/,bought iphone pm debating whether downsize pro bought iphone pm debating whether downsize pro iphone pro max arrived first iphone btw still unboxed yet holding box hands felt heavy massive getting harder not open every second funny thing current phone almost identical size height width however mine weighs compared pro max makes size quite comfortable enough really debating wether downsize bad make wanna ask opinions use pro max wish smaller size less weight regular pro users wish rather bigger screen pro max regrets getting sizes please feel free share experiences edit decided want keep pro max opened box took phone no regrets pro max simply amazing love size feel even case pro max phone feel much heavier caseless phone thank every person sharing opinions experiences helped lot decision said neither bad wrong decision wish everyone happy new year tonight enjoy time family friends stay healthy,positive,0.9933,sadness,0.5427
1o3xhdz,My iPhone 17 Pro Deep Blue with the Tech Woven Purple Case 😍💜,"My iPhone 17 Pro Deep Blue with the Tech Woven Purple Case 😍💜 My iPhone 17 Pro Deep Blue with the Tech Woven Purple Case 😍💜 So… I didn’t expect this combo to look this good.
Under sunlight, the Deep Blue turns almost purple, and the purple TechWoven case just makes it glow.
It’s giving “accidentally perfect color match.”
Kinda obsessed with how subtle and rich it looks",iPhone17Pro,309,37,1760194041.0,https://www.reddit.com/gallery/1o3xhdz,iphone pro deep blue tech woven purple case iphone pro deep blue tech woven purple case expect combo look good sunlight deep blue turns almost purple purple techwoven case makes glow giving accidentally perfect color match kinda obsessed subtle rich looks,positive,0.8601,joy,0.3845
1ogz67i,iPhone 17 Pro Max Spigen Ultra Hybrid Magfit Case is 🔥,"iPhone 17 Pro Max Spigen Ultra Hybrid Magfit Case is 🔥 iPhone 17 Pro Max Spigen Ultra Hybrid Magfit Case is 🔥 The sturdy fit, the strong magnets, and the camera control being covered is why I chose this over the apple clear case.",iPhone17Pro,87,70,1761521043.0,https://www.reddit.com/gallery/1ogz67i,iphone pro max spigen ultra hybrid magfit case iphone pro max spigen ultra hybrid magfit case sturdy fit strong magnets camera control covered chose apple clear case,positive,0.8126,neutral,0.687
1o65n54,iPhone 17 Pro (VERY surprised),"iPhone 17 Pro (VERY surprised) iPhone 17 Pro (VERY surprised) So…
	•	Started off with the iPhone 15 Pro Max
	•	Loved the performance but had two main issues: battery drain and occasional overheating
	•	Decided to upgrade to the 17 Pro Max mainly for:
	•	Better battery life
	•	Improved thermal system

Used it for about two weeks and honestly…it wasn’t for me
	•	Wrong color choice on my part (personal preference fail. I definitely felt very “blue” about it 😂 #grandpajoke )
	•	Size was a turn-off, noticeably bigger than the 15 PM
	•	Could barely fit it in my front pockets, constantly had to keep it in my back pocket or carry it in my hand

After that, I started bingeing YouTube battery comparison videos
	•	Looked at 17 Pro vs. 17 Pro Max battery tests
	•	From what I saw, real-world battery difference wasn’t as dramatic as I thought. 
	•	My main goal: get through a full day without needing a midday charge and still have some juice before bed

So I returned the Pro Max and decided to try the regular 17 Pro instead, this time in the color I actually wanted (Silver).
	•	After two full days of use, I’m genuinely shocked by the battery life!
	•	Today I pushed it hard and still got around 10 hours of screen-on time
	•	And honestly, even if I dip below 10% around 9PM and need to head back out (dinner, concert, whatever), it’s not an issue:
	•	Plug into a 45W fast charger
	•	50% in ~20 minutes
	•	Around 80% in under an hour
	•	So for me, this setup is a win–win:
	•	I get a smaller, lighter phone
	•	No real sacrifice in battery life
	•	Way more comfortable to carry and use every day

(Btw, this is the US e-sim model)",iPhone17Pro,89,72,1760414912.0,https://www.reddit.com/gallery/1o65n54,iphone pro surprised iphone pro surprised started iphone pro max loved performance two main issues battery drain occasional overheating decided upgrade pro max mainly better battery life improved thermal system used two weeks honestly wrong color choice part personal preference fail definitely felt blue grandpajoke size turn noticeably bigger pm could barely fit front pockets constantly keep back pocket carry hand started bingeing youtube battery comparison videos looked pro vs pro max battery tests saw real world battery difference dramatic thought main goal get full day without needing midday charge still juice bed returned pro max decided try regular pro instead time color actually wanted silver two full days use genuinely shocked battery life today pushed hard still got around hours screen time honestly even dip around pm need head back dinner concert whatever not issue plug fast charger minutes around hour setup win win get smaller lighter phone no real sacrifice battery life way comfortable carry use every day btw us sim model,positive,0.9781,surprise,0.9828
1rtmi4b,Stickers on my iPhone 17 Pro!!,Stickers on my iPhone 17 Pro!! Stickers on my iPhone 17 Pro!! I did not like all that empty space so the stickers really helped!,iPhone17Pro,148,25,1773502606.0,https://i.redd.it/bpwd8hgs51pg1.jpeg,stickers iphone pro stickers iphone pro not like empty space stickers really helped,negative,-0.1326,neutral,0.3833
1qdrs6a,Just got the iPhone 17 Pro Max!,Just got the iPhone 17 Pro Max! Just got the iPhone 17 Pro Max! Got it a couple days ago for myself for my birthday. Swapping from Samsung (S25 Ultra) feels fantastic to be back on Apple. Really enjoying the phenomenal battery life and clear cameras. 512 GB also is a nice upgrade from what I was at (256).,iPhone17Pro,131,40,1768502231.0,https://i.redd.it/k3dio3z35kdg1.jpeg,got iphone pro max got iphone pro max got couple days ago birthday swapping samsung ultra feels fantastic back apple really enjoying phenomenal battery life clear cameras gb also nice upgrade,positive,0.9134,joy,0.922
1pc6fm1,I finally reset my iPhone 17 Pro as NEW… it feels like a completely different phone,"I finally reset my iPhone 17 Pro as NEW… it feels like a completely different phone I finally reset my iPhone 17 Pro as NEW… it feels like a completely different phone I just wanted to share this because I honestly didn’t expect the difference to be this big. I’ve always used Quick Start/direct migration every time I upgraded my iPhone. It’s convenient, it’s fast, it “just works”… until it doesn’t. My 17 Pro was brand new and yet I kept noticing weird micro-lags, stutters, slow camera launch, random UI hiccups, keyboard delays… things that shouldn’t exist on a flagship phone. I wasn’t convinced that this was normal. It made zero sense.

Yesterday I finally said screw it and reset the whole thing, no backup restore, no quick start, just set it up as a completely fresh iPhone. And man… the difference is insane, it literally feels like I switched to another device. Animations are smoother, typing is snappier, switching lenses in the camera is instant, apps open faster and everything just feels clean. It’s the first time this phone actually feels like a 17 Pro. I did lose some old preferences and random customizations, but honestly? I’m discovering features I didn’t even know existed (like bilingual keyboard, lol). It’s been worth it. 

If you’re frustrated with small bugs on a brand-new iPhone and you always migrate from the previous one, do yourself a favor: try a clean setup at least once. It might save your sanity.",iPhone17Pro,91,58,1764676097.0,https://www.reddit.com/r/iPhone17Pro/comments/1pc6fm1/i_finally_reset_my_iphone_17_pro_as_new_it_feels/,finally reset iphone pro new feels like completely different phone finally reset iphone pro new feels like completely different phone wanted share honestly expect difference big always used quick start direct migration every time upgraded iphone convenient fast works pro brand new yet kept noticing weird micro lags stutters slow camera launch random ui hiccups keyboard delays things exist flagship phone convinced normal made zero sense yesterday finally said screw reset whole thing no backup restore no quick start set completely fresh iphone man difference insane literally feels like switched another device animations smoother typing snappier switching lenses camera instant apps open faster everything feels clean first time phone actually feels like pro lose old preferences random customizations honestly discovering features even know existed like bilingual keyboard lol worth frustrated small bugs brand new iphone always migrate previous one favor try clean setup least might save sanity,positive,0.9623,surprise,0.8291
1o7m43y,Base 15 > 17 Pro Max - I’ll never go back to base iPhone again,"Base 15 > 17 Pro Max - I’ll never go back to base iPhone again Base 15 > 17 Pro Max - I’ll never go back to base iPhone again I used to think there was not a big difference between the base and pro models, how wrong I was",iPhone17Pro,104,67,1760559853.0,https://www.reddit.com/gallery/1o7m43y,base pro max never go back base iphone base pro max never go back base iphone used think not big difference base pro models wrong,negative,-0.4767,neutral,0.6255
1nude68,iPhone 17 Pro vs Xiaomi 17 Pro – the rear mini-screen debate,"iPhone 17 Pro vs Xiaomi 17 Pro – the rear mini-screen debate iPhone 17 Pro vs Xiaomi 17 Pro – the rear mini-screen debate When comparing the iPhone 17 Pro with the Xiaomi 17 Pro, one difference stands out immediately: the Xiaomi comes with a mini display on the back, right next to the camera module. Some people love the idea and find it useful (notifications, selfies with the main camera, mini-games, etc.).

Personally, I think it completely ruins the premium design of a phone like the iPhone. Apple has always focused on elegance and simplicity, and having a small rear screen on the iPhone 17 Pro would just look ridiculous to me.

👉 What do you guys think? Would you like to see a rear mini-screen on a future iPhone, or do you feel like it doesn’t belong in Apple’s design philosophy?",iPhone17Pro,41,88,1759239343.0,https://i.redd.it/zhaxq2hs1bsf1.jpeg,iphone pro vs xiaomi pro rear mini screen debate iphone pro vs xiaomi pro rear mini screen debate comparing iphone pro xiaomi pro one difference stands immediately xiaomi comes mini display back right next camera module people love idea find useful notifications selfies main camera mini games etc personally think completely ruins premium design phone like iphone apple always focused elegance simplicity small rear screen iphone pro would look ridiculous guys think would like see rear mini screen future iphone feel like belong apple design philosophy,positive,0.9275,anger,0.524
1q32501,iPhone 17 pro mini,"iPhone 17 pro mini iPhone 17 pro mini Saw this at a night market in Hanoi, Vietnam 🇻🇳. Mini android phone with iOS themed icons and iPhone 17 Pro design.",iPhone17Pro,149,38,1767465096.0,https://www.reddit.com/gallery/1q32501,iphone pro mini iphone pro mini saw night market hanoi vietnam mini android phone ios themed icons iphone pro design,neutral,0.0,neutral,0.4905
1q8cf9j,From iPhone 14 PM --> Samsung S24 Ultra --> S25 Ultra --> 17 Pro Max,"From iPhone 14 PM --> Samsung S24 Ultra --> S25 Ultra --> 17 Pro Max From iPhone 14 PM --> Samsung S24 Ultra --> S25 Ultra --> 17 Pro Max After 1.5 years, back to the iPhone.

Used iPhone 14 Pro Max for 17 months.  
Samsung S24 Ultra 15 months  
Samsung S25 Ultra, 1 and a half months  
And Now Back to 17 Pro Max.",iPhone17Pro,208,29,1767975166.0,https://i.redd.it/6wq92ux0lccg1.jpeg,iphone pm samsung ultra ultra pro max iphone pm samsung ultra ultra pro max years back iphone used iphone pro max months samsung ultra months samsung ultra half months back pro max,neutral,0.0,neutral,0.3697
1q5w6ls,I just received my iPhone 17 Pro Max.,"I just received my iPhone 17 Pro Max. I just received my iPhone 17 Pro Max. I’m genuinely impressed and captivated by the screen, even though I own an iPad Pro M4. I’m particularly enjoying how everything appears incredibly fast and more fluid.",iPhone17Pro,171,33,1767736025.0,https://i.redd.it/8f2zjzasusbg1.jpeg,received iphone pro max received iphone pro max genuinely impressed captivated screen even though ipad pro particularly enjoying everything appears incredibly fast fluid,positive,0.8553,surprise,0.9454
1o5de9g,Loving the IPhone 17 Pro,"Loving the IPhone 17 Pro Loving the IPhone 17 Pro Been about 2 weeks now, upgraded from the 14 pro.",iPhone17Pro,222,44,1760341256.0,https://www.reddit.com/gallery/1o5de9g,loving iphone pro loving iphone pro weeks upgraded pro,positive,0.8316,neutral,0.4668
1o5tgg1,"If we had an iPhone 17 Pro in space black plus silver, it would be incredible.","If we had an iPhone 17 Pro in space black plus silver, it would be incredible. If we had an iPhone 17 Pro in space black plus silver, it would be incredible. We will be able to make duos with a MacBook Pro Space Black and an iPhone 17 Pro Space Black with ""consistency"" between devices, as Jony Ive would say, and a MacBook Pro Silver and an iPhone 17 Pro Silver, which is possible. but the white glass block spoils",iPhone17Pro,185,49,1760383424.0,https://i.redd.it/skt58ofajxuf1.png,iphone pro space black plus silver would incredible iphone pro space black plus silver would incredible able make duos macbook pro space black iphone pro space black consistency devices jony ive would say macbook pro silver iphone pro silver possible white glass block spoils,negative,-0.4404,joy,0.5175
1qdvj2y,Best Arc Pulse case color-way for my silver iPhone 17 pro max?,Best Arc Pulse case color-way for my silver iPhone 17 pro max? Best Arc Pulse case color-way for my silver iPhone 17 pro max? I can’t decide between these three. If anyone has some pictures of them irl please send it.,iPhone17Pro,50,51,1768510550.0,https://www.reddit.com/gallery/1qdvj2y,best arc pulse case color way silver iphone pro max best arc pulse case color way silver iphone pro max decide three anyone pictures irl please send,positive,0.8934,neutral,0.7161
1rtpugo,Thinking of changing to Iphone 17 pro max coming from Galaxy S23 Ultra. Is the change worth it or should I better get the S26 Ultra?,Thinking of changing to Iphone 17 pro max coming from Galaxy S23 Ultra. Is the change worth it or should I better get the S26 Ultra? Thinking of changing to Iphone 17 pro max coming from Galaxy S23 Ultra. Is the change worth it or should I better get the S26 Ultra?,iPhone17Pro,8,44,1773510453.0,https://www.reddit.com/r/iPhone17Pro/comments/1rtpugo/thinking_of_changing_to_iphone_17_pro_max_coming/,thinking changing iphone pro max coming galaxy ultra change worth better get ultra thinking changing iphone pro max coming galaxy ultra change worth better get ultra,positive,0.8225,neutral,0.4305
1p0pdnt,Thinking about upgrading my iPhone 14 Pro Max to the 17 Pro Max — worth it?,"Thinking about upgrading my iPhone 14 Pro Max to the 17 Pro Max — worth it? Thinking about upgrading my iPhone 14 Pro Max to the 17 Pro Max — worth it? My 14 Pro Max has dropped a lot in resale value, the battery life got noticeably worse after iOS 26, and the new cameras on the 17 Pro Max look really good. I’m tempted to upgrade now before my current phone loses even more value.

Why should I switch? Or better question — is the 17 Pro Max actually worth buying over the 14 Pro Max?",iPhone17Pro,43,68,1763503263.0,https://www.reddit.com/gallery/1p0pdnt,thinking upgrading iphone pro max pro max worth thinking upgrading iphone pro max pro max worth pro max dropped lot resale value battery life got noticeably worse ios new cameras pro max look really good tempted upgrade current phone loses even value switch better question pro max actually worth buying pro max,positive,0.8479,sadness,0.6872
1re8f8w,"My iPhone 17 Pro, shot on my legendary iPhone 6.","My iPhone 17 Pro, shot on my legendary iPhone 6. My iPhone 17 Pro, shot on my legendary iPhone 6. ""Does anyone else think my phone setup is a bit too 'extra'?😭""",iPhone17Pro,91,33,1772010767.0,https://i.redd.it/rowvgh8qxllg1.jpeg,iphone pro shot legendary iphone iphone pro shot legendary iphone anyone else think phone setup bit extra,positive,0.0,surprise,0.4525
1ova493,Iphone 17 pro or 17 pro max?,"Iphone 17 pro or 17 pro max? Iphone 17 pro or 17 pro max? I am currently using an Iphone 15 pro max. I have small hands but I chose to have the Max for longer battery life and camera. I love taking pictures! Now I am planning to upgrade, also have an Ipad Air. Is Iphone 17 pro good enough?",iPhone17Pro,40,69,1762965590.0,https://www.reddit.com/r/iPhone17Pro/comments/1ova493/iphone_17_pro_or_17_pro_max/,iphone pro pro max iphone pro pro max currently using iphone pro max small hands chose max longer battery life camera love taking pictures planning upgrade also ipad air iphone pro good enough,positive,0.7964,joy,0.3993
1nn42dy,From iPhone 15 pro max to iPhone 17 pro max,From iPhone 15 pro max to iPhone 17 pro max From iPhone 15 pro max to iPhone 17 pro max,iPhone17Pro,99,68,1758489681.0,https://i.redd.it/clb1yxen4lqf1.jpeg,iphone pro max iphone pro max iphone pro max iphone pro max,neutral,0.0,neutral,0.7155
1ozcpqm,iPhone 17 Pro Battery is Amazing!,"iPhone 17 Pro Battery is Amazing! iPhone 17 Pro Battery is Amazing! Title says it all, can imagine the Max! Great job, Apple :-)",iPhone17Pro,79,57,1763374845.0,https://i.redd.it/xy0hygerms1g1.jpeg,iphone pro battery amazing iphone pro battery amazing title says imagine max great job apple,positive,0.9136,surprise,0.5773
1rs05w1,iPhone 17 Pro Max 5 Months Update,"iPhone 17 Pro Max 5 Months Update iPhone 17 Pro Max 5 Months Update I can't believe I'm saying this (avid iPhone forever fan)... but honestly I upgraded from the iPhone 11 Pro Max and have been using this new phone since, and I wish I had gotten the iPhone 16 Pro Max. 

First of all, the exterior aluminum is so fragile and I am soo scared to use it caseless. I am constantly worried and babying my phone when I shouldn't have to after paying more than $2k on it.

Second of all, the camera is so weird! When I try to take a picture using the normal rear camera, it focuses in on the subject, leaving the surrounding so blurry so when I take a food pic it blurs the edges of the dish and looks very ugly.

  
Third, despite being on iOS 26.3.1 (newest update), I still get the bug that the brightness randomly goes up, or when I try to decrease the brightness in the control center, it glitches and decreases in a spotty way, and doesn't even go down fully.

  
The phone still gets warm when charging, I use fast charge but surprised the vapor chamber cooling system doesn't cool it down. Despite this though, battery life has been great and still standing strong at 100%.",iPhone17Pro,1,43,1773342908.0,https://www.reddit.com/r/iPhone17Pro/comments/1rs05w1/iphone_17_pro_max_5_months_update/,iphone pro max months update iphone pro max months update believe saying avid iphone forever fan honestly upgraded iphone pro max using new phone since wish gotten iphone pro max first exterior aluminum fragile soo scared use caseless constantly worried babying phone paying second camera weird try take picture using normal rear camera focuses subject leaving surrounding blurry take food pic blurs edges dish looks ugly third despite ios newest update still get bug brightness randomly goes try decrease brightness control center glitches decreases spotty way even go fully phone still gets warm charging use fast charge surprised vapor chamber cooling system cool despite though battery life great still standing strong,positive,0.9468,surprise,0.5393
1pes9o8,Advice iphone 17 pro or pro max,"Advice iphone 17 pro or pro max Advice iphone 17 pro or pro max I need advice ive been searching through youtube and asking chatgpt but I still can't choose, every youtuber is saying the same things just wording it differently so I need your guys opinions, I want to start off with that I am a gamer, I play codm, genshin and I would like to play more games that comes out in the future, I only have a 4 hour window to game during the week after I get home from work and during the weekends I have more time to game but I also go hiking and do outdoor sports and hang out with friends so I like taking good pictures when im on hikes and stuff, so I want to ask which one do you guys think I should get? Currently I have enough money for the pro or should I wait save up a bit more and just get the pro max?",iPhone17Pro,8,69,1764932571.0,https://www.reddit.com/r/iPhone17Pro/comments/1pes9o8/advice_iphone_17_pro_or_pro_max/,advice iphone pro pro max advice iphone pro pro max need advice ive searching youtube asking chatgpt still choose every youtuber saying things wording differently need guys opinions want start gamer play codm genshin would like play games comes future hour window game week get home work weekends time game also go hiking outdoor sports hang friends like taking good pictures im hikes stuff want ask one guys think get currently enough money pro wait save bit get pro max,positive,0.9559,neutral,0.4149
1qsqd5s,My new iphone 17 pro max mini,My new iphone 17 pro max mini My new iphone 17 pro max mini,iPhone17Pro,125,32,1769925697.0,https://v.redd.it/ftn8tuosptgg1,new iphone pro max mini new iphone pro max mini,positive,0.0,neutral,0.634
1rkk4r1,iphone 17 pro vs pro max,"iphone 17 pro vs pro max iphone 17 pro vs pro max hey guys, i’m wondering which is better? price is not the problem, and i know 17PM is “better” but which is better for every day life? i never had a pro model of iphone, i always had base ones, and the size is perfect, last one i had and still have is iphone 12, now idk do i get pro or pro max, i feel like pro max will be too big, i tried checking it out in stores, but no store had it on display unfortunately, what’s y’all opinion, will pro max be too big?",iPhone17Pro,16,42,1772627277.0,https://www.reddit.com/r/iPhone17Pro/comments/1rkk4r1/iphone_17_pro_vs_pro_max/,iphone pro vs pro max iphone pro vs pro max hey guys wondering better price not problem know pm better better every day life never pro model iphone always base ones size perfect last one still iphone idk get pro pro max feel like pro max big tried checking stores no store display unfortunately opinion pro max big,positive,0.9034,surprise,0.4587
1q73wq8,Got my First ever Iphone 17 pro after using Samsung for years - Lets see,Got my First ever Iphone 17 pro after using Samsung for years - Lets see Got my First ever Iphone 17 pro after using Samsung for years - Lets see,iPhone17Pro,107,39,1767851848.0,https://i.redd.it/mvse4hl6f2cg1.jpeg,got first ever iphone pro using samsung years lets see got first ever iphone pro using samsung years lets see,positive,0.0,surprise,0.3829
1oxov84,iPhone 17 Pro - Phone Rebel Gen 7,iPhone 17 Pro - Phone Rebel Gen 7 iPhone 17 Pro - Phone Rebel Gen 7 Finally arrived yesterday! Case feels amazing it hand. This is my first Phone Rebel Gen case so of course I had to swap the buttons. Personally I like the open face over the camera plateau covered more at the moment. What ways are yall thinking to customize yours? I also have Aulumu case coming in Monday and can’t wait to compare.,iPhone17Pro,110,51,1763204162.0,https://www.reddit.com/gallery/1oxov84,iphone pro phone rebel gen iphone pro phone rebel gen finally arrived yesterday case feels amazing hand first phone rebel gen case course swap buttons personally like open face camera plateau covered moment ways yall thinking customize also aulumu case coming monday wait compare,positive,0.7717,surprise,0.922
1q1kfrw,Stuttering and lag on iPhone 17 Pro running iOS 26,"Stuttering and lag on iPhone 17 Pro running iOS 26 Stuttering and lag on iPhone 17 Pro running iOS 26 On a brand new iPhone 17 Pro running iOS 26, I’m experiencing noticeable performance issues. The home screen often feels stuttery, and there are occasional stutters when scrolling. There are also small but frequent lags throughout the system, such as when opening or closing widgets and when interacting with folders, which makes the overall experience feel less smooth than expected.

It’s unacceptable that this problem exists on a brand new €1300 phone.  Is it a software issue or something else? It’s really annoying and I’ve never had this problem on my 14.

Edit: If anybody's facing the same issue, here are a few methods you can try to fix it.

**- Force restart your iPhone** (Press the volume up button, then the volume down button. After that, press and hold the power button until the screen turns black. Let go once the Apple logo appears.) This is the most efficient method you can try that fixes a lot of bugs easily and quickly.

\- Remove unnecessary widgets (This method seems to have helped a bit since iOS 26.2 is having trouble processing these new animations.)

**- Reset all your settings** (Go into *Settings>General*, then scroll all the way down until you find the *Transfer or Reset iPhone* option, and click on it. Once you're there, find the *Reset* option and select the settings you want to reset or just reset all of them.) P.S. This method did not work for me, but it's worth a shot.

**- Factory reset** (Factory resetting your iPhone can help fix persistent bugs or glitches by restoring the device to its original settings. It removes temporary files, corrupted data, and problematic apps that may be causing issues. Before resetting, make sure to back up your data, since the process will erase everything on the device.)

**- Turn off** ***Adaptive Power*** (When your battery usage is higher than usual, iPhone can extend your battery life by making performance adjustments, such as lowering display brightness, allowing some activities to take longer, or turning on Low Power Mode at 20%.)

If none of these ""methods"" work, you realistically can't fix it. I suggest using your warranty or waiting for the next software update. I loved Apple until this started happening. It's absolutely ridiculous.",iPhone17Pro,6,60,1767315038.0,https://www.reddit.com/r/iPhone17Pro/comments/1q1kfrw/stuttering_and_lag_on_iphone_17_pro_running_ios_26/,stuttering lag iphone pro running ios stuttering lag iphone pro running ios brand new iphone pro running ios experiencing noticeable performance issues home screen often feels stuttery occasional stutters scrolling also small frequent lags throughout system opening closing widgets interacting folders makes overall experience feel less smooth expected unacceptable problem exists brand new phone software issue something else really annoying never problem edit anybody facing issue methods try fix force restart iphone press volume button volume button press hold power button screen turns black let go apple logo appears efficient method try fixes lot bugs easily quickly remove unnecessary widgets method seems helped bit since ios trouble processing new animations reset settings go settings general scroll way find transfer reset iphone option click find reset option select settings want reset reset method not work worth shot factory reset factory resetting iphone help fix persistent bugs glitches restoring device original settings removes temporary files corrupted data problematic apps may causing issues resetting make sure back data since process erase everything device turn adaptive power battery usage higher usual iphone extend battery life making performance adjustments lowering display brightness allowing activities take longer turning low power mode none methods work realistically fix suggest using warranty waiting next software update loved apple started happening absolutely ridiculous,negative,-0.8163,sadness,0.5167
1rdwia5,iPhone 17 pro battery drain since IOS 26.3 update,"iPhone 17 pro battery drain since IOS 26.3 update iPhone 17 pro battery drain since IOS 26.3 update for the admins I did use the search function.  theres only been one post since the recent IOS update about a battery drain,  that post was about an iPhone 11.

  
what hasn’t been discussed is those of us with iPhone 17 pro’s who have experienced decreased battery life since the new ios.  my used to last an entire day, whereas now I have to charge it half way through.  Who else is experiencing this?",iPhone17Pro,20,42,1771975658.0,https://www.reddit.com/r/iPhone17Pro/comments/1rdwia5/iphone_17_pro_battery_drain_since_ios_263_update/,iphone pro battery drain since ios update iphone pro battery drain since ios update admins use search function theres one post since recent ios update battery drain post iphone discussed us iphone pro experienced decreased battery life since new ios used last entire day whereas charge half way else experiencing,neutral,0.0,sadness,0.7496
1o6skti,iPhone 17 Pro Max Cases,"iPhone 17 Pro Max Cases iPhone 17 Pro Max Cases Finally received my iPhone, here are my cases so far.

1. Benks Mist Case
2. Benks Aurora ArmorPro Case - still debating if I should keep. 
3. Belemay Crazy Horse Leather Case",iPhone17Pro,121,54,1760477763.0,https://www.reddit.com/gallery/1o6skti,iphone pro max cases iphone pro max cases finally received iphone cases far benks mist case benks aurora armorpro case still debating keep belemay crazy horse leather case,negative,-0.34,neutral,0.431
1qgv0wj,Can’t decide between two cases for the iPhone 17 Pro,"Can’t decide between two cases for the iPhone 17 Pro Can’t decide between two cases for the iPhone 17 Pro Hi guys, after a long time searching for a case, I’ve finally narrowed it down to two finalists (although that might change in the near future lol). I’m not sure if it’s okay to ask, since I know there are a lot of questions like mine, but I feel like asking is the only way out of this.
So, if you could help me, which of these would you choose for the Deep Blue iPhone 17 Pro?
PS: Honestly, I feel like not having a camera bump cover is a bit of a downside for me, but if the overall quality is better, I could deal with it.
Also, I’m open to buying the A17 in Translucent Gray.
Photo 1: Phone Rebel Gen 7 Aramid Fiber
Photo 2: Aulumu A17 Translucent White",iPhone17Pro,30,49,1768798932.0,https://www.reddit.com/gallery/1qgv0wj,decide two cases iphone pro decide two cases iphone pro hi guys long time searching case finally narrowed two finalists although might change near future lol not sure okay ask since know lot questions like mine feel like asking way could help would choose deep blue iphone pro ps honestly feel like not camera bump cover bit downside overall quality better could deal also open buying translucent gray photo phone rebel gen aramid fiber photo aulumu translucent white,positive,0.9131,sadness,0.6694
1nygoii,Finally got the iPhone 17 PM :),"Finally got the iPhone 17 PM :) Finally got the iPhone 17 PM :) So I checked the Apple website yesterday and out of curiosity checked the stock for the iPhone 17 pro Max in my area and they had one of the cosmic orange available so I swiped it! 😃

I’m coming from a Google Pixel 9 Pro XL so I’ve done as much as I could to make the iPhone more like android in terms of AI features and customisation.",iPhone17Pro,192,44,1759645123.0,https://www.reddit.com/gallery/1nygoii,finally got iphone pm finally got iphone pm checked apple website yesterday curiosity checked stock iphone pro max area one cosmic orange available swiped coming google pixel pro xl done much could make iphone like android terms ai features customisation,positive,0.3612,surprise,0.752
1q62nl8,How is the Iphone 17 pro max and which color do you recommend?,How is the Iphone 17 pro max and which color do you recommend? How is the Iphone 17 pro max and which color do you recommend?,iPhone17Pro,2,58,1767751780.0,https://www.reddit.com/r/iPhone17Pro/comments/1q62nl8/how_is_the_iphone_17_pro_max_and_which_color_do/,iphone pro max color recommend iphone pro max color recommend,positive,0.6124,neutral,0.7753
1p5b8cl,iphone 17 pro max,iphone 17 pro max iphone 17 pro max Are the black dots on the back of the iPhone 17 Pro Max caused by normal manufacturing processes?,iPhone17Pro,37,61,1763970957.0,https://i.redd.it/vyhh07uav53g1.jpeg,iphone pro max iphone pro max black dots back iphone pro max caused normal manufacturing processes,neutral,0.0,neutral,0.3509
1pr91sq,iPhone 17 Pro cases,iPhone 17 Pro cases iPhone 17 Pro cases These are the cases I bought for my silver iPhone 17 Pro. Which ones do you like?,iPhone17Pro,77,45,1766217368.0,https://i.redd.it/9oyx2561fb8g1.jpeg,iphone pro cases iphone pro cases cases bought silver iphone pro ones like,positive,0.3612,neutral,0.7011
1oymplw,iPhone 17 Pro Users: Any Scratches or Color Issues?,"iPhone 17 Pro Users: Any Scratches or Color Issues? iPhone 17 Pro Users: Any Scratches or Color Issues? Hey everyone! I’m considering upgrading to the iPhone 17 Pro Max — I currently have the 14 Pro Max and would really like to make the jump. For those of you who have already purchased any of the iPhone 17 Pro models, have you noticed any issues, such as scratches or color peeling? Or are those reports just exaggerated? Thanks!",iPhone17Pro,16,67,1763302310.0,https://www.reddit.com/r/iPhone17Pro/comments/1oymplw/iphone_17_pro_users_any_scratches_or_color_issues/,iphone pro users scratches color issues iphone pro users scratches color issues hey everyone considering upgrading iphone pro max currently pro max would really like make jump already purchased iphone pro models noticed issues scratches color peeling reports exaggerated thanks,positive,0.6478,joy,0.3832
1oisvgn,"If the iPhone 17 Pro comes in these colors, which one would you choose?","If the iPhone 17 Pro comes in these colors, which one would you choose? If the iPhone 17 Pro comes in these colors, which one would you choose?",iPhone17Pro,31,68,1761704620.0,https://i.redd.it/457joliboyxf1.jpeg,iphone pro comes colors one would choose iphone pro comes colors one would choose,neutral,0.0,neutral,0.8852
1oxhj6e,iPhone 17 Pro Battery Life is Amazing,"iPhone 17 Pro Battery Life is Amazing iPhone 17 Pro Battery Life is Amazing Title says it all, can imagine the Max! Great job Apple :-)",iPhone17Pro,70,54,1763178168.0,https://www.reddit.com/r/iPhone17Pro/comments/1oxhj6e/iphone_17_pro_battery_life_is_amazing/,iphone pro battery life amazing iphone pro battery life amazing title says imagine max great job apple,positive,0.9136,surprise,0.6321
1p4dztz,My current iPhone 17 Pro and Apple Watch Ultra 2,My current iPhone 17 Pro and Apple Watch Ultra 2 My current iPhone 17 Pro and Apple Watch Ultra 2 I have the dbrand tank case with orange buttons and the Torras orange lens protectors. I know I should have gotten the orange iPhone 17 Pro but I didn’t.  Also my Ultra 2 with the ESR screen protector and Nomad Stratos band.,iPhone17Pro,115,44,1763873632.0,https://i.redd.it/ebnbn9ewtx2g1.jpeg,current iphone pro apple watch ultra current iphone pro apple watch ultra dbrand tank case orange buttons torras orange lens protectors know gotten orange iphone pro also ultra esr screen protector nomad stratos band,neutral,0.0,neutral,0.6344
1qlqflr,Upgraded from iPhone 11 to iPhone 17 Pro,"Upgraded from iPhone 11 to iPhone 17 Pro Upgraded from iPhone 11 to iPhone 17 Pro After years on my iPhone 11, switching to the iPhone 17 Pro feels like a massive upgrade. I didn’t move just for better specs, I mainly wanted to see how much the overall experience had actually changed since the 11.

The first thing I noticed compared to the iPhone 11 is how smooth everything feels. On the 11, iOS 26 felt a bit buggy at times, but on the 17 Pro everything has been consistently fast and stable. The camera is also a clear step up — not just better quality, but way more reliable. I can point and shoot and trust the result without adjusting anything.

Battery life has also been better than what I was getting on the iPhone 11, especially when it comes to standby drain.

Not trying to compare phones or start debates. Just sharing a genuine upgrade experience and curious if others felt the same jumping from an older iPhone.",iPhone17Pro,176,23,1769269863.0,https://www.reddit.com/gallery/1qlqflr,upgraded iphone iphone pro upgraded iphone iphone pro years iphone switching iphone pro feels like massive upgrade move better specs mainly wanted see much overall experience actually changed since first thing noticed compared iphone smooth everything feels ios felt bit buggy times pro everything consistently fast stable camera also clear step not better quality way reliable point shoot trust result without adjusting anything battery life also better getting iphone especially comes standby drain not trying compare phones start debates sharing genuine upgrade experience curious others felt jumping older iphone,positive,0.9402,sadness,0.6469
1ome9pz,iPhone 17 pro,"iPhone 17 pro iPhone 17 pro So I went to look at all the new iPhones yesterday in the Apple Store, I’ve currently got a 14 pro and I don’t know if anyone else feels like myself but the new iPhones just felt cheap. My battery on my current phone is not great but I’m finding it hard to justify upgrading to the 17 pro. I’ve got the money to upgrade right now, but when I looked at my 14 pro in space black stainless steel it felt and looked more premium. 

For those who have upgraded from a previous pro phone did you get used to the aluminum build and new design?",iPhone17Pro,9,71,1762080566.0,https://www.reddit.com/r/iPhone17Pro/comments/1ome9pz/iphone_17_pro/,iphone pro iphone pro went look new iphones yesterday apple store currently got pro know anyone else feels like new iphones felt cheap battery current phone not great finding hard justify upgrading pro got money upgrade right looked pro space black stainless steel felt looked premium upgraded previous pro phone get used aluminum build new design,negative,-0.1275,joy,0.7366
1o7lh48,Finally got iPhone 17 pro max,"Finally got iPhone 17 pro max Finally got iPhone 17 pro max Case: Benks Armor Air

Case looks amazing
I don’t drop my phone much and i also always get applecare+ thats why i got this case.",iPhone17Pro,237,33,1760558410.0,https://www.reddit.com/gallery/1o7lh48,finally got iphone pro max finally got iphone pro max case benks armor air case looks amazing drop phone much also always get applecare thats got case,positive,0.4019,surprise,0.6048
1ny2blz,iPhone 17 Pro Max Cosmic Orange,"iPhone 17 Pro Max Cosmic Orange iPhone 17 Pro Max Cosmic Orange After having it in person, I can say I’m not that much of a fan so will be sticking to Silver now. It’s too bright for me and in certain lighting, it doesn’t look as nice. It’s definitely a bold colour from Apple’s perspective to release.",iPhone17Pro,155,46,1759604288.0,https://i.redd.it/yg6zc2hy65tf1.jpeg,iphone pro max cosmic orange iphone pro max cosmic orange person say not much fan sticking silver bright certain lighting look nice definitely bold colour apple perspective release,positive,0.879,joy,0.6553
1pch8oa,From $400 Samsung to iPhone 17 Pro Max (finally),"From $400 Samsung to iPhone 17 Pro Max (finally) From $400 Samsung to iPhone 17 Pro Max (finally) So today I finally managed to get my first iphone. Waited more than a month for this silver beauty. Was offered the blue so many times but I was just so keen on the silver and trust me, it was worth it.

Have been using mid tier android phones since a long time and this is a game changer. The camera is crazy good and the pro max is definitely lighter than I thought. It actually feels the same weight as my 6.4' samsung a54 lol. 
Also bought the apple clear case way long ago as imo it gives the best look with silver.
Also got the spigen glass protector (defo need that).

The silver looks so so good irl, especially with the clear case!!! Anyone still deciding trust me just go for it its worth every penny",iPhone17Pro,150,36,1764702227.0,https://i.redd.it/2rhc7xlq9u4g1.jpeg,samsung iphone pro max finally samsung iphone pro max finally today finally managed get first iphone waited month silver beauty offered blue many times keen silver trust worth using mid tier android phones since long time game changer camera crazy good pro max definitely lighter thought actually feels weight samsung lol also bought apple clear case way long ago imo gives best look silver also got spigen glass protector defo need silver looks good irl especially clear case anyone still deciding trust go worth every penny,positive,0.9865,joy,0.4659
1o2swzj,iPhone 17 pro max battery,iPhone 17 pro max battery iPhone 17 pro max battery Anyone else absolutely shocked by how good Apple did with the battery on the pro max? I could go a full day of heavy use and still have 50% or more by the end of the day,iPhone17Pro,65,62,1760075688.0,https://www.reddit.com/r/iPhone17Pro/comments/1o2swzj/iphone_17_pro_max_battery/,iphone pro max battery iphone pro max battery anyone else absolutely shocked good apple battery pro max could go full day heavy use still end day,positive,0.1494,surprise,0.9843
1rgp050,Samsung’s iPhone 17 Pro smear campaign was definitely done for a reason.,"Samsung’s iPhone 17 Pro smear campaign was definitely done for a reason. Samsung’s iPhone 17 Pro smear campaign was definitely done for a reason. At first, I thought it was just to slow down the sales of the 17 Pro Max. As many people here know every year Samsung focuses deeply on copying and trashing Apple‘s flagship phone. This time around the 17 Pro and the 17 Pro Max got a lot of trashing by people dropping the phones on purpose, which was really Samsung in disguise because who would keep dropping their $1000 phones the very first week after receiving them? The first week was terrible.

There were also quite a ton of Samsung fans coming over to the iPhone 17 Pro sub and laughing and calling the 17 pro garbage. Now the new S26 ultra is made of aluminum and they’re already proving to dent easily.

Furthermore, the privacy screen feature reduces the quality of the screen because the viewing angles are now very limited, with the privacy screen turned off.

They didn’t do much on the phone but charge the customer $100 more than the 17 Pro Max. So Samsung‘s MO is to make Apple take the hit first while they are secretly doing the same thing Apple is doing in terms of making their phones the same way because they know the 17 Pro Max is a fantastic phone.",iPhone17Pro,33,34,1772241284.0,https://www.reddit.com/r/iPhone17Pro/comments/1rgp050/samsungs_iphone_17_pro_smear_campaign_was/,samsung iphone pro smear campaign definitely done reason samsung iphone pro smear campaign definitely done reason first thought slow sales pro max many people know every year samsung focuses deeply copying trashing apple flagship phone time around pro pro max got lot trashing people dropping phones purpose really samsung disguise would keep dropping phones first week receiving first week terrible also quite ton samsung fans coming iphone pro sub laughing calling pro garbage new ultra made aluminum already proving dent easily furthermore privacy screen feature reduces quality screen viewing angles limited privacy screen turned much phone charge customer pro max samsung mo make apple take hit first secretly thing apple terms making phones way know pro max fantastic phone,positive,0.575,anger,0.5326
1nz6g6o,iPhone 17 pro max preorder delivery,iPhone 17 pro max preorder delivery iPhone 17 pro max preorder delivery Anyone still waiting for their pre-ordered iPhone 17 pro max? I pre-ordered mine on September 15 and was given October 7-14 as expected delivery date. I haven’t been charged and haven’t received an update either. Anyone else in the same boat? I’m in the US.,iPhone17Pro,20,73,1759715320.0,https://www.reddit.com/r/iPhone17Pro/comments/1nz6g6o/iphone_17_pro_max_preorder_delivery/,iphone pro max preorder delivery iphone pro max preorder delivery anyone still waiting pre ordered iphone pro max pre ordered mine september given october expected delivery date charged received update either anyone else boat us,negative,-0.2023,neutral,0.5134
1nwc7ov,Comparison to my first iPhone 1 is amazing (17 Pro),Comparison to my first iPhone 1 is amazing (17 Pro) Comparison to my first iPhone 1 is amazing (17 Pro) Got my Gen 1 launch week 2007. 17 Pro yesterday. Have had several in between.,iPhone17Pro,288,28,1759430626.0,https://www.reddit.com/gallery/1nwc7ov,comparison first iphone amazing pro comparison first iphone amazing pro got gen launch week pro yesterday several,positive,0.8225,surprise,0.6974
1r6wdce,iphone 17 pro got ran over,"iphone 17 pro got ran over iphone 17 pro got ran over for context, it like fell out of my pocket nd into the road. i didn’t notice it was gone until i got home. i had to track it down w/ my friend’s phone and when we found it, it was in the middle of the road… i’m assuming it got ran over since the screen protector was completely shattered. but, however, the phone basically survived. here’s the problem though, there’s now a white line on the screen and honestly, i’m not sure if the phone will survive. has this happened to anyone or does anyone have advice?",iPhone17Pro,55,32,1771302579.0,https://i.redd.it/40zjrxbzfzjg1.jpeg,iphone pro got ran iphone pro got ran context like fell pocket nd road notice gone got home track friend phone found middle road assuming got ran since screen protector completely shattered however phone basically survived problem though white line screen honestly not sure phone survive happened anyone anyone advice,positive,0.6053,surprise,0.6401
1ojp0wa,Would you like the iPhone 17 Pro if it were this color?,Would you like the iPhone 17 Pro if it were this color? Would you like the iPhone 17 Pro if it were this color?,iPhone17Pro,134,42,1761794066.0,https://i.redd.it/te72mnba26yf1.jpeg,would like iphone pro color would like iphone pro color,positive,0.6124,neutral,0.555
1p96khc,"iPhone 17 Pro, Arc Pulse, and Orange OhSnap 5","iPhone 17 Pro, Arc Pulse, and Orange OhSnap 5 iPhone 17 Pro, Arc Pulse, and Orange OhSnap 5 Decided not go with a normal case to show off the orange, better thermals, and I just like the bare phone feel. Compromised with the Arc Pulse to have some basic protection, though I already have a small dent. OhSnap 5 in orange has been perfect since the aluminum is quite slippery. I really love this set up.",iPhone17Pro,58,49,1764365079.0,https://www.reddit.com/gallery/1p96khc,iphone pro arc pulse orange ohsnap iphone pro arc pulse orange ohsnap decided not go normal case show orange better thermals like bare phone feel compromised arc pulse basic protection though already small dent ohsnap orange perfect since aluminum quite slippery really love set,positive,0.9307,sadness,0.9331
1qerolf,iPhone 17 Pro Max + Apple mesh case,iPhone 17 Pro Max + Apple mesh case iPhone 17 Pro Max + Apple mesh case,iPhone17Pro,157,24,1768596364.0,https://www.reddit.com/gallery/1qerolf,iphone pro max apple mesh case iphone pro max apple mesh case,neutral,0.0,neutral,0.8395
1nsmftg,iPhone 17 Pro vs Pro Max | Real-world battery difference?,"iPhone 17 Pro vs Pro Max | Real-world battery difference? iPhone 17 Pro vs Pro Max | Real-world battery difference? Not looking for Apple’s video playback or mAh numbers.   
  
How much better is the **Pro Max** in day-to-day use? If you’ve used both, what’s your typical screen-on time and end-of-day % on heavy days (camera, maps, 5G) vs light days? Any heat/throttling differences?  
  
For context, I’ve used iPhone 13 Pro, 15 Pro, Samsung S24 Ultra, Vivo X200 Pro, and I’m currently on the Vivo X200 Ultra.   
  
Is the size/weight trade-off worth it purely for battery?",iPhone17Pro,22,72,1759060500.0,https://www.reddit.com/r/iPhone17Pro/comments/1nsmftg/iphone_17_pro_vs_pro_max_realworld_battery/,iphone pro vs pro max real world battery difference iphone pro vs pro max real world battery difference not looking apple video playback mah numbers much better pro max day day use used typical screen time end day heavy days camera maps vs light days heat throttling differences context used iphone pro pro samsung ultra vivo pro currently vivo ultra size weight trade worth purely battery,positive,0.5859,neutral,0.4081
1r9aatp,Moft Case For IPhone 17 Pro Max Orange,Moft Case For IPhone 17 Pro Max Orange Moft Case For IPhone 17 Pro Max Orange MoFt case and wallet go hard for the orange iPhone might look good on the sliver and blue as well,iPhone17Pro,86,26,1771532684.0,https://www.reddit.com/gallery/1r9aatp,moft case iphone pro max orange moft case iphone pro max orange moft case wallet go hard orange iphone might look good sliver blue well,positive,0.5574,neutral,0.3638
1qeonet,Lewis Hamilton rocking the iPhone 17 Pro Max in Cosmic Orange,Lewis Hamilton rocking the iPhone 17 Pro Max in Cosmic Orange Lewis Hamilton rocking the iPhone 17 Pro Max in Cosmic Orange,iPhone17Pro,145,25,1768589503.0,https://i.redd.it/uegme8rlcrdg1.jpeg,lewis hamilton rocking iphone pro max cosmic orange lewis hamilton rocking iphone pro max cosmic orange,neutral,0.0,neutral,0.4997
1ro5f0a,What’s the best cases for iPhone 17 pro max that complements the phone ?,What’s the best cases for iPhone 17 pro max that complements the phone ? What’s the best cases for iPhone 17 pro max that complements the phone ? Just purchased the phone and need a case,iPhone17Pro,5,35,1772977923.0,https://www.reddit.com/r/iPhone17Pro/comments/1ro5f0a/whats_the_best_cases_for_iphone_17_pro_max_that/,best cases iphone pro max complements phone best cases iphone pro max complements phone purchased phone need case,positive,0.8555,neutral,0.6701
1o7cmaq,From iPhone 11 Pro to iPhone 17 Pro Max,"From iPhone 11 Pro to iPhone 17 Pro Max From iPhone 11 Pro to iPhone 17 Pro Max First phone I ever got brand new too, hell of an upgrade. Also took 3.5 weeks to arrive, stay patient people and enjoy",iPhone17Pro,160,40,1760538704.0,https://i.redd.it/gonn1bo3davf1.jpeg,iphone pro iphone pro max iphone pro iphone pro max first phone ever got brand new hell upgrade also took weeks arrive stay patient people enjoy,negative,-0.34,joy,0.7848
1nz32w6,"Just got my orange iphone 17 pro max, thoughts?","Just got my orange iphone 17 pro max, thoughts? Just got my orange iphone 17 pro max, thoughts?",iPhone17Pro,11,71,1759705850.0,https://i.redd.it/b9qm1ruxkdtf1.png,got orange iphone pro max thoughts got orange iphone pro max thoughts,neutral,0.0,neutral,0.4018
1nsm8fc,iPhone 17 Pro and Liquid Glass…,"iPhone 17 Pro and Liquid Glass… iPhone 17 Pro and Liquid Glass… … is amazing. Smooth animations and honestly I love the glass effect. Apple doing something new and fresh and and people only complain.

Upgraded from 12 Pro and the 17 Pro is amazing as well. Fast, snappy and cameras are out of this world. 

And the phone doesn’t feel cheap. It’s sturdy, and after being clumsy and drooping it a few times: I DON’T have Chips and dents. I don’t know what the haters are doing. Well, haters gonna hate.

Trust me you’re gonna love this phone.",iPhone17Pro,153,44,1759059840.0,https://i.redd.it/ti7rfe318wrf1.jpeg,iphone pro liquid glass iphone pro liquid glass amazing smooth animations honestly love glass effect apple something new fresh people complain upgraded pro pro amazing well fast snappy cameras world phone feel cheap sturdy clumsy drooping times chips dents know haters well haters gonna hate trust gonna love phone,positive,0.9451,sadness,0.5943
1o8eq1t,I finally found out how to fix my iPhone 17 Pro Max's insane battery drain!,"I finally found out how to fix my iPhone 17 Pro Max's insane battery drain! I finally found out how to fix my iPhone 17 Pro Max's insane battery drain! I bought my iPhone 17 Pro Max on October 1st, and here we are, more than two weeks later. Even after all the indexing finished, photo syncing completed, and everything that needed to be done during the initial setup, my battery was still absolutely terrible.

And by terrible, I mean I had to charge my phone sometimes two times a day, sometimes even three. I'm not even a heavy user - just some social media, Reddit browsing, Instagram, Twitter, and a few calls. But still, I had to charge it constantly. Going out was a nightmare. One time I lost 20% just by being outside for 1-2 hours!

It was a complete disaster.

But now? As an example, this morning I charged my phone at 9am, and it's 8pm now with over 70% battery left! I'm getting two full days before needing to charge again. That's an absolutely insane improvement.

Here’s exactly what I did (and if you don’t like any of it, that’s totally fine — just don’t start with the “you paid thousands to use all the features, not to turn them off” thing, because I’m sorry, but it is what it is. If you actually care about your battery and hate charging all the time, then you’re more than welcome here):

# 1. Turn off iOS 26 Liquid Glass (THIS IS THE BIG ONE)

This is the battery killer. The absolute nightmare. I'm one of those guys who actually likes the transparent effects, and since this phone has a vapor chamber, you don't even notice it working hard or getting hot. But trust me on this one.

**Settings > Accessibility > Display & Text Size > Reduce Transparency** \- Turn this ON

# 2. Disable Apple Intelligence

To be honest, it doesn't have any value to me. If I want to remove something from photos, I just use Google Photos or one of a thousand other apps that can remove objects (which I rarely do anyway). For grammar fixes, I used to use Grammarly, but two days ago Raycast got an update with its own keyboard that can use AI to do literally anything directly from your keyboard. So goodbye Apple Intelligence.

**Settings > Apple Intelligence & Siri** \- Turn it OFF

# 3. Set up nighttime automation

In the Shortcuts app, I set up an automation that runs every night at 2am. It automatically:

* Turns on Airplane Mode
* Turns off Wi-Fi and Bluetooth
* Enables Low Power Mode

I have another automation that puts everything back to normal in the early morning so it doesn't affect me, but it happens in the background and saves a ton of battery overnight.

# 4. Change cellular data mode to Standard

Make sure you set it to Standard and not ""Allow More Data on 5G"" because that will absolutely destroy your battery.

**Settings > Cellular > Cellular Data Options > Data Mode** \- Select ""Standard"" (or ""Low Data mode"")

# 5. Turn off cellular data assists

While you're in cellular settings, scroll down and turn off:

* Wi-Fi Assist
* iCloud Backup over Cellular

This makes sure that when you're outside and need your battery, you're not losing it just because your phone decided to upload photos. Or imagine you're at home and your Wi-Fi drops for a second - without these settings off, it would switch to cellular and drain your battery like crazy.

# 6. Disable Background App Refresh

It basically doesn't let apps refresh themselves when you're not using them. To be honest, in my use case, this feature is completely pointless because I still get all notifications. If I need fresh data from any app, I'm going to open it anyway and refresh it then. Check your battery usage settings - you'd be shocked how much battery you're losing just keeping apps refreshing in the background.

**Settings > General > Background App Refresh** \- Turn it OFF

# 7. Turn off Always-On Display

This is completely up to you. I don't need it. I get notifications on my Apple Watch, and if I want to check my phone, I'll check my phone. It's not a huge drain, maybe 3-4% of your battery, but combined with everything else, it adds up.

  
**Pro tip:** I'm also one of those guys who puts the phone in Airplane Mode when connected to Wi-Fi. Since I have Wi-Fi Calling enabled, I can still get all messages and phone calls. This helps A LOT with battery, especially if you have poor cellular signal at home (like two bars).

  
All of these together made a MASSIVE difference. From charging 2-3 times a day to getting two full days on a single charge. Try these out and let me know if they work for you or if you know something else.",iPhone17Pro,42,62,1760640628.0,https://www.reddit.com/r/iPhone17Pro/comments/1o8eq1t/i_finally_found_out_how_to_fix_my_iphone_17_pro/,finally found fix iphone pro max insane battery drain finally found fix iphone pro max insane battery drain bought iphone pro max october st two weeks later even indexing finished photo syncing completed everything needed done initial setup battery still absolutely terrible terrible mean charge phone sometimes two times day sometimes even three not even heavy user social media reddit browsing instagram twitter calls still charge constantly going nightmare one time lost outside hours complete disaster example morning charged phone pm battery left getting two full days needing charge absolutely insane improvement exactly like totally fine start paid thousands use features not turn thing sorry actually care battery hate charging time welcome turn ios liquid glass big one battery killer absolute nightmare one guys actually likes transparent effects since phone vapor chamber even notice working hard getting hot trust one settings accessibility display text size reduce transparency turn disable apple intelligence honest value want remove something photos use google photos one thousand apps remove objects rarely anyway grammar fixes used use grammarly two days ago raycast got update keyboard use ai literally anything directly keyboard goodbye apple intelligence settings apple intelligence siri turn set nighttime automation shortcuts app set automation runs every night automatically turns airplane mode turns wi fi bluetooth enables low power mode another automation puts everything back normal early morning affect happens background saves ton battery overnight change cellular data mode standard make sure set standard not allow data absolutely destroy battery settings cellular cellular data options data mode select standard low data mode turn cellular data assists cellular settings scroll turn wi fi assist icloud backup cellular makes sure outside need battery not losing phone decided upload photos imagine home wi fi drops second without settings would switch cellular drain battery like crazy disable background app refresh basically let apps refresh not using honest use case feature completely pointless still get notifications need fresh data app going open anyway refresh check battery usage settings shocked much battery losing keeping apps refreshing background settings general background app refresh turn turn always display completely need get notifications apple watch want check phone check phone not huge drain maybe battery combined everything else adds pro tip also one guys puts phone airplane mode connected wi fi since wi fi calling enabled still get messages phone calls helps lot battery especially poor cellular signal home like two bars together made massive difference charging times day getting two full days single charge try let know work know something else,negative,-0.6253,fear,0.8401
1qtnc53,I’m getting the iPhone 17 pro max. What are some recommendations for a case?,"I’m getting the iPhone 17 pro max. What are some recommendations for a case? I’m getting the iPhone 17 pro max. What are some recommendations for a case? To keep it short, I’m getting the iPhone 17 pro max soon. I am scrolling through cases and deciding what I should get. I want to get a case that is protective without it being too bulky. I also need to have the back island with the camera on it covered for my own sake. I was looking at the Dbrand grip cover case but I’ve read that Dbrand cases suck. I would love any thoughts on any of this!",iPhone17Pro,9,42,1770013160.0,https://www.reddit.com/r/iPhone17Pro/comments/1qtnc53/im_getting_the_iphone_17_pro_max_what_are_some/,getting iphone pro max recommendations case getting iphone pro max recommendations case keep short getting iphone pro max soon scrolling cases deciding get want get case protective without bulky also need back island camera covered sake looking dbrand grip cover case read dbrand cases suck would love thoughts,positive,0.3818,sadness,0.7318
1odqp2j,iPhone 17 pro max,iPhone 17 pro max iPhone 17 pro max Just got my iPhone 17 pro max in sliver 512GB,iPhone17Pro,146,40,1761183514.0,https://i.redd.it/778zed3tmrwf1.jpeg,iphone pro max iphone pro max got iphone pro max sliver gb,neutral,0.0,neutral,0.597
1rtejmn,Switching from iPhone 17 pro to iPhone Air,"Switching from iPhone 17 pro to iPhone Air Switching from iPhone 17 pro to iPhone Air I bought and received my 17 pro Silver at Day one, but after all these months I don't like the exaggerated weight and thickness of this iPhone, not to mention the Plateau. I'm seriously thinking about switching to the iPhone Air. I don't use the iPhone in a pro way, the most I do in particular is testing my app that I develop on the MacBook. I admit that it was an impulsive purchase, but I almost never use all the cameras, but if it had even the weight and thinness of the iPhone Air I would have gladly kept it.",iPhone17Pro,8,32,1773478692.0,https://www.reddit.com/r/iPhone17Pro/comments/1rtejmn/switching_from_iphone_17_pro_to_iphone_air/,switching iphone pro iphone air switching iphone pro iphone air bought received pro silver day one months like exaggerated weight thickness iphone not mention plateau seriously thinking switching iphone air use iphone pro way particular testing app develop macbook admit impulsive purchase almost never use cameras even weight thinness iphone air would gladly kept,positive,0.702,fear,0.5457
1ps7rd1,"iPhone 17 Pro Max overheating during basic use (social media and surfing) after 4 days, is it normal ??","iPhone 17 Pro Max overheating during basic use (social media and surfing) after 4 days, is it normal ?? iPhone 17 Pro Max overheating during basic use (social media and surfing) after 4 days, is it normal ?? Hi everyone, I’ve been using my iPhone 17 Pro Max for only 4 days and I’m already experiencing noticeable overheating, even during very basic tasks like scrolling on social media or listening to music.

What it worries me is that I've already had the exact same issue with the iPhone 17 that I returned it. I thought the Pro Max would be different but unfortunately, it’s the same problem.

I'm not doing anything special like gaming. Anyone with this similar issue? And what should I do please (returning or waiting for still a few days)?",iPhone17Pro,8,52,1766327313.0,https://www.reddit.com/r/iPhone17Pro/comments/1ps7rd1/iphone_17_pro_max_overheating_during_basic_use/,iphone pro max overheating basic use social media surfing days normal iphone pro max overheating basic use social media surfing days normal hi everyone using iphone pro max days already experiencing noticeable overheating even basic tasks like scrolling social media listening music worries already exact issue iphone returned thought pro max would different unfortunately problem not anything special like gaming anyone similar issue please returning waiting still days,negative,-0.7556,sadness,0.5256
1ojy5g1,"Are there any ""hollow"" camera lens protectors, where the camera itself isn't covered? i.e no glass over
camera For the iPhone 17 pro","Are there any ""hollow"" camera lens protectors, where the camera itself isn't covered? i.e no glass over
camera For the iPhone 17 pro Are there any ""hollow"" camera lens protectors, where the camera itself isn't covered? i.e no glass over
camera For the iPhone 17 pro",iPhone17Pro,14,63,1761826823.0,https://i.redd.it/2dvtw83jr8yf1.jpeg,hollow camera lens protectors camera covered no glass camera iphone pro hollow camera lens protectors camera covered no glass camera iphone pro,negative,-0.5267,neutral,0.568
1rjp166,iPhone 17 Pro! 😍,"iPhone 17 Pro! 😍 iPhone 17 Pro! 😍 Silver is perfect for me!

Definitely be keeping this for a while, after years using an iPhone 12. 🇦🇺",iPhone17Pro,122,18,1772543707.0,https://www.reddit.com/gallery/1rjp166,iphone pro iphone pro silver perfect definitely keeping years using iphone,positive,0.7506,joy,0.5556
1rv0vo1,Should I get the iphone 17 pro in June or wait till September for the 18 pro,Should I get the iphone 17 pro in June or wait till September for the 18 pro Should I get the iphone 17 pro in June or wait till September for the 18 pro I'm going on a trip in August and I wanted an iphone  to take good pictures...my options are I can either get the base 17 or 17 pro in June (during my vacations) or wait till September for the 18 pro....but I won't have the phone for the trip....is waiting for the 18 pro worth it or shld I just settle for the 17/17 pro.😭😭,iPhone17Pro,2,32,1773638826.0,https://www.reddit.com/r/iPhone17Pro/comments/1rv0vo1/should_i_get_the_iphone_17_pro_in_june_or_wait/,get iphone pro june wait till september pro get iphone pro june wait till september pro going trip august wanted iphone take good pictures options either get base pro june vacations wait till september pro phone trip waiting pro worth shld settle pro,positive,0.5859,neutral,0.6953
1qff67o,Help! Should I choose iPhone 16 Pro or 17 Pro? Confused by online reviews - need advice!,"Help! Should I choose iPhone 16 Pro or 17 Pro? Confused by online reviews - need advice! Help! Should I choose iPhone 16 Pro or 17 Pro? Confused by online reviews - need advice! Hey everyone,

My iPhone 13’s battery just got damaged and I need to buy a new phone ASAP. I’ve been reading online reviews but I’m still really confused about which to choose - iPhone 16 Pro or iPhone 17 Pro?

I’m hoping to hear from real users who have actually used either device, not just specs sheets. A few things I’m curious about:

• Camera improvements worth upgrading for?

• Is the price jump worth it?

Thanks in advance, really appreciate honest opinions!",iPhone17Pro,0,46,1768661565.0,https://www.reddit.com/r/iPhone17Pro/comments/1qff67o/help_should_i_choose_iphone_16_pro_or_17_pro/,help choose iphone pro pro confused online reviews need advice help choose iphone pro pro confused online reviews need advice hey everyone iphone battery got damaged need buy new phone asap reading online reviews still really confused choose iphone pro iphone pro hoping hear real users actually used either device not specs sheets things curious camera improvements worth upgrading price jump worth thanks advance really appreciate honest opinions,positive,0.9322,surprise,0.534
1p22m7a,iPhone 17 Pro Max battery suddenly became insane after about 7 weeks.,"iPhone 17 Pro Max battery suddenly became insane after about 7 weeks. iPhone 17 Pro Max battery suddenly became insane after about 7 weeks. I just wanted to see if anyone else has noticed this.

I’ve had my iPhone 17 Pro Max since late September. I’m in the UK so mine has the physical SIM tray and the slightly smaller battery. For the first month the battery was good but nothing amazing so I assumed that was why.

Then this week it suddenly became incredible. It feels like something switched on.

For example my screenshot from Tuesday
Last charged to 100 percent on Monday morning at 07:52
By Tuesday at 14:20 I was still at 22 percent
That’s more than 30 hours on one charge

And it has been doing that all week.

The only thing I can think of is that Adaptive Power finally kicked in after about seven to eight weeks because the standby drain has become almost nothing.

Battery cycle count is 42 and usage has basically stayed the same.

Has anyone else had this happen Where the battery suddenly becomes amazing after a few weeks Curious if this is normal for the 17 Pro Max",iPhone17Pro,30,53,1763643827.0,https://i.redd.it/ddepcsvkue2g1.jpeg,iphone pro max battery suddenly became insane weeks iphone pro max battery suddenly became insane weeks wanted see anyone else noticed iphone pro max since late september uk mine physical sim tray slightly smaller battery first month battery good nothing amazing assumed week suddenly became incredible feels like something switched example screenshot tuesday last charged percent monday morning tuesday still percent hours one charge week thing think adaptive power finally kicked seven eight weeks standby drain become almost nothing battery cycle count usage basically stayed anyone else happen battery suddenly becomes amazing weeks curious normal pro max,positive,0.3625,surprise,0.9746
1qvd5y9,Pitaka Ultraguard Case - iPhone 17 Pro Max,"Pitaka Ultraguard Case - iPhone 17 Pro Max Pitaka Ultraguard Case - iPhone 17 Pro Max This case is phenomenal if you can stomach the hefty $80 USD price tag. 

I've always been a big fan of the aramid fiber cases but wasn't comfortable with the edges/buttons being exposed. This felt like the perfect compromise for me. It's not super bulky, covers the buttons, has the nice curve the iPhone has without a case on, and it looks great. 

If anyone has questions let me know!

Link (non-sponsored): [https://www.amazon.com/dp/B0FQFCPSKN?ref=ppx\_yo2ov\_dt\_b\_fed\_asin\_title&th=1](https://www.amazon.com/dp/B0FQFCPSKN?ref=ppx_yo2ov_dt_b_fed_asin_title&th=1)",iPhone17Pro,54,32,1770174790.0,https://www.reddit.com/gallery/1qvd5y9,pitaka ultraguard case iphone pro max pitaka ultraguard case iphone pro max case phenomenal stomach hefty usd price tag always big fan aramid fiber cases comfortable edges buttons exposed felt like perfect compromise not super bulky covers buttons nice curve iphone without case looks great anyone questions let know link non sponsored,positive,0.782,joy,0.7655
1qjrqwh,From Air to iPhone 17 Pro,"From Air to iPhone 17 Pro From Air to iPhone 17 Pro I decided to swap out my Air to the 17 Pro (long story but it made more financial sense due to my contract). I still have the Air for another week.

So far very pleased with it. Enjoying the slightly smaller size and speaker upgrade. Haven’t got round to comparing cameras yet but I’m noticing the screen seems to be slightly better on the pro too (brighter maybe?).

I do really enjoy the form factor and weight of the Air (albeit I had it in a case which negated some of that) but in reality day to day usage doesn’t feel like it’ll be much different at all. 

Both are great phones.",iPhone17Pro,54,34,1769080053.0,https://i.redd.it/5qobuvq9vveg1.jpeg,air iphone pro air iphone pro decided swap air pro long story made financial sense due contract still air another week far pleased enjoying slightly smaller size speaker upgrade got round comparing cameras yet noticing screen seems slightly better pro brighter maybe really enjoy form factor weight air albeit case negated reality day day usage feel like much different great phones,positive,0.9654,joy,0.8634
1onk688,iPhone 17 pro battery drain is so bad to the point that 1 hour of being on my phone used 40%,"iPhone 17 pro battery drain is so bad to the point that 1 hour of being on my phone used 40% iPhone 17 pro battery drain is so bad to the point that 1 hour of being on my phone used 40% I don’t know what to do. I bought this phone because I’m diabetic and needed better battery than my 15 pro, yet somehow it’s significantly worse

What do I do?",iPhone17Pro,13,61,1762195472.0,https://www.reddit.com/gallery/1onk688,iphone pro battery drain bad point hour phone used iphone pro battery drain bad point hour phone used know bought phone diabetic needed better battery pro yet somehow significantly worse,negative,-0.802,sadness,0.7055
1qitan3,124 Days post iPhone release… how are you liking your iPhone 17 pro/pro max part 2.,"124 Days post iPhone release… how are you liking your iPhone 17 pro/pro max part 2. 124 Days post iPhone release… how are you liking your iPhone 17 pro/pro max part 2. I made another post 28 days since release around October 17th, 2025 here https://www.reddit.com/r/iPhone17Pro/s/TigHZcmYKp 

My iPhone 17 Pro Max Deep Blue has been holding strong so far. Battery health is still at 100% with a 128 cycle count.

Not gonna lie though, my phone has randomly turned off and back on a couple of times. I’m not sure if it’s iOS 26.2 or just my device acting wonky.

When I first got the phone, I didn’t game much. Now that I do, I’ve noticed lighter games like Clash, Subway Surfers, puzzle games etc only drain about 5 to 10 percent of my battery per hour. More CPU intensive games like Fortnite, CODM, Madden, and NBA 2K will take me from 100% to around 80% after a couple and a half hours of heavy use. I’ve even hit 15 hours of screen on time before LOL.

I still really love this phone. The camera button is something I use a lot and it’s super snappy. One concern though is my volume down button feels slightly jammed and doesn’t click like the volume up button.

I use the 80% charging limit, but I will charge to 100% if I know it’s going to be a long day.

Curious to hear everyone else’s experience post around 124 days since the iPhone 17 release. Any issues? or still loving it?

Have a great day everyone 📱",iPhone17Pro,13,42,1768987201.0,https://www.reddit.com/r/iPhone17Pro/comments/1qitan3/124_days_post_iphone_release_how_are_you_liking/,days post iphone release liking iphone pro pro max part days post iphone release liking iphone pro pro max part made another post days since release around october th iphone pro max deep blue holding strong far battery health still cycle count not gonna lie though phone randomly turned back couple times not sure ios device acting wonky first got phone game much noticed lighter games like clash subway surfers puzzle games etc drain percent battery per hour cpu intensive games like fortnite codm madden nba take around couple half hours heavy use even hit hours screen time lol still really love phone camera button something use lot super snappy one concern though volume button feels slightly jammed click like volume button use charging limit charge know going long day curious hear everyone else experience post around days since iphone release issues still loving great day everyone,positive,0.9877,surprise,0.3707
1nlxt2f,The 17 pro hate is so forced. When you actually hold the iPhone and use it your opinions will change. I hated it in the keynote too.,The 17 pro hate is so forced. When you actually hold the iPhone and use it your opinions will change. I hated it in the keynote too. The 17 pro hate is so forced. When you actually hold the iPhone and use it your opinions will change. I hated it in the keynote too.,iPhone17Pro,92,53,1758373859.0,https://i.redd.it/uforbw69kbqf1.jpeg,pro hate forced actually hold iphone use opinions change hated keynote pro hate forced actually hold iphone use opinions change hated keynote,negative,-0.9712,anger,0.948
1rw77io,iPhone 17e Battery Life Drain Test! - 17 vs 16e vs 16 vs 15 vs 14 vs 13,"iPhone 17e Battery Life Drain Test! - 17 vs 16e vs 16 vs 15 vs 14 vs 13 iPhone 17e Battery Life Drain Test! - 17 vs 16e vs 16 vs 15 vs 14 vs 13 Youtuber testing the battery life on iPhone 17e vs the Older iPhones like the iPhone 13, 14 and more.",IPhone17e,10,5,1773755719.0,https://youtu.be/eYr2yif6Kn0,iphone battery life drain test vs vs vs vs vs iphone battery life drain test vs vs vs vs vs youtuber testing battery life iphone vs older iphones like iphone,positive,0.3612,surprise,0.468
1rk1tzp,"Detailed Instructions on how to finance an unlocked iPhone 17 (any model including standard, Pro, ""e"") for use on any carrier, including ordering steps, Apple or other financing, setting up the new iPhone, and wiping old phone.","Detailed Instructions on how to finance an unlocked iPhone 17 (any model including standard, Pro, ""e"") for use on any carrier, including ordering steps, Apple or other financing, setting up the new iPhone, and wiping old phone. Detailed Instructions on how to finance an unlocked iPhone 17 (any model including standard, Pro, ""e"") for use on any carrier, including ordering steps, Apple or other financing, setting up the new iPhone, and wiping old phone.",IPhone17e,2,1,1772572631.0,/r/NoContract/comments/1rjybe0/detailed_instructions_on_how_to_finance_an/,detailed instructions finance unlocked iphone model including standard pro use carrier including ordering steps apple financing setting new iphone wiping old phone detailed instructions finance unlocked iphone model including standard pro use carrier including ordering steps apple financing setting new iphone wiping old phone,positive,0.0,neutral,0.7628
1o8z1l9,3 Weeks Old iPhone 17 🫠,"3 Weeks Old iPhone 17 🫠 3 Weeks Old iPhone 17 🫠 My wife recently upgraded to iPhone 17 and he have held on to ALL he previous iPhones perfectly. We still have the iPhone X in perfect condition. 

3 Weeks in, her phone slipped out her pocket from our dining chair to the concrete floor with Spigen case on. We weren’t worried as the drop was from a pretty low height but lo and behold!",iphone,1661,673,1760701438.0,https://i.redd.it/e8x4eiactnvf1.jpeg,weeks old iphone weeks old iphone wife recently upgraded iphone held previous iphones perfectly still iphone perfect condition weeks phone slipped pocket dining chair concrete floor spigen case worried drop pretty low height lo behold,positive,0.7717,fear,0.5503
1o6h9pd,Update on Orange IPhone 17 Pro Max that Turned Rose Gold,"Update on Orange IPhone 17 Pro Max that Turned Rose Gold Update on Orange IPhone 17 Pro Max that Turned Rose Gold I originally posted that my Orange IPhone 17 Pro Max turned Rose gold and I saw comments that said it was fake, I used photoshop, etc. So to update, the phone has turned a more solid Rose Gold color, and I could not imagine a sadder existence than photoshopping IPhone pics. Thought about maybe going to the Apple Store and seeing if I can get an exchange since I wanted Orange, not a pink IPhone.",iphone,15773,1660,1760452644.0,https://www.reddit.com/gallery/1o6h9pd,update orange iphone pro max turned rose gold update orange iphone pro max turned rose gold originally posted orange iphone pro max turned rose gold saw comments said fake used photoshop etc update phone turned solid rose gold color could not imagine sadder existence photoshopping iphone pics thought maybe going apple store seeing get exchange since wanted orange not pink iphone,positive,0.0711,sadness,0.8361
1nhq7qz,First IPhone 17 Pro unboxing images from China.,First IPhone 17 Pro unboxing images from China. First IPhone 17 Pro unboxing images from China. Damn that blue looks so ugly 🫠,iphone,5853,1767,1757952822.0,https://www.reddit.com/gallery/1nhq7qz,first iphone pro unboxing images china first iphone pro unboxing images china damn blue looks ugly,negative,-0.7184,sadness,0.9026
1mbsu62,iPhone 17 Pro leaks in the wild,iPhone 17 Pro leaks in the wild iPhone 17 Pro leaks in the wild,iphone,14000,971,1753737802.0,https://www.reddit.com/gallery/1mbsu62,iphone pro leaks wild iphone pro leaks wild,neutral,0.0,neutral,0.8591
1jcj38f,iPhone 17 series dummy models leaked,iPhone 17 series dummy models leaked iPhone 17 series dummy models leaked What are we thinking?,iphone,8499,1718,1742123124.0,https://www.reddit.com/gallery/1jcj38f,iphone series dummy models leaked iphone series dummy models leaked thinking,negative,-0.5574,neutral,0.6386
1nd2niz,I think the basic iPhone 17 is a lot more attractive than ever,"I think the basic iPhone 17 is a lot more attractive than ever I think the basic iPhone 17 is a lot more attractive than ever With the screen increases to 6.3 inch and 120Hz refresh rate, the basic iPhone 17 is a lot more attractive now.  The iPhone 17 Pro is just too ugly and not offering too much more at higher price.  I will choose iPhone 17 over the Pro model.",iphone,4181,735,1757471938.0,https://i.redd.it/or7w8iwz19of1.jpeg,think basic iphone lot attractive ever think basic iphone lot attractive ever screen increases inch hz refresh rate basic iphone lot attractive iphone pro ugly not offering much higher price choose iphone pro model,positive,0.6597,sadness,0.4399
1m1uzik,iPhone 17 lineup color revealed,iPhone 17 lineup color revealed iPhone 17 lineup color revealed,iphone,4314,1050,1752716803.0,https://i.redd.it/v4wqwrexacdf1.jpeg,iphone lineup color revealed iphone lineup color revealed,neutral,0.0,neutral,0.6061
1o0xtra,Welp…first time in 5+ years I dropped a phone. Driveway - 1 iPhone 17 - 0,Welp…first time in 5+ years I dropped a phone. Driveway - 1 iPhone 17 - 0 Welp…first time in 5+ years I dropped a phone. Driveway - 1 iPhone 17 - 0 Thankfully I have AppleCare,iphone,3860,455,1759888041.0,https://i.redd.it/pn5ovx6pmstf1.jpeg,welp first time years dropped phone driveway iphone welp first time years dropped phone driveway iphone thankfully applecare,positive,0.4215,surprise,0.6059
1kkfido,Phone Case Company Leaked iPhone 17 models,"Phone Case Company Leaked iPhone 17 models Phone Case Company Leaked iPhone 17 models I mean. Who is ever gonna buy that design???
The iPhone 17 Airs big gap is literally not needed lmao. 17 Pro Maxs redesign is just a big gap 😭😭😭🙏🙏",iphone,4241,916,1747009607.0,https://www.reddit.com/gallery/1kkfido,phone case company leaked iphone models phone case company leaked iphone models mean ever gonna buy design iphone airs big gap literally not needed lmao pro maxs redesign big gap,negative,-0.7748,surprise,0.63
1opy3a5,Is my iPhone 17 Pro really taking photos of the moon or just replacing it with an image of the moon?,Is my iPhone 17 Pro really taking photos of the moon or just replacing it with an image of the moon? Is my iPhone 17 Pro really taking photos of the moon or just replacing it with an image of the moon?,iphone,2400,585,1762433534.0,https://i.redd.it/g5ehnnbrvmzf1.jpeg,iphone pro really taking photos moon replacing image moon iphone pro really taking photos moon replacing image moon,positive,0.0,joy,0.644
1oeowgz,A black iPhone 17 Pro would’ve been the coolest thing ever.,"A black iPhone 17 Pro would’ve been the coolest thing ever. A black iPhone 17 Pro would’ve been the coolest thing ever. Kinda reminds me of my black iPhone 7 Plus I had from 2019-2022. The matte black color looked so cool to me, it would’ve been great to see it again.",iphone,3902,332,1761281550.0,https://i.redd.it/3qrfu7ebqzwf1.jpeg,black iphone pro would coolest thing ever black iphone pro would coolest thing ever kinda reminds black iphone plus matte black color looked cool would great see,positive,0.7506,joy,0.5233
1nv8uhu,Did They Disable the Ability To Change the Flashlight From Narrow to Wide on iPhone 17?,Did They Disable the Ability To Change the Flashlight From Narrow to Wide on iPhone 17? Did They Disable the Ability To Change the Flashlight From Narrow to Wide on iPhone 17? Used to have the ability on my iPhone 14 Pro to change the flashlight from wide to narrow and vice versa but on my new iPhone 17 I don’t have the ability to do that now. What gives?,iphone,2728,468,1759326868.0,https://i.redd.it/83eiaem1aisf1.jpeg,disable ability change flashlight narrow wide iphone disable ability change flashlight narrow wide iphone used ability iphone pro change flashlight wide narrow vice versa new iphone ability gives,positive,0.802,neutral,0.6111
1m4lwag,Apple rumored to introduce new “Liquid Glass” color for iPhone 17 Pro,"Apple rumored to introduce new “Liquid Glass” color for iPhone 17 Pro Apple rumored to introduce new “Liquid Glass” color for iPhone 17 Pro Apple may launch a new “Liquid Glass” finish for the iPhone 17 Pro. The color is described as a pearlescent white that subtly shifts in tone depending on lighting. It’s expected to visually align with the new translucent UI elements introduced in iOS 26.

Article from MacRumors:

https://www.macrumors.com/2025/07/17/liquid-glass-iphone-17-pro-color-ios-26-design/",iphone,4066,433,1753008235.0,https://i.redd.it/0foyx76id0ef1.jpeg,apple rumored introduce new liquid glass color iphone pro apple rumored introduce new liquid glass color iphone pro apple may launch new liquid glass finish iphone pro color described pearlescent white subtly shifts tone depending lighting expected visually align new translucent ui elements introduced ios article macrumors,neutral,0.0,surprise,0.4606
1nroxey,iPhone 17 Pro max chipped out of box,"iPhone 17 Pro max chipped out of box iPhone 17 Pro max chipped out of box Just got it yesterday, first thing I see as I unpack the phone",iphone,2366,539,1758957692.0,https://i.redd.it/egijlmmasnrf1.jpeg,iphone pro max chipped box iphone pro max chipped box got yesterday first thing see unpack phone,positive,0.0,surprise,0.63
1nntvzu,My iPhone 17 Pro setup for ProRes RAW video,"My iPhone 17 Pro setup for ProRes RAW video My iPhone 17 Pro setup for ProRes RAW video These are my two setups for ProRes RAW with the iPhone 17 Pro. The gimbal is for B ROLL and the cage for A ROLL and other handheld shots. There's a universal cage with side handles, a 4-in-1 USB-C hub for connecting an external SSD and a power supply, and two other hubs for connecting a microphone and headphones for audio monitoring. There's also a mount for an SSD and a LaCie SSD, a DJI Mic Mini receiver, and two high-speed data write and charging cables. And at the base of the cage, there's an adapter for quickly connecting and disconnecting the cage from a tripod, when I want to switch from tripod-mounted to handheld shooting.",iphone,2447,486,1758564445.0,https://www.reddit.com/gallery/1nntvzu,iphone pro setup prores raw video iphone pro setup prores raw video two setups prores raw iphone pro gimbal roll cage roll handheld shots universal cage side handles usb hub connecting external ssd power supply two hubs connecting microphone headphones audio monitoring also mount ssd lacie ssd dji mic mini receiver two high speed data write charging cables base cage adapter quickly connecting disconnecting cage tripod want switch tripod mounted handheld shooting,neutral,0.0772,neutral,0.7329
1nr4nfo,Dust Inside iPhone 17 Pro Camera,Dust Inside iPhone 17 Pro Camera Dust Inside iPhone 17 Pro Camera I also heard about this from base iPhone 17 user as well. What the hell happened to Apple QC this last few years?! Also asking for replacement will not guaranteed you to get the perfect one as reported from iPhone 16 pro user before…,iphone,2428,465,1758901173.0,https://www.reddit.com/gallery/1nr4nfo,dust inside iphone pro camera dust inside iphone pro camera also heard base iphone user well hell happened apple qc last years also asking replacement not guaranteed get perfect one reported iphone pro user,negative,-0.7578,surprise,0.2979
1kn659z,"iPhone 17 Air, would you downgrade?","iPhone 17 Air, would you downgrade? iPhone 17 Air, would you downgrade?",iphone,2227,881,1747309645.0,https://i.redd.it/3wntzc0oox0f1.jpeg,iphone air would downgrade iphone air would downgrade,neutral,0.0,sadness,0.4846
1nfcjle,"iPhone 17 Pro Colors ""Inverted""","iPhone 17 Pro Colors ""Inverted"" iPhone 17 Pro Colors ""Inverted""",iphone,3552,200,1757705638.0,https://i.redd.it/q2ryueaycsof1.png,iphone pro colors inverted iphone pro colors inverted,neutral,0.0,neutral,0.6771
1rug9io,How is the Neo $599 while the iPhone 17 is $799,How is the Neo $599 while the iPhone 17 is $799 How is the Neo $599 while the iPhone 17 is $799 The neo has a very similar chip and same ram and and same hard drive. The laptop is way bigger much larger screen much larger body. Much larger battery. If they can make a laptop for $499(student discount) why can’t they make an iPhone for $499. The laptop requires so much more materials and parts.,iphone,990,267,1773586890.0,https://www.reddit.com/r/iphone/comments/1rug9io/how_is_the_neo_599_while_the_iphone_17_is_799/,neo iphone neo iphone neo similar chip ram hard drive laptop way bigger much larger screen much larger body much larger battery make laptop student discount make iphone laptop requires much materials parts,negative,-0.1027,surprise,0.3676
1neav3g,Most people misunderstand the purpose of IPhone 17 Pro,"Most people misunderstand the purpose of IPhone 17 Pro Most people misunderstand the purpose of IPhone 17 Pro I see so many people who are upset with the new Pro design and colors, but hear me out! We’re used to seeing people getting “the best iPhone” every year (which is the Pro models), so everyone knows they spent money without using most of the features. That is why the new Pro is industrial and objectively doesn’t look as aesthetically pleasing. I love the orange, but I can see how the new design and feel doesn’t appeal to those who like sleek minimalism. The new Pro is clearly about functionality and is marketed to people who will use it with that in mind: creatives, content creators, travel bloggers, tech enthusiasts etc.

An average corporate Joe doesn’t need 8 camera lenses and the capabilities of Pro. And given the state of the economy, I think they know that most people will be upgrading less in the future. Apple wants people to stick with the base model or push the average consumer towards the Air, which is cheaper to make and will still satisfy the needs of most. Those models still have the desired minimalist design. 

Most people don’t need the Pro, so I don’t understand the outrage. Just think about how often you do more with that camera than taking a photo of your pet or a selfie? Instead of overpaying for Pro because “it’s Pro”, people should just get the base model. It’s a win-win situation.",iphone,1083,891,1757602196.0,https://www.reddit.com/r/iphone/comments/1neav3g/most_people_misunderstand_the_purpose_of_iphone/,people misunderstand purpose iphone pro people misunderstand purpose iphone pro see many people upset new pro design colors hear used seeing people getting best iphone every year pro models everyone knows spent money without using features new pro industrial objectively look aesthetically pleasing love orange see new design feel appeal like sleek minimalism new pro clearly functionality marketed people use mind creatives content creators travel bloggers tech enthusiasts etc average corporate joe need camera lenses capabilities pro given state economy think know people upgrading less future apple wants people stick base model push average consumer towards air cheaper make still satisfy needs models still desired minimalist design people need pro understand outrage think often camera taking photo pet selfie instead overpaying pro pro people get base model win win situation,positive,0.969,anger,0.9932
1kjrfq2,Rumored iPhone 16 Pro Max & 17 Pro Max comparison,Rumored iPhone 16 Pro Max & 17 Pro Max comparison Rumored iPhone 16 Pro Max & 17 Pro Max comparison,iphone,1707,694,1746933357.0,https://i.redd.it/xfe33s0hl20f1.jpeg,rumored iphone pro max pro max comparison rumored iphone pro max pro max comparison,neutral,0.0,neutral,0.7687
1nnzfus,The iPhone 17 Pro Max update nobody noticed,"The iPhone 17 Pro Max update nobody noticed The iPhone 17 Pro Max update nobody noticed The new iPhone 17 Pro Max comes with a small but interesting change. Its flashlight is stronger compared to the iPhone 16 Pro Max. Apple didn’t highlight this at all - but side by side, the beam is clearly brighter and sharper. A tiny upgrade, but a nice one.",iphone,1887,249,1758577193.0,https://www.reddit.com/gallery/1nnzfus,iphone pro max update nobody noticed iphone pro max update nobody noticed new iphone pro max comes small interesting change flashlight stronger compared iphone pro max apple highlight side side beam clearly brighter sharper tiny upgrade nice one,positive,0.93,surprise,0.9314
1ox6ivb,What are these circles on iPhone 17 Pro Max backplate?,"What are these circles on iPhone 17 Pro Max backplate? What are these circles on iPhone 17 Pro Max backplate? Hey everybody, just bought a new iPhone 17 Pro Max. Just noticed that there are some weird circles on the backplate. At first I thought those might be some sort of glue residue or smth, but it just won’t budge and be removed. Wet wipes did not help, am afraid to try anything stronger. Would appreciate any help, would love to know how serious a defect that is.",iphone,1642,226,1763149651.0,https://www.reddit.com/gallery/1ox6ivb,circles iphone pro max backplate circles iphone pro max backplate hey everybody bought new iphone pro max noticed weird circles backplate first thought might sort glue residue smth budge removed wet wipes not help afraid try anything stronger would appreciate help would love know serious defect,positive,0.7609,fear,0.8073
1nurpvu,"This year, all 256GB versions of the iPhone 17 series use slow-speed flash memory!","This year, all 256GB versions of the iPhone 17 series use slow-speed flash memory! This year, all 256GB versions of the iPhone 17 series use slow-speed flash memory! Testing revealed that the 17 256GB, 17 Pro 256GB, and 17 Promax 256GB all use slow flash memory (with AnTuTu scores of 90,000-100,000 points), while the 512GB and 1TB models use high-speed flash memory (around 150,000 points). The 17 Promax 2TB model hasn't been tested, but it's definitely high-speed.

The biggest surprise is that all capacity versions of the iPhone Air use high-speed flash memory, and many new technologies have been incorporated into the Air. Apple has truly put in the effort; the iPhone Air is destined to be something special!

Previously, when people bought iPhones, the read and write performance of the larger and smaller capacity flash memory models differed, but upgrading to a larger capacity model restored the same read and write performance as the official large capacity model.

But things have changed this year. If you bought the 256GB version of the iPhone 17 series, after upgrading to 512GB or 1TB, your read and write performance will still be around 90,000-100,000 points, failing to meet the official 512GB-1TB read and write performance standard (official 150,000 points). While the difference is hard to notice in daily use, the data is still a bit disheartening.

Source: DirectorFeng on youtube
Link to full post: https://www.youtube.com/post/UgkxGf_JvVJG_nML4p-RQ6CnqE6msDcSTJQh",iphone,1623,275,1759272418.0,https://www.reddit.com/r/iphone/comments/1nurpvu/this_year_all_256gb_versions_of_the_iphone_17/,year gb versions iphone series use slow speed flash memory year gb versions iphone series use slow speed flash memory testing revealed gb pro gb promax gb use slow flash memory antutu scores points gb tb models use high speed flash memory around points promax tb model tested definitely high speed biggest surprise capacity versions iphone air use high speed flash memory many new technologies incorporated air apple truly put effort iphone air destined something special previously people bought iphones read write performance larger smaller capacity flash memory models differed upgrading larger capacity model restored read write performance official large capacity model things changed year bought gb version iphone series upgrading gb tb read write performance still around points failing meet official gb tb read write performance standard official points difference hard notice daily use data still bit disheartening source directorfeng youtube link full post,positive,0.6486,sadness,0.5631
1kp40bp,"New details about the iPhone 17 Air have emerged, according to the source yeux1122.","New details about the iPhone 17 Air have emerged, according to the source yeux1122. New details about the iPhone 17 Air have emerged, according to the source yeux1122. New details about the iPhone 17 Air have emerged, according to the source yeux1122.",iphone,1538,532,1747517828.0,https://i.redd.it/92otwa2pve1f1.jpeg,new details iphone air emerged according source yeux new details iphone air emerged according source yeux new details iphone air emerged according source yeux,positive,0.0,surprise,0.704
1rn51ma,"iPhone Air, 17 and 17E users, are you guys aware that the main camera of your phone is NOT the same as the 17 Pro models?","iPhone Air, 17 and 17E users, are you guys aware that the main camera of your phone is NOT the same as the 17 Pro models? iPhone Air, 17 and 17E users, are you guys aware that the main camera of your phone is NOT the same as the 17 Pro models? This might sound like a really dumb question at first especially on an iPhone focused subreddit, a $599 phone has a different camera than $1199 phone duh.

However, imagine you are in the shoes of a normal person who just wants an iPhone and you look at the Apple website to see which model to buy and also use the compare feature to assist you. You see all of these models have a **48mp fusion Main** camera with the differentiating 'Pro' feature being that your lens has new generation stabilization.

So this means that the main camera is an identical **48mp fusion main** across the lineup with Pro's only advantage being more stability, right? Wrong. The most important specification for a camera is how much light it can gather which mostly depends on the size of the sensor. Bigger sensor = more light gathered.

The 17 Pro's main features a big 1/1.28"" sensor which means it's light gathering ability is technically superior to the latest $1299 S26 Ultra with a 1/1.3"" sensor.  
The base iPhone 17/Air on the other hand feature a 1/1.56"" sensor which is identical to the latest base model S26 but with slightly higher aperture which means even more light.  
The 17E's main on the other hand is a ridiculously tiny 1/2.55"" sensor which puts it at the same tier as the iPhone XS or the Galaxy S10, both obsolete models that don't even get OS updates anymore.

Now, of course the quality of output produced by these phones isn't exactly proportional to how big the sensor is and I'm sure a lot of people will be satisfied with Galaxy S10 sized sensor of the 17E but I feel like it's still important to at least be aware what exactly you are getting because there is still noticeable benefits. And remember if there wasn't a benefit, Apple wouldn't have added it which is something to remember.

The reason why I made this post is because I myself have been looking to purchase the Air and I thought despite it only having single lens, if it at least has the 17 Pro's main camera it would still be justifiable but sadly that is not the case. I never got deeper and just assumed that till today.  
And if a nerdier than average person like me was so close to being fooled by this very smart intentional naming scheme Apple has going on, I can only imagine most people have absolutely no idea about this big difference that exists.

**TLDR**: Having a **48mp Fusion Main** could either mean your iPhone has a better sensor than the latest 1300$ 2026 S26 Ultra or worse than the 2019 S10.  
If camera is your priority, be sure to check sites like gsmarena or whichever that show the real specifications instead of relying on meaningless tags like **fusion camera**.",iphone,961,189,1772873176.0,https://www.reddit.com/gallery/1rn51ma,iphone air users guys aware main camera phone not pro models iphone air users guys aware main camera phone not pro models might sound like really dumb question first especially iphone focused subreddit phone different camera phone duh however imagine shoes normal person wants iphone look apple website see model buy also use compare feature assist see models mp fusion main camera differentiating pro feature lens new generation stabilization means main camera identical mp fusion main across lineup pro advantage stability right wrong important specification camera much light gather mostly depends size sensor bigger sensor light gathered pro main features big sensor means light gathering ability technically superior latest ultra sensor base iphone air hand feature sensor identical latest base model slightly higher aperture means even light main hand ridiculously tiny sensor puts tier iphone xs galaxy obsolete models even get os updates anymore course quality output produced phones exactly proportional big sensor sure lot people satisfied galaxy sized sensor feel like still important least aware exactly getting still noticeable benefits remember benefit apple added something remember reason made post looking purchase air thought despite single lens least pro main camera would still justifiable sadly not case never got deeper assumed till today nerdier average person like close fooled smart intentional naming scheme apple going imagine people absolutely no idea big difference exists tldr mp fusion main could either mean iphone better sensor latest ultra worse camera priority sure check sites like gsmarena whichever show real specifications instead relying meaningless tags like fusion camera,positive,0.9698,sadness,0.612
1nneok4,"iPhone 17 Pro Max, sitting idle and charging, and yet it’s over-heating.","iPhone 17 Pro Max, sitting idle and charging, and yet it’s over-heating. iPhone 17 Pro Max, sitting idle and charging, and yet it’s over-heating. Where is my Vapour Chamber?",iphone,1130,347,1758521035.0,https://i.redd.it/1qb3ugrvpnqf1.jpeg,iphone pro max sitting idle charging yet heating iphone pro max sitting idle charging yet heating vapour chamber,neutral,0.0,neutral,0.4068
1png06u,Touch up marker for iPhone 17 Pro cosmic orange?,"Touch up marker for iPhone 17 Pro cosmic orange? Touch up marker for iPhone 17 Pro cosmic orange? Well, I did the idiotic thing and I took off the case from my beautiful brand new iPhone 17 Pro for approximately 10 minutes and of course it slipped out off my hand and hit the floor receiving a nice dent and scuffs. I used some ultra fine grit sandpaper to smooth out the rough spots, and I am now left with a naked aluminum corner. You can’t see it with a case on so overall it’s fine but I was wondering if there was any touchup markers or paints that are extremely close to the cosmic orange that I can use to jury rig a home repair retouch. I was looking at orange sharpie markers, but maybe there’s something better?

Also, I know AppleCare One doesn’t cover cosmetic accidental damage, but could I pay Apple for professional services for them to repair or replace the frame body?",iphone,976,268,1765825608.0,https://i.redd.it/v72tfaw42f7g1.jpeg,touch marker iphone pro cosmic orange touch marker iphone pro cosmic orange well idiotic thing took case beautiful brand new iphone pro approximately minutes course slipped hand hit floor receiving nice dent scuffs used ultra fine grit sandpaper smooth rough spots left naked aluminum corner see case overall fine wondering touchup markers paints extremely close cosmic orange use jury rig home repair retouch looking orange sharpie markers maybe something better also know applecare one cover cosmetic accidental damage could pay apple professional services repair replace frame body,positive,0.8176,surprise,0.3522
1p5fduu,Brand new iPhone 17. My gf took a photo of me and this weird artefact appeared. Anyone know what’s causing it?,"Brand new iPhone 17. My gf took a photo of me and this weird artefact appeared. Anyone know what’s causing it? Brand new iPhone 17. My gf took a photo of me and this weird artefact appeared. Anyone know what’s causing it? Cropped for privacy reasons. The environment was nothing special, no bright lights or lasers or anything. Super weird camera behaviour.

Posting it here to see if anyone has similar problems or knows a fix.",iphone,1205,221,1763986146.0,https://i.redd.it/zpshphxg473g1.jpeg,brand new iphone gf took photo weird artefact appeared anyone know causing brand new iphone gf took photo weird artefact appeared anyone know causing cropped privacy reasons environment nothing special no bright lights lasers anything super weird camera behaviour posting see anyone similar problems knows fix,negative,-0.2772,surprise,0.7488
1njnauh,I wonder what this guy is up to these days. No iPhone 17 videos and he is inactive for the past 8 months,I wonder what this guy is up to these days. No iPhone 17 videos and he is inactive for the past 8 months I wonder what this guy is up to these days. No iPhone 17 videos and he is inactive for the past 8 months,iphone,1560,203,1758138501.0,https://i.redd.it/6fa45lxe4spf1.jpeg,wonder guy days no iphone videos inactive past months wonder guy days no iphone videos inactive past months,negative,-0.5267,surprise,0.8115
1nyp9dv,iPhone 17 Pro and iPhone 17 sales are stronger than expected: report,iPhone 17 Pro and iPhone 17 sales are stronger than expected: report iPhone 17 Pro and iPhone 17 sales are stronger than expected: report,iphone,1248,243,1759673502.0,https://9to5mac.com/2025/10/02/iphone-17-pro-and-iphone-17-sales-are-stronger-than-expected-report/,iphone pro iphone sales stronger expected report iphone pro iphone sales stronger expected report,positive,0.6369,surprise,0.4178
1ow6nky,iPhone 17 Pro screen looks yellow/gray compared to store units.,"iPhone 17 Pro screen looks yellow/gray compared to store units. iPhone 17 Pro screen looks yellow/gray compared to store units. Hey everyone,

I just bought an iPhone 17 Pro at the Apple Store in Zurich, and when I compared it with the demo units in the store, my screen looked way more yellowish/grayish.

I talked to support and they told me to just return it and buy a new one instead of doing a repair. So I did… and the new one has the exact same problem.

I know Apple uses different screen suppliers, but how am I supposed to buy one without this problem? Is it just luck?

Anyone else dealing with this?

Update:  
Guys, the issue WAS NOT True Tone. I spent 4 hours with an Apple technician, and he confirmed it’s definitely not a setup or configuration issue.

Possible Answer:  
[https://www.reddit.com/r/iphone/comments/1o2e00e/the\_definitive\_iphone\_17\_screen\_dimness/](https://www.reddit.com/r/iphone/comments/1o2e00e/the_definitive_iphone_17_screen_dimness/)

Update 2:  
The Apple Store attendant confirmed that it’s basically a screen lottery depending on the supplier.",iphone,764,377,1763053682.0,https://i.redd.it/lhe8uqin321g1.jpeg,iphone pro screen looks yellow gray compared store units iphone pro screen looks yellow gray compared store units hey everyone bought iphone pro apple store zurich compared demo units store screen looked way yellowish grayish talked support told return buy new one instead repair new one exact problem know apple uses different screen suppliers supposed buy one without problem luck anyone else dealing update guys issue not true tone spent hours apple technician confirmed definitely not setup configuration issue possible answer update apple store attendant confirmed basically screen lottery depending supplier,positive,0.0377,surprise,0.4762
1p0egkv,Will the powerbank made for iphone air work on iphone 17 pro max?,"Will the powerbank made for iphone air work on iphone 17 pro max? Will the powerbank made for iphone air work on iphone 17 pro max? I have the original apple magsafe battery and I absolutely love it, but it’s still lightning and it’s pretty weak at this point. 

I saw apple released a new version for iphone air. Will it work on iphone 17 pro max?",iphone,1264,187,1763478751.0,https://i.redd.it/badr6p3q712g1.jpeg,powerbank made iphone air work iphone pro max powerbank made iphone air work iphone pro max original apple magsafe battery absolutely love still lightning pretty weak point saw apple released new version iphone air work iphone pro max,positive,0.796,surprise,0.468
1pvou1g,Broken iPhone 17 pro,"Broken iPhone 17 pro Broken iPhone 17 pro 😭 This is what happened to the iPhone 17 Pro, and the owner of this device said it fell from the ""scooter"", and the device was very frictional!",iphone,674,319,1766702635.0,https://i.redd.it/sm7mn9lzhf9g1.jpeg,broken iphone pro broken iphone pro happened iphone pro owner device said fell scooter device frictional,negative,-0.7351,sadness,0.4178
1nogj9q,Durability test confirms iPhone 17 Pro series vulnerable to scratches,Durability test confirms iPhone 17 Pro series vulnerable to scratches Durability test confirms iPhone 17 Pro series vulnerable to scratches,iphone,850,342,1758631867.0,https://m.gsmarena.com/durability_test_finds_iphone_17_pro_series_vulnerable_to_scratches-news-69619.php,durability test confirms iphone pro series vulnerable scratches durability test confirms iphone pro series vulnerable scratches,negative,-0.4215,neutral,0.5167
1nbg47t,All iPhone 17 and iPhone 17 Pro  Capacities Allegedly Leaked,"All iPhone 17 and iPhone 17 Pro  Capacities Allegedly Leaked All iPhone 17 and iPhone 17 Pro  Capacities Allegedly Leaked iPhone 17 Air	3,036 mAh	esim 3,149 mAh
iPhone 17 Pro	3,988 mAh	eSIM 4,252 mAh
iPhone 17 Pro Max 4,823 mAh	eSIM 5,088 mAh",iphone,1071,250,1757312093.0,https://forums.macrumors.com/threads/all-iphone-17-and-iphone-17-pro-battery-capacities-allegedly-leaked.2464805/,iphone iphone pro capacities allegedly leaked iphone iphone pro capacities allegedly leaked iphone air mah esim mah iphone pro mah esim mah iphone pro max mah esim mah,negative,-0.5574,surprise,0.4085
1q0fwn6,"Bought a brand new, sealed iPhone 17 from official carrier, came with a dented and grimey corner. They won't take it back. How does this happen?","Bought a brand new, sealed iPhone 17 from official carrier, came with a dented and grimey corner. They won't take it back. How does this happen? Bought a brand new, sealed iPhone 17 from official carrier, came with a dented and grimey corner. They won't take it back. How does this happen?",iphone,719,232,1767195650.0,https://www.reddit.com/gallery/1q0fwn6,bought brand new sealed iphone official carrier came dented grimey corner take back happen bought brand new sealed iphone official carrier came dented grimey corner take back happen,neutral,0.0,surprise,0.4337
1nf569z,"I just checked all iPhone configurations' ship dates. After almost 3 hours pre-orders went live, I'm surprised to see all versions of the iPhone Air are still available on Sep 19. iPhone 17 Pro Max seems to be the most affected by demand.","I just checked all iPhone configurations' ship dates. After almost 3 hours pre-orders went live, I'm surprised to see all versions of the iPhone Air are still available on Sep 19. iPhone 17 Pro Max seems to be the most affected by demand. I just checked all iPhone configurations' ship dates. After almost 3 hours pre-orders went live, I'm surprised to see all versions of the iPhone Air are still available on Sep 19. iPhone 17 Pro Max seems to be the most affected by demand. I've seen a lot of hype around the Air since the announcement. I'm surprised you can still get it delivered on day one for all colors and storage options. In fact, only the 17 Pro Max seems to be pushed back for delivery right now. All the base iPhone 17's are still available day one except for Green 512GB.",iphone,572,616,1757688342.0,https://i.redd.it/1uyj4pgkxqof1.jpeg,checked iphone configurations ship dates almost hours pre orders went live surprised see versions iphone air still available sep iphone pro max seems affected demand checked iphone configurations ship dates almost hours pre orders went live surprised see versions iphone air still available sep iphone pro max seems affected demand seen lot hype around air since announcement surprised still get delivered day one colors storage options fact pro max seems pushed back delivery right base iphone still available day one except green gb,positive,0.128,surprise,0.9784
1nuewu9,can an iPhone 17 Pro survive while you shower with it?,"can an iPhone 17 Pro survive while you shower with it? can an iPhone 17 Pro survive while you shower with it? I know this might sound dumb but sometimes I bring my phone into the bathroom while I shower so I can watch whatever show I’m catching up on. I work full-time so I don’t really have much time to relax and watch shows unless it’s the weekend, and even then I’m usually just trying to catch up on the sleep I missed during the week. So basically I almost never have time to watch anything.

My question is, can the iPhone 17 Pro handle being around water, like steam or even getting sprayed? If anyone has experience using their iPhone 17 Pro in the shower or around water, I’d really appreciate your input.",iphone,442,848,1759243003.0,https://www.reddit.com/r/iphone/comments/1nuewu9/can_an_iphone_17_pro_survive_while_you_shower/,iphone pro survive shower iphone pro survive shower know might sound dumb sometimes bring phone bathroom shower watch whatever show catching work full time really much time relax watch shows unless weekend even usually trying catch sleep missed week basically almost never time watch anything question iphone pro handle around water like steam even getting sprayed anyone experience using iphone pro shower around water really appreciate input,positive,0.4865,sadness,0.5862
1ohyro6,iPhone 17 Bricked After 1 Month of Use,"iPhone 17 Bricked After 1 Month of Use iPhone 17 Bricked After 1 Month of Use My Wife was using her new IPhone 17 256GB. She was broadcasting onto our Tv while it was plugged in and then it shut off. it was extremely hot and no longer worked anymore. Won’t power on, forced reset won’t work, trying to connect to iTunes won’t work. It is just a brick. Not sure if it’s something to avoid doing but as a precaution I would highly recommend not broadcasting your phone onto the tv while it is charging.

I have an appointment with Bestbuy tomorrow to get it checked out.",iphone,868,244,1761620849.0,https://www.reddit.com/gallery/1ohyro6,iphone bricked month use iphone bricked month use wife using new iphone gb broadcasting onto tv plugged shut extremely hot no longer worked anymore power forced reset work trying connect itunes work brick not sure something avoid precaution would highly recommend not broadcasting phone onto tv charging appointment bestbuy tomorrow get checked,negative,-0.4136,fear,0.6983
1o19036,Apple Modifies In-Store MagSafe Stands to Prevent iPhone 17 Marks,Apple Modifies In-Store MagSafe Stands to Prevent iPhone 17 Marks Apple Modifies In-Store MagSafe Stands to Prevent iPhone 17 Marks,iphone,1193,181,1759926292.0,https://www.macrumors.com/2025/10/08/apple-modifies-magsafe-stands-iphone-17-marks/,apple modifies store magsafe stands prevent iphone marks apple modifies store magsafe stands prevent iphone marks,neutral,0.0516,neutral,0.8533
1p9szgh,To all the people that were arguing with me on release that you need Apple’s 40-60W charger to hit full speed fast charging on an iPhone because of “the newest PD standards” — no you don’t. Here’s a 17 pro max running on a generic 100W PD.,To all the people that were arguing with me on release that you need Apple’s 40-60W charger to hit full speed fast charging on an iPhone because of “the newest PD standards” — no you don’t. Here’s a 17 pro max running on a generic 100W PD. To all the people that were arguing with me on release that you need Apple’s 40-60W charger to hit full speed fast charging on an iPhone because of “the newest PD standards” — no you don’t. Here’s a 17 pro max running on a generic 100W PD. Stop taking everything some MacRumor article said that some YouTuber then regurgitated at face value lol,iphone,795,218,1764433447.0,https://i.redd.it/z3bx2tvi284g1.jpeg,people arguing release need apple charger hit full speed fast charging iphone newest pd standards no pro max running generic pd people arguing release need apple charger hit full speed fast charging iphone newest pd standards no pro max running generic pd stop taking everything macrumor article said youtuber regurgitated face value lol,negative,-0.7506,neutral,0.4272
1o0cbqc,Apple Store says iPhone 17 has 5x optical zoom?,"Apple Store says iPhone 17 has 5x optical zoom? Apple Store says iPhone 17 has 5x optical zoom? Hi all,

I’m thinking of upgrading from my iPhone 13. I’ll probably go for the base model 17 as I think it’s the best value for money. One thing that draws me to the pro is the telephoto lens offering much superior zoom but I don’t think that alone is worth an extra £300. 

When comparing the 17 and 17 pro on the Apple Store, I noticed what looks like a discrepancy in the optical zoom specs for the 17. In the summary part it states the 17 has up to 2x optical zoom, but then in the “more details” section further down, it states it also has 5x optical zoom.

Is this just an error in the details on the App Store or am I misunderstanding something? If the 17 really has 5x optical zoom then that makes my decision a lot easier but unfortunately I doubt that’s the case. 

Any help of clarification is appreciated!",iphone,912,232,1759837150.0,https://www.reddit.com/gallery/1o0cbqc,apple store says iphone optical zoom apple store says iphone optical zoom hi thinking upgrading iphone probably go base model think best value money one thing draws pro telephoto lens offering much superior zoom think alone worth extra comparing pro apple store noticed looks like discrepancy optical zoom specs summary part states optical zoom details section states also optical zoom error details app store misunderstanding something really optical zoom makes decision lot easier unfortunately doubt case help clarification appreciated,positive,0.8979,surprise,0.544
1ncplgw,iPhone 17,iPhone 17 iPhone 17 All new iPhone 17,iphone,682,385,1757439736.0,https://www.reddit.com/gallery/1ncplgw,iphone iphone new iphone,positive,0.0,neutral,0.7581
1npytiq,Apple responds to iPhone 17 Pro scratch and durability concerns,Apple responds to iPhone 17 Pro scratch and durability concerns Apple responds to iPhone 17 Pro scratch and durability concerns,iphone,804,281,1758779301.0,https://9to5mac.com/2025/09/24/apple-responds-to-iphone-17-pro-scratch-and-durability-concerns/,apple responds iphone pro scratch durability concerns apple responds iphone pro scratch durability concerns,neutral,0.0,neutral,0.4944
1nsgy1w,Comparison of the iPhone 17 and 16 series frames,"Comparison of the iPhone 17 and 16 series frames Comparison of the iPhone 17 and 16 series frames the standard iPhone 17’s screen has seen a pretty good upgrade this time, and it seems Apple is treating all models equally.",iphone,1426,142,1759039902.0,https://www.reddit.com/gallery/1nsgy1w,comparison iphone series frames comparison iphone series frames standard iphone screen seen pretty good upgrade time seems apple treating models equally,positive,0.7269,neutral,0.374
1kdsnhm,Rumor: All iPhone 17 Models May Feature 12GB of RAM,"Rumor: All iPhone 17 Models May Feature 12GB of RAM Rumor: All iPhone 17 Models May Feature 12GB of RAM * Some iPhone 17 models were expected to get a RAM upgrade from 8GB to 12GB.
* A new rumor suggests **all four iPhone 17 models** may receive the 12GB RAM upgrade.
* Initially, the increase was believed to be limited to the **iPhone 17 Pro Max**.
* Analyst **Ming-Chi Kuo** recently indicated the 12GB RAM could also come to:
   * **iPhone 17 Pro**
   * The rumored **""iPhone 17 Air""**
   * Possibly the **base iPhone 17**, depending on supply chain stability.
* A fresh leak from **Digital Chat Station** on **Weibo** supports the likelihood that this RAM increase will happen across the lineup.",iphone,1626,200,1746277941.0,https://i.redd.it/vel3l5zugkye1.jpeg,rumor iphone models may feature gb ram rumor iphone models may feature gb ram iphone models expected get ram upgrade gb gb new rumor suggests four iphone models may receive gb ram upgrade initially increase believed limited iphone pro max analyst ming chi kuo recently indicated gb ram could also come iphone pro rumored iphone air possibly base iphone depending supply chain stability fresh leak digital chat station weibo supports likelihood ram increase happen across lineup,positive,0.6249,surprise,0.5524
1og43sh,We all know what the iPhone 17 looks like. You don't need to post a picture of your device.,"We all know what the iPhone 17 looks like. You don't need to post a picture of your device. We all know what the iPhone 17 looks like. You don't need to post a picture of your device. This entire sub is just getting bombarded by people posting pictures of their new phone.

Like, I get it, you're excited about your device, but we don't need a photo every single time someone buys one.",iphone,1149,150,1761430119.0,https://www.reddit.com/r/iphone/comments/1og43sh/we_all_know_what_the_iphone_17_looks_like_you/,know iphone looks like need post picture device know iphone looks like need post picture device entire sub getting bombarded people posting pictures new phone like get excited device need photo every single time someone buys one,positive,0.836,anger,0.6225
1qwdcn9,Brand New Iphone 17 Pro Max With Dent Out of Box,"Brand New Iphone 17 Pro Max With Dent Out of Box Brand New Iphone 17 Pro Max With Dent Out of Box I purchased a brand new Iphone 17 pro Max from the Apple Store. When I picked up the phone and opened it at home there was a small dent on the body of the phone beside the camera. I never used the phone and didn't even set it up, I believe this was a manufacturer defect

Will the Apple Store replace the phone for me with a new one because of this damage/defect? I shouldn't have settle for this after spending $2000 on a phone..

  
UPDATE - I went to Apple and at first they tried to blame me for the dent! They claim that all their Phones are sealed and packaged to be accident-free. It's pretty clear that this is a defect from Apple based on how the dent looks. Eventually they agreed to exchange the phone for a new one. For the losers saying ""why are you posting on Reddit and not going to the store"" because it was 11pm and the Apple store was closed and I wanted to share my experience to see if anyone else has been in a similar situation",iphone,596,175,1770271284.0,https://i.redd.it/pt9hp0u79mhg1.jpeg,brand new iphone pro max dent box brand new iphone pro max dent box purchased brand new iphone pro max apple store picked phone opened home small dent body phone beside camera never used phone even set believe manufacturer defect apple store replace phone new one damage defect settle spending phone update went apple first tried blame dent claim phones sealed packaged accident free pretty clear defect apple based dent looks eventually agreed exchange phone new one losers saying posting reddit not going store pm apple store closed wanted share experience see anyone else similar situation,negative,-0.7096,sadness,0.7573
1n7q8kq,Theory: What if the IPhone 17 Pro has Thermal Vision with the Camera's?,Theory: What if the IPhone 17 Pro has Thermal Vision with the Camera's? Theory: What if the IPhone 17 Pro has Thermal Vision with the Camera's? Im saying this because of the thermal logo but what if there is a thermal sensor?,iphone,787,263,1756931828.0,https://i.redd.it/bxs4hu1dg0nf1.jpeg,theory iphone pro thermal vision camera theory iphone pro thermal vision camera im saying thermal logo thermal sensor,positive,0.4588,neutral,0.5364
1nuuguv,iPhone 17 Pro Max Thermal Design,"iPhone 17 Pro Max Thermal Design iPhone 17 Pro Max Thermal Design I’m thrilled to share an interesting post with you all!

Last Saturday, I got the iPhone 17 Pro Max. While watching a YouTube video about vapor chambers, I recalled that I had purchased a thermal camera accessory a few years back.

So I installed Resident Evil Village on both my 15 Pro Max and my new 17 Pro Max and let it run for approximately 20 minutes at the highest settings. Here are the results!

On the left side, you can see the heat distribution on my iPhone 15 Pro Max. The heat is concentrated in the area of the Logic Board (GPU, CPU, RAM), reaching a temperature of 41°C.

On the right side, you’ll notice the vapor chamber and aluminum unibody working in tandem to distribute the heat much more evenely. The highest measured temperature is 34°C.

The difference in temperature is very noticeable! Kudos to Apple for this innovative feature!",iphone,1531,113,1759279944.0,https://www.reddit.com/gallery/1nuuguv,iphone pro max thermal design iphone pro max thermal design thrilled share interesting post last saturday got iphone pro max watching youtube video vapor chambers recalled purchased thermal camera accessory years back installed resident evil village pro max new pro max let run approximately minutes highest settings results left side see heat distribution iphone pro max heat concentrated area logic board gpu cpu ram reaching temperature right side notice vapor chamber aluminum unibody working tandem distribute heat much evenely highest measured temperature difference temperature noticeable kudos apple innovative feature,positive,0.8555,joy,0.7218
1ncuekl,iphone 17 is better than pro this year?,"iphone 17 is better than pro this year? iphone 17 is better than pro this year? 799$ vs 1099$ with pretty close specs is no brainer, only x8 zoom and better battery is something…

and what about the black? come on 

its the time for a base model!!!",iphone,522,404,1757450268.0,https://i.redd.it/gq5fmb5y97of1.jpeg,iphone better pro year iphone better pro year vs pretty close specs no brainer zoom better battery something black come time base model,positive,0.8658,neutral,0.4399
1k6526d,iPhone 17 series new rumors,"iPhone 17 series new rumors iPhone 17 series new rumors Me personally I think I won't like the new design if it arrives with 17 series but people use to complain how ever iPhone looks the same and now when they finally changed the design people are still complaining... As I said me personally I probably won't like it but also I never complained how every iPhone looks the same... look is just look why does it matter if it looks the same as previous lineup, in my opinion they reached peek with the design (titanium, colors, camera layout, look of the phone) iPhone 15 and 16 pro natural titanium is in my opinion most beautiful looking smartphone...

But I also saw that it's possible that this design is waiting 18 series which will be their 20th anniversary for iPhone.

Also camera bump most likely won't be glass, it would be breakable if it was cheap glass and if it was sapphire it would be expensive... they will probably go with aluminum camera bump which is safer and actually an extra space from inside they can use for extra camera features... You can see that on iPad m4 pro and it wouldn't be a first time iPad new features being upcoming changes on iPhone.",iphone,708,476,1745429409.0,https://www.reddit.com/gallery/1k6526d,iphone series new rumors iphone series new rumors personally think like new design arrives series people use complain ever iphone looks finally changed design people still complaining said personally probably like also never complained every iphone looks look look matter looks previous lineup opinion reached peek design titanium colors camera layout look phone iphone pro natural titanium opinion beautiful looking smartphone also saw possible design waiting series th anniversary iphone also camera bump likely glass would breakable cheap glass sapphire would expensive probably go aluminum camera bump safer actually extra space inside use extra camera features see ipad pro first time ipad new features upcoming changes iphone,positive,0.9128,surprise,0.3396
1o5dmao,Lens flare on IPhone 17 pro doesn’t get better,Lens flare on IPhone 17 pro doesn’t get better Lens flare on IPhone 17 pro doesn’t get better,iphone,851,181,1760342116.0,https://i.redd.it/1zvwp1aw4uuf1.jpeg,lens flare iphone pro get better lens flare iphone pro get better,positive,0.7003,neutral,0.7897
1n6c5w1,"Apple store employees in the EU are getting eSIM training, iPhone 17 may remove physical slot","Apple store employees in the EU are getting eSIM training, iPhone 17 may remove physical slot Apple store employees in the EU are getting eSIM training, iPhone 17 may remove physical slot",iphone,821,212,1756794487.0,https://www.gsmarena.com/apple_store_employees_in_the_eu_are_getting_esim_training_iphone_17_may_remove_physical_slot-news-69300.php,apple store employees eu getting esim training iphone may remove physical slot apple store employees eu getting esim training iphone may remove physical slot,neutral,0.0,neutral,0.6821
1r6zy5v,iPhone 17 pro max 2TP camera button cracked,iPhone 17 pro max 2TP camera button cracked iPhone 17 pro max 2TP camera button cracked Just got it 20 days ago,iphone,342,229,1771314479.0,https://i.redd.it/o1jfcv5df0kg1.jpeg,iphone pro max tp camera button cracked iphone pro max tp camera button cracked got days ago,neutral,0.0,sadness,0.5282
1ney7va,"The Apple Store is closed worldwide again, this time ahead of iPhone 17 series pre-orders","The Apple Store is closed worldwide again, this time ahead of iPhone 17 series pre-orders The Apple Store is closed worldwide again, this time ahead of iPhone 17 series pre-orders",iphone,385,385,1757667829.0,https://i.redd.it/sgj9i0av8pof1.jpeg,apple store closed worldwide time ahead iphone series pre orders apple store closed worldwide time ahead iphone series pre orders,neutral,0.0,sadness,0.7497
1rqr0cm,Switched from S24 Ultra to iPhone 17 Pro after 10+ years on Samsung — my honest thoughts,"Switched from S24 Ultra to iPhone 17 Pro after 10+ years on Samsung — my honest thoughts Switched from S24 Ultra to iPhone 17 Pro after 10+ years on Samsung — my honest thoughts I’ve been a Samsung user for over a decade. Started around the S6/S7 days. Even back then, I remember my friend’s iPhone feeling smoother while Samsung had some lag… but I didn’t care. I always felt iPhones were kind of “inferior” because of less customization and fewer features. I was deep in the Android mindset.

Still, if I’m being honest, there was always a small part of me that wanted to try an iPhone.

But I stuck with Samsung. S8, then S20, S22, and finally the S24 Ultra. And don’t get me wrong — the S24 Ultra is an absolute beast. It’s like a robot. It can do everything. So many features, so powerful. But it also became a bit too bulky for me. And I guess I just wanted a change. I wanted to see what the iPhone experience actually felt like instead of judging it from the outside.

So I switched to the iPhone 17 Pro.

It’s been about three weeks now, and honestly… I don’t think I’m going back anytime soon.

For context, I’m not a gamer. I don’t play mobile games. I was never into custom ROMs, crazy themes, fonts, or heavy customization. I always preferred a simple phone that just works well for daily tasks. So maybe I was the type of Android user who would eventually appreciate iOS more.

The biggest thing for me? Face ID.

It’s insanely good. Sometimes it feels like my phone doesn’t even have security because it unlocks so seamlessly. The Passwords app with passkeys and everything integrated with Face ID is so convenient. I don’t need third-party password managers anymore.

I also use a Mac, and the integration is just… smooth. Handoff works great. I take a photo and it instantly shows up on my Mac. Most of my friends use iPhone too, so sending photos and videos is effortless now. No more asking people to download third-party apps.

Camera-wise — Samsung has amazing RAW features if you want to tweak and edit. But for quick point-and-shoot photos, the iPhone just looks more natural to me. I didn’t realize it before, but now when I look back at some Samsung shots, they feel a bit too saturated compared to real life. And video? There’s honestly no comparison.

App optimization is another big one. I don’t know if it’s about raw speed, but apps just feel more fluid. Switching toggles inside apps, scrolling, general stability — everything feels polished. I’ve had fewer random crashes too.

Things I miss:

YouTube ReVanced (this one hurts a bit)

Clipboard history

Number row on the keyboard

The back button isn’t really a problem since I used swipe gestures on Samsung anyway. I barely used the S Pen, so I don’t miss that either.

I used to be pretty negative about Apple. I understood all the arguments — expensive, walled garden, less freedom. And I still get why people don’t like it.

But now I also understand why people choose it.",iphone,411,135,1773228033.0,https://www.reddit.com/r/iphone/comments/1rqr0cm/switched_from_s24_ultra_to_iphone_17_pro_after_10/,switched ultra iphone pro years samsung honest thoughts switched ultra iphone pro years samsung honest thoughts samsung user decade started around days even back remember friend iphone feeling smoother samsung lag care always felt iphones kind inferior less customization fewer features deep android mindset still honest always small part wanted try iphone stuck samsung finally ultra get wrong ultra absolute beast like robot everything many features powerful also became bit bulky guess wanted change wanted see iphone experience actually felt like instead judging outside switched iphone pro three weeks honestly think going back anytime soon context not gamer play mobile games never custom roms crazy themes fonts heavy customization always preferred simple phone works well daily tasks maybe type android user would eventually appreciate ios biggest thing face id insanely good sometimes feels like phone even security unlocks seamlessly passwords app passkeys everything integrated face id convenient need third party password managers anymore also use mac integration smooth handoff works great take photo instantly shows mac friends use iphone sending photos videos effortless no asking people download third party apps camera wise samsung amazing raw features want tweak edit quick point shoot photos iphone looks natural realize look back samsung shots feel bit saturated compared real life video honestly no comparison app optimization another big one know raw speed apps feel fluid switching toggles inside apps scrolling general stability everything feels polished fewer random crashes things miss youtube revanced one hurts bit clipboard history number row keyboard back button really problem since used swipe gestures samsung anyway barely used pen miss either used pretty negative apple understood arguments expensive walled garden less freedom still get people like also understand people choose,positive,0.9939,sadness,0.5435
1mdj0vz,Apple will increase iPhone 17 lineup's prices by 50$,"Apple will increase iPhone 17 lineup's prices by 50$ Apple will increase iPhone 17 lineup's prices by 50$ Apple will most likely increase iPhone 17 prices by $50, with one exception: the base iPhone 17’s price will remain unchanged.

This is most likely due to tariffs on products imported from China to the U.S.

[https://9to5mac.com/2025/07/30/apple-will-increase-iphone-17-prices-by-50-with-one-exception-says-analyst/](https://9to5mac.com/2025/07/30/apple-will-increase-iphone-17-prices-by-50-with-one-exception-says-analyst/)",iphone,697,183,1753910817.0,https://www.reddit.com/r/iphone/comments/1mdj0vz/apple_will_increase_iphone_17_lineups_prices_by_50/,apple increase iphone lineup prices apple increase iphone lineup prices apple likely increase iphone prices one exception base iphone price remain unchanged likely due tariffs products imported china,positive,0.7096,neutral,0.605
1nhfgjn,The iPhone 17 is returning to an aluminum. Which of the three materials do you prefer?,The iPhone 17 is returning to an aluminum. Which of the three materials do you prefer? The iPhone 17 is returning to an aluminum. Which of the three materials do you prefer?,iphone,320,337,1757921591.0,https://i.redd.it/pile7w487apf1.png,iphone returning aluminum three materials prefer iphone returning aluminum three materials prefer,neutral,0.0,neutral,0.896
aevbbs,iPhone 17,iPhone 17 iPhone 17,iphone,5227,285,1547212921.0,https://i.redd.it/936kexdtos921.jpg,iphone iphone,neutral,0.0,neutral,0.8622
142px5c,iPhone X ain't getting iOS 17.,iPhone X ain't getting iOS 17. iPhone X ain't getting iOS 17. End of an era RIP,iphone,1343,381,1686077929.0,https://i.redd.it/v6ocqxfc3g4b1.jpg,iphone getting ios iphone getting ios end era rip,neutral,0.0,neutral,0.6866
1ro9inu,iPhone 17 Pro less colorful,"iPhone 17 Pro less colorful iPhone 17 Pro less colorful I just switched from an s22 to an iPhone 17 pro, and the first thing I not8ced immediately was that it less colorful. When I compared these phones side by side, I noticed that the s22 is more vibrant or vivid, making images colorful and esthetically pleasing. Because of this, the s22 screen looks more clearer. I tried messing ariund with the color filters and other options on the 17, but I couldnt get it to look the same. Does anyone know what I can do?",iphone,353,116,1772988124.0,https://i.redd.it/wjwzt93znung1.jpeg,iphone pro less colorful iphone pro less colorful switched iphone pro first thing not ced immediately less colorful compared phones side side noticed vibrant vivid making images colorful esthetically pleasing screen looks clearer tried messing ariund color filters options couldnt get look anyone know,positive,0.7783,joy,0.9042
1nn8nev,Anyone with an iPhone 17 Pro Max hearing static/hissing from the speaker when charging?,"Anyone with an iPhone 17 Pro Max hearing static/hissing from the speaker when charging? Anyone with an iPhone 17 Pro Max hearing static/hissing from the speaker when charging? I've noticed something odd with my iPhone 17 Pro Max and wanted to see if anyone else can reproduce it.

When the phone is plugged in and charging, try this: play any audio (a song, Instagram Reel, TikTok, etc.), turn the volume all the way down to mute, and put your ear close to the bottom speaker. You’ll hear a faint static, buzzing, or hissing sound—kind of like an old radio.

I tested this using an official Apple cable and charger, and the sound is still there. Is this happening to anyone else, or is it just my device? Let me know if you try it and hear the same thing!

Update: Based on lots of feedback, it seems this issue affects all iPhone 17 Pro and Pro Max models. If you can, please send feedback to Apple so they’re aware of it. The more voices we have, the more likely Apple will take notice and fix this in a future software update. Let’s make some noise together!",iphone,154,498,1758502058.0,https://www.reddit.com/r/iphone/comments/1nn8nev/anyone_with_an_iphone_17_pro_max_hearing/,anyone iphone pro max hearing static hissing speaker charging anyone iphone pro max hearing static hissing speaker charging noticed something odd iphone pro max wanted see anyone else reproduce phone plugged charging try play audio song instagram reel tiktok etc turn volume way mute put ear close bottom speaker hear faint static buzzing hissing sound kind like old radio tested using official apple cable charger sound still happening anyone else device let know try hear thing update based lots feedback seems issue affects iphone pro pro max models please send feedback apple aware voices likely apple take notice fix future software update let make noise together,positive,0.8074,neutral,0.4744
1m1p0yd,iPhone 17 Pro render based on the rumored colors,iPhone 17 Pro render based on the rumored colors iPhone 17 Pro render based on the rumored colors,iphone,737,149,1752701054.0,https://i.redd.it/lgkayuspzadf1.png,iphone pro render based rumored colors iphone pro render based rumored colors,neutral,0.0,neutral,0.5706
1ne79ds,Best iPhone 17 Pro Max Case?,"Best iPhone 17 Pro Max Case? Best iPhone 17 Pro Max Case? I’m going to buy the iPhone 17 Pro next week and I’m already searching for a case. Every iPhone 15 Pro Max case I have tried that was clear ended up yellowing after a few months, and most rugged cases that actually protect the phone just look too bulky and ugly like a robot lol

This time I want something that does both: style and real protection. I have been looking at iPhone 17 Pro Max cases but still haven’t found one that really feels like the BEST case for iPhone 17 Pro Max. I see a lot of pre-orders for cases, but I’d rather hear from people who’ve actually used good ones on older iPhones.

I prefer leather, but I know Apple stopped making their own. Has anyone tried an iPhone leather case lately that actually lasts? I don’t want the leather to start peeling after a month. If there’s a good iPhone 17 Pro leather case or iPhone 17 Pro Max leather case out there, I’d really like to know.

Ideally I’d like something that could be considered the iPhone 17 Pro Max leather case, but I’m open to suggestions for the best iPhone cases overall too. Not planning to cut corners on accessories for my new phone.

Thanks!!",iphone,218,384,1757593062.0,https://www.reddit.com/r/iphone/comments/1ne79ds/best_iphone_17_pro_max_case/,best iphone pro max case best iphone pro max case going buy iphone pro next week already searching case every iphone pro max case tried clear ended yellowing months rugged cases actually protect phone look bulky ugly like robot lol time want something style real protection looking iphone pro max cases still found one really feels like best case iphone pro max see lot pre orders cases rather hear people actually used good ones older iphones prefer leather know apple stopped making anyone tried iphone leather case lately actually lasts want leather start peeling month good iphone pro leather case iphone pro max leather case really like know ideally like something could considered iphone pro max leather case open suggestions best iphone cases overall not planning cut corners accessories new phone thanks,positive,0.9921,sadness,0.7752
1ne7a2j,Why can't we get eSIM-only iPhone 17 pro in Europe ?,"Why can't we get eSIM-only iPhone 17 pro in Europe ? Why can't we get eSIM-only iPhone 17 pro in Europe ? European iPhone 17 Pro users: Did you know the eSIM-only iphone 17 pro (Max) model get a bigger battery thanks to eSIM-only design? Unfortunately, this model isn't available to european customers. Help bring eSIM-only iPhone 17 Pro (Max) to Europen customers with boost battery capacity! Sign here 👉 

[https://www.change.org/make-esim-only-iphone-17-pro-models-available-in-europe-for-larger-battery](https://www.change.org/make-esim-only-iphone-17-pro-models-available-in-europe-for-larger-battery)",iphone,245,323,1757593113.0,https://www.reddit.com/r/iphone/comments/1ne7a2j/why_cant_we_get_esimonly_iphone_17_pro_in_europe/,get esim iphone pro europe get esim iphone pro europe european iphone pro users know esim iphone pro max model get bigger battery thanks esim design unfortunately model available european customers help bring esim iphone pro max europen customers boost battery capacity sign,positive,0.7096,sadness,0.7809
1np1ppi,Any iPhone 17 users want to share their experience,"Any iPhone 17 users want to share their experience Any iPhone 17 users want to share their experience I saw some review videos where people were already using thermal cameras to check the iPhone 17’s battery temperature. That made me curious since I had done similar tests myself. In this thermal comparison, the 16 Pro/Max showed surface temps around 42 to 43°C, while the 17 Pro/Max stayed closer to 37 to 38°C. I remember testing my coworkers’ phones at the office with a thermal camera. Most of them looked fine, but my 14 Pro was the hottest. By touch the difference was not huge, but once the case was off the heat became much more obvious.

Thermal imaging only shows surface temperature, but it clearly reveals where the heat builds up and how it spreads across the device. From these numbers, the 17 series has made a big improvement in thermal management. I wonder if any 17 users here can share whether it actually feels cooler in daily use.",iphone,398,198,1758684155.0,https://www.reddit.com/gallery/1np1ppi,iphone users want share experience iphone users want share experience saw review videos people already using thermal cameras check iphone battery temperature made curious since done similar tests thermal comparison pro max showed surface temps around pro max stayed closer remember testing coworkers phones office thermal camera looked fine pro hottest touch difference not huge case heat became much obvious thermal imaging shows surface temperature clearly reveals heat builds spreads across device numbers series made big improvement thermal management wonder users share whether actually feels cooler daily use,positive,0.9192,surprise,0.9162
1ncqpoj,iPhone 17 Pro: the first Pro iPhone without a black option. How do you feel about this?,iPhone 17 Pro: the first Pro iPhone without a black option. How do you feel about this? iPhone 17 Pro: the first Pro iPhone without a black option. How do you feel about this?,iphone,160,452,1757442181.0,https://i.redd.it/okr2nz9wl6of1.jpeg,iphone pro first pro iphone without black option feel iphone pro first pro iphone without black option feel,neutral,0.0,sadness,0.6613
1r58opj,"I own and use both iPhone 17 Pro Max and iPhone Air, my thoughts on them:","I own and use both iPhone 17 Pro Max and iPhone Air, my thoughts on them: I own and use both iPhone 17 Pro Max and iPhone Air, my thoughts on them: First of all, I’d like to clarify, this shouldn’t be used as a guide towards buying devices, there are many guides out there that are way better than what I have here, and this is only my personal opinion.

My Background: I am a High School student here in Quebec, Canada, extremely interested in computer engineering related things, also an Apple Developer. I use two phones because of several reasons. But the main reason is that I have 4 phone numbers, 2 being personal, 2 for business, iPhone Air was bought as a secondary phone to run my tech company. I’m a subscriber of Apple One Premier and an additional 2TB iCloud Storage, which makes it 4TB in total. I don’t play games so I don’t have a “Gamer’s Advise”

The two devices are: iPhone 17 Pro Max 1TB bought at launch and iPhone Air 256GB bought at around January, both with AppleCare+.

Now, just to be clear, I’ve had a taste of nearly most, if not all Apple’s devices, but this year, it felt different with the introduction of iPhone Air.

0. Weight:

The first time I’m holding it, it was genuinely a “Holy S\*\*t, this is real” moment. 17PM being the heaviest phone in Apple’s history vs Air being the lightest and thinnest. Spoilers: I find my self using Air more than 17PM now.

1. Camera:

1.1 Rear: 

I believe this is something that most people will want to ask about. Through your my experience, I find the iPhone Air’s camera better than the iPhone 17 Pro Max (when used with the camera app). This is mainly noticeable when I’m shooting product pictures. Where sometimes on the 17, it would automatically switch to the macro mode which, yes captures details, but we lost depth, this never happens on the iPhone Air (and yes I know that there is a setting to disable it). Then onto the actual features, it wouldn’t be a suprise that the 17 have more features than the Air camera wise, Air’s zoom maxout at 10x while 17’s max out at 40x. Air doesn’t have features such as  0.5x, LOG, HDR, Raw, Cinematic mode, which I rarely use anyways, so taking pictures had really just been mainly using my Air, it’s so much easier to take out in and out through out the day.

1.2 Front:

Same

1.3 Camera Control Button:

I like Air’s Camera control button way more the 17ProMax and 17 Pro’s, iPhone Air is built in a way that the size is in the middle of both. The iPhone 17 Pro that I’ve bought I realized that I usually over reaches the CC button, which isn’t the best experience ever, which 17PM’s  CC button is hard to reach, and even harder to click with one hand. Air’s camera control button (with the advantage of the size) is perfect, and I’d actually use the button on the Air.

2 Screen:

2.1 Quality:

No noticeable difference

2.2 Dynamic Island:

The iPhone Air’s Dynamic Island has been shifted slightly downwards for the camera module. There are reports saying how apps haven’t adapted to this change, but by the time I’ve got this iPhone, I haven’t experienced anything like this.

3 Speaker:

I seriously don’t see any problems with the Air being mono sound, this might differ by people. The only thing that bothers me a little is that the sound coming out of the Air doesn’t have the “layers” and lacks of base. I used AirPod Pro anyways.

4 Battery Life:

My honest opinion, Air Can provide you with one full day of normal day to day use, 17PM around 1.5 days. Not much of a difference, somehow. But when you mix two phones together, gosh it’s amazing.

5 Signals

iPhone Air uses Apple’s proprietary C1X baseband, it mostly stays the same as my 17, however, it’s slightly so faster when the signals are strong, but C1X sometimes drops signals randomly (as in no signal completely) especially on sim2 if you have 2 esims. In basements iPhone Air cell reception beats iPhone 17PM, ALWAYS.

6 Heat

iPhone Air does an extremely BAD job when it comes to heat distribution compared to 17PM, heats are concentrated on the top plateau section, but this rarely costs any problems.

7 AppleTV/Youtube

If you are someone who likes laying in bed while watching content and you hate how you arms get tired, this phone is for you.

8 Storage

The 17PM I bought despite having 1TB of storage, if you have iCloud 512GB is more than enough. Currently my 1.5TB of pictures are stored on iCloud, the actual phone storage still has around 800GB left.

9 Gaming

Gaming on iPhone Air is slightly worse than 17PM, in this case, I tested using the good old Genshin Impact, all maxed out. (This is literally my benchmark now). It seems like Air would experience a lot more lags than 17PM, despite the phone being in normal temps.

10 flash light 

On iPhone Air, the flash light is not like the 17PM’s, where you can adjust the horizontal length (which does nothing anyways). You ca only adjust how light you want it to be.

Honestly, in my opinion, iPhone Air wins me, I’m pulling iPhone Air out and using that more than I’m using my 17 Pro Max, and this is unbelievable, that I’d start to prefer a entry/middle level device than a professional grade device. In a few weeks, I’d be in china for holidays, and there I will buy a base model 17, just because both of my phones lacks SIM card slots while China only supports Physical SIM card. I’ll write another comparison once I’ve got a taste of that.

Feel free to leave your thoughts, things you want to add, corrections to what I said or your experience with past iPhones in comparison to current iPhones.",iphone,214,157,1771141183.0,https://www.reddit.com/gallery/1r58opj,use iphone pro max iphone air thoughts use iphone pro max iphone air thoughts first like clarify used guide towards buying devices many guides way better personal opinion background high school student quebec canada extremely interested computer engineering related things also apple developer use two phones several reasons main reason phone numbers personal business iphone air bought secondary phone run tech company subscriber apple one premier additional tb icloud storage makes tb total play games gamer advise two devices iphone pro max tb bought launch iphone air gb bought around january applecare clear taste nearly not apple devices year felt different introduction iphone air weight first time holding genuinely holy real moment pm heaviest phone apple history vs air lightest thinnest spoilers find self using air pm camera rear believe something people want ask experience find iphone air camera better iphone pro max used camera app mainly noticeable shooting product pictures sometimes would automatically switch macro mode yes captures details lost depth never happens iphone air yes know setting disable onto actual features suprise features air camera wise air zoom maxout max air features log hdr raw cinematic mode rarely use anyways taking pictures really mainly using air much easier take day front camera control button like air camera control button way promax pro iphone air built way size middle iphone pro bought realized usually reaches cc button best experience ever pm cc button hard reach even harder click one hand air camera control button advantage size perfect actually use button air screen quality no noticeable difference dynamic island iphone air dynamic island shifted slightly downwards camera module reports saying apps adapted change time got iphone experienced anything like speaker seriously see problems air mono sound might differ people thing bothers little sound coming air layers lacks base used airpod pro anyways battery life honest opinion air provide one full day normal day day use pm around days not much difference somehow mix two phones together gosh amazing signals iphone air uses apple proprietary baseband mostly stays however slightly faster signals strong sometimes drops signals randomly no signal completely especially sim esims basements iphone air cell reception beats iphone pm always heat iphone air extremely bad job comes heat distribution compared pm heats concentrated top plateau section rarely costs problems appletv youtube someone likes laying bed watching content hate arms get tired phone storage pm bought despite tb storage icloud gb enough currently tb pictures stored icloud actual phone storage still around gb left gaming gaming iphone air slightly worse pm case tested using good old genshin impact maxed literally benchmark seems like air would experience lot lags pm despite phone normal temps flash light iphone air flash light not like pm adjust horizontal length nothing anyways ca adjust light want honestly opinion iphone air wins pulling iphone air using using pro max unbelievable start prefer entry middle level device professional grade device weeks china holidays buy base model phones lacks sim card slots china supports physical sim card write another comparison got taste feel free leave thoughts things want add corrections said experience past iphones comparison current iphones,positive,0.9954,surprise,0.6688
1phwo1s,"PSA: If your iPhone 17 / 17 Pro / 17 Pro Max screen protectors won’t stick on the edges, PLEASE report it to Apple.","PSA: If your iPhone 17 / 17 Pro / 17 Pro Max screen protectors won’t stick on the edges, PLEASE report it to Apple. PSA: If your iPhone 17 / 17 Pro / 17 Pro Max screen protectors won’t stick on the edges, PLEASE report it to Apple. I wanted to share my experience because I have now tried more than 14 screen protectors including ESR, Spigen, TORRAS, amFilm, Ailun, and even the **official Belkin that the Apple Store installed** using their machine. **Every single one lifted at the edges** (bottom left, the sides, and the top near the speaker).

At the Apple Store, they were initially confident the Belkin would work, but when it started lifting instantly, the manager told me there was “nothing they could do” because they **“haven’t heard of this issue.”** Since they did not classify it as a manufacturing defect, they refused to replace my device.

This was extremely frustrating because the Belkin protector is the one Apple sells for this phone, so if even that does not adhere properly, something is clearly not right.

When I called Apple Support later, they told me that they have not seen this issue reported internally, so they could not label it as a known defect. For context, Reddit, Amazon reviews, and MacRumors all have threads of users describing the exact same edge lifting problem. What made it even more frustrating is that the Apple Store said they cannot take online reports seriously because “people say anything on the internet” and it is not considered an official Apple source. So they dismissed every example I brought in even though the Belkin protector they installed themselves failed within seconds.

**📢 So if anyone else is dealing with edge lifting on the iPhone 17 series, please report it directly to Apple Support.**  
The more people who report this, the faster it becomes a recognized issue instead of individual cases being dismissed as a simple “screen protector incompatibility.”

https://preview.redd.it/v70iln8ig36g1.png?width=824&format=png&auto=webp&s=2b7114b7607e98c486194d9e412b06f84cad6fed

https://preview.redd.it/go7aom8ig36g1.png?width=456&format=png&auto=webp&s=2c78d3f714748b8d36ad0453b5d41d64d266c2ad",iphone,201,232,1765249430.0,https://www.reddit.com/r/iphone/comments/1phwo1s/psa_if_your_iphone_17_17_pro_17_pro_max_screen/,psa iphone pro pro max screen protectors stick edges please report apple psa iphone pro pro max screen protectors stick edges please report apple wanted share experience tried screen protectors including esr spigen torras amfilm ailun even official belkin apple store installed using machine every single one lifted edges bottom left sides top near speaker apple store initially confident belkin would work started lifting instantly manager told nothing could heard issue since not classify manufacturing defect refused replace device extremely frustrating belkin protector one apple sells phone even not adhere properly something clearly not right called apple support later told not seen issue reported internally could not label known defect context reddit amazon reviews macrumors threads users describing exact edge lifting problem made even frustrating apple store said cannot take online reports seriously people say anything internet not considered official apple source dismissed every example brought even though belkin protector installed failed within seconds anyone else dealing edge lifting iphone series please report directly apple support people report faster becomes recognized issue instead individual cases dismissed simple screen protector incompatibility,positive,0.8393,sadness,0.509
1pygvgp,iPhone 17 Pro Gold (Titanium concept),"iPhone 17 Pro Gold (Titanium concept) iPhone 17 Pro Gold (Titanium concept) A concept of what a gold iPhone 17 Pro could look like if Apple keeps the titanium design.
More of a brushed, muted gold rather than shiny.
Would you want gold back on the Pro models, or should Apple stick to neutral titanium colors?",iphone,595,86,1766996556.0,https://i.redd.it/5a5dy4fyr3ag1.jpeg,iphone pro gold titanium concept iphone pro gold titanium concept concept gold iphone pro could look like apple keeps titanium design brushed muted gold rather shiny would want gold back pro models apple stick neutral titanium colors,positive,0.4215,neutral,0.3612
16m17mh,"iOS 17 update now available for iPhone with better autocorrect, StandBy, interactive widgets, much more","iOS 17 update now available for iPhone with better autocorrect, StandBy, interactive widgets, much more iOS 17 update now available for iPhone with better autocorrect, StandBy, interactive widgets, much more",iphone,920,410,1695057036.0,https://9to5mac.com/2023/09/18/ios-17-now-available/,ios update available iphone better autocorrect standby interactive widgets much ios update available iphone better autocorrect standby interactive widgets much,positive,0.7003,neutral,0.7577
1njgwwk,Performance of iPhone 17 with A19 chip around 30% higher than iPhone Air with A19 pro chip,"Performance of iPhone 17 with A19 chip around 30% higher than iPhone Air with A19 pro chip Performance of iPhone 17 with A19 chip around 30% higher than iPhone Air with A19 pro chip According to Mrwhosetheboss the iPhone Air has a significantly lower performance in his tests.

Now I know that the performance can be even much lower than in the non Pro model. Maybe even lower than in the iPhone 16 Pro? Maybe even lower than in the iPhone 15 Pro? Curious to know.

I was really surprised. 
Is performance important for you?",iphone,441,164,1758124352.0,https://www.reddit.com/r/iphone/comments/1njgwwk/performance_of_iphone_17_with_a19_chip_around_30/,performance iphone chip around higher iphone air pro chip performance iphone chip around higher iphone air pro chip according mrwhosetheboss iphone air significantly lower performance tests know performance even much lower non pro model maybe even lower iphone pro maybe even lower iphone pro curious know really surprised performance important,negative,-0.3057,surprise,0.9827
16n1gdy,iOS 17 is the Smoothest iPhone Update in a Long Time and Makes My Phone Feel Like an iPhone Again,"iOS 17 is the Smoothest iPhone Update in a Long Time and Makes My Phone Feel Like an iPhone Again iOS 17 is the Smoothest iPhone Update in a Long Time and Makes My Phone Feel Like an iPhone Again I know that 17 has been sort of looked down on because the set of new and exciting features (or lack thereof) is a bit lackluster according to some people. But for me, this has been the most impactful update in a LONG time.

I used to greatly anticipate iOS updates and would install them the second they came out (all the way back when you had to plug your phone into a computer to update). 

But in recent years, I felt that the updates were less and less impactful. Not just feature-wise but quality of life improvements seemed to slow. On top of that, it felt that from a software standpoint, Apple had let iOS go downhill a bit. Coming to a head with iOS 16, I noticed iOS get slower and laggier and buggier over time. I’ll admit that I’m still on an 11 Pro but I remember several updates where new features were super slow or drained my battery or both (I’m looking at you haptic keyboard).

It wasn’t drastic, but slowly overtime I just got discouraged about iOS updates. Until iOS 17.

And man, I’m so pleasantly surprised. My phone feels brand new. It feels faster, clicker, snappier (as overused as that word is) and I’m stoked. I would take these performance improvements over some gimmicky bell or whistle anyway. It reminds me why I love iOS.

Does anyone else feel this way or am I blowing this way out of proportion?",iphone,945,391,1695155275.0,https://www.reddit.com/r/iphone/comments/16n1gdy/ios_17_is_the_smoothest_iphone_update_in_a_long/,ios smoothest iphone update long time makes phone feel like iphone ios smoothest iphone update long time makes phone feel like iphone know sort looked set new exciting features lack thereof bit lackluster according people impactful update long time used greatly anticipate ios updates would install second came way back plug phone computer update recent years felt updates less less impactful not feature wise quality life improvements seemed slow top felt software standpoint apple let ios go downhill bit coming head ios noticed ios get slower laggier buggier time admit still pro remember several updates new features super slow drained battery looking haptic keyboard drastic slowly overtime got discouraged ios updates ios man pleasantly surprised phone feels brand new feels faster clicker snappier overused word stoked would take performance improvements gimmicky bell whistle anyway reminds love ios anyone else feel way blowing way proportion,positive,0.9548,surprise,0.813
1nj33fr,I made an iPhone thickness comparison with the camera bump in mind,I made an iPhone thickness comparison with the camera bump in mind I made an iPhone thickness comparison with the camera bump in mind Source: [Apple’s Accessory Design Guidelines](https://developer.apple.com/accessories/Accessory-Design-Guidelines.pdf),iphone,48131,1495,1758081781.0,https://i.redd.it/j2q51484fnpf1.png,made iphone thickness comparison camera bump mind made iphone thickness comparison camera bump mind source apple accessory design guidelines,neutral,0.0,neutral,0.8446
1oo29or,iphone 17 pro max camera sapphire glass scratched.,"iphone 17 pro max camera sapphire glass scratched. iphone 17 pro max camera sapphire glass scratched. Just got my iphone 17 pro max. Been using it for like 2 weeks.I'm really careful with this baby never put it in a place where it would get scratched easily. But unfortunately it did. I've noticed the scratch 3 days after i bought the phone but i ignored it since it disappear when i wiped it or clean it. I was thinking it must be the oleophobic coating or the Anti-reflective coating they put on the glass. But then it keep coming back everytime the sapphire glass gets dirty or smudged, it showing up. I'm planning to use my applecare for this. Do you think they would care about this? Anyways, this is my first iphone.",iphone,309,165,1762245465.0,https://www.reddit.com/gallery/1oo29or,iphone pro max camera sapphire glass scratched iphone pro max camera sapphire glass scratched got iphone pro max using like weeks really careful baby never put place would get scratched easily unfortunately noticed scratch days bought phone ignored since disappear wiped clean thinking must oleophobic coating anti reflective coating put glass keep coming back everytime sapphire glass gets dirty smudged showing planning use applecare think would care anyways first iphone,positive,0.2247,sadness,0.5622
1nnadx5,"Iphone 17 pro max discoloration near camera lens, whitish. Does everyone’s iphone look like this? I tried wiping it didn’t do anything! Tried seeing in different lighting and angles still seeing this discoloration","Iphone 17 pro max discoloration near camera lens, whitish. Does everyone’s iphone look like this? I tried wiping it didn’t do anything! Tried seeing in different lighting and angles still seeing this discoloration Iphone 17 pro max discoloration near camera lens, whitish. Does everyone’s iphone look like this? I tried wiping it didn’t do anything! Tried seeing in different lighting and angles still seeing this discoloration",iphone,199,277,1758507049.0,https://i.redd.it/4f1enpxakmqf1.jpeg,iphone pro max discoloration near camera lens whitish everyone iphone look like tried wiping anything tried seeing different lighting angles still seeing discoloration iphone pro max discoloration near camera lens whitish everyone iphone look like tried wiping anything tried seeing different lighting angles still seeing discoloration,positive,0.6124,surprise,0.4806
1nk4z48,iPhone 17 Pro Signal Strength,"iPhone 17 Pro Signal Strength iPhone 17 Pro Signal Strength Hi all, I saw [Mrwhostheboss review](https://youtu.be/BU9gKr1miS8?si=TMiTrgccUebHb1od&t=743) show that the new 17 Pro's get significantly better cell data speeds and signal where older iPhones didn't presumably due to the new antenna placements. 

Can anyone provide any more support for this? A jump in signal would push me to upgrade from 15PM!",iphone,452,144,1758192573.0,https://i.redd.it/c6x5otnfkwpf1.png,iphone pro signal strength iphone pro signal strength hi saw mrwhostheboss review show new pro get significantly better cell data speeds signal older iphones presumably due new antenna placements anyone provide support jump signal would push upgrade pm,positive,0.9001,joy,0.323
1nqbk7r,Just a fun comparison between the iPhone 17 Pro Max and my very old iPhone 3GS,"Just a fun comparison between the iPhone 17 Pro Max and my very old iPhone 3GS Just a fun comparison between the iPhone 17 Pro Max and my very old iPhone 3GS If you turn the 3GS sideways, the length of its screen is just about exactly the width of the 17PM (2nd pic).  Battery was dead and I couldn't find a charger to show the screen.",iphone,731,90,1758818071.0,https://www.reddit.com/gallery/1nqbk7r,fun comparison iphone pro max old iphone gs fun comparison iphone pro max old iphone gs turn gs sideways length screen exactly width pm nd pic battery dead find charger show screen,positive,0.3182,surprise,0.4108
1nkq29i,iPhone's hidden Clear App Cache trick - iOs 17/18/26,"iPhone's hidden Clear App Cache trick - iOs 17/18/26 iPhone's hidden Clear App Cache trick - iOs 17/18/26 Dear iPhone Reddit Community,

I already know what everyone is thinking, offloading wont delete documents and data right?

"" Please hear me out ""

But the fact is, it does delete all ""unwanted"" documents and data

The Steps - Settings - General - Iphone Storage - Go to the App - Offload App - Reinstall App

For example, if its Instagram, and if the documents and data shows around 5 GB, even after offloading and re-installing the app it would still show ""5GB""

But here's the twist, as soon as you go back from the menu, tap iphone storage again, tap Instagram in storage menu, you will see everything has cleared except your login data and important data

The 5GB will be down to mere 200 MB or something, i think the reason is when you go back the storage re-calculates everything

This method works for every apps and it can work just like how "" Clear Cache "" works in Android

But i cant understand , why Apple says Documents and data wont be cleared. I think they should re-write what happens under offload apps

Please tell me if anyone found this really useful. If this is already been known, please write it in comments and i will make sure my post is deleted",iphone,683,96,1758244465.0,https://i.redd.it/kdi6ha6iv0qf1.jpeg,iphone hidden clear app cache trick ios iphone hidden clear app cache trick ios dear iphone reddit community already know everyone thinking offloading wont delete documents data right please hear fact delete unwanted documents data steps settings general iphone storage go app offload app reinstall app example instagram documents data shows around gb even offloading installing app would still show gb twist soon go back menu tap iphone storage tap instagram storage menu see everything cleared except login data important data gb mere mb something think reason go back storage calculates everything method works every apps work like clear cache works android cant understand apple says documents data wont cleared think write happens offload apps please tell anyone found really useful already known please write comments make sure post deleted,positive,0.9678,surprise,0.4917
17a4q73,"Apple says iOS 17.1 makes keyboard snappier, fixes bug that could cause image retention on iPhone","Apple says iOS 17.1 makes keyboard snappier, fixes bug that could cause image retention on iPhone Apple says iOS 17.1 makes keyboard snappier, fixes bug that could cause image retention on iPhone",iphone,1001,287,1697566404.0,https://9to5mac.com/2023/10/17/ios-17-1-keyboard-bug-image-retention/,apple says ios makes keyboard snappier fixes bug could cause image retention iphone apple says ios makes keyboard snappier fixes bug could cause image retention iphone,neutral,0.0,sadness,0.387
xa2jdk,A16 in iPhone 14 Pro is 17% Faster Than A15 in iPhone 13 Pro in New Benchmark,A16 in iPhone 14 Pro is 17% Faster Than A15 in iPhone 13 Pro in New Benchmark A16 in iPhone 14 Pro is 17% Faster Than A15 in iPhone 13 Pro in New Benchmark,iphone,1278,327,1662747409.0,https://www.macrumors.com/2022/09/09/a16-iphone-14-pro-benchmark/,iphone pro faster iphone pro new benchmark iphone pro faster iphone pro new benchmark,positive,0.0,neutral,0.5582
1noot8b,iPhone 17 Pro Max cellular reception is greatly enhanced…,"iPhone 17 Pro Max cellular reception is greatly enhanced… iPhone 17 Pro Max cellular reception is greatly enhanced… So over the last 5 days of ownership, I’ve put this device through my normal daily routine and have absolutely taken notice on the Snapdragon X80 modem enhancements. They didn’t make a huge deal about it, but from my bubble of experience, areas where I was lucky to get a solid LTE connection, I’m now easily getting 5G/5G+ connection…and areas I was getting 5G/+ before, the connection is noticeably more solid.

It’s a wonderful upgrade for those of us that spend a lot of time outside of WiFi networks…and has presented me with some fantastic usage experience.

In case that kind of things matters to you, know that this device definitely gave users a noticeable improvement in that arena!",iphone,314,177,1758651037.0,https://www.reddit.com/r/iphone/comments/1noot8b/iphone_17_pro_max_cellular_reception_is_greatly/,iphone pro max cellular reception greatly enhanced iphone pro max cellular reception greatly enhanced last days ownership put device normal daily routine absolutely taken notice snapdragon modem enhancements make huge deal bubble experience areas lucky get solid lte connection easily getting connection areas getting connection noticeably solid wonderful upgrade us spend lot time outside wifi networks presented fantastic usage experience case kind things matters know device definitely gave users noticeable improvement arena,positive,0.9756,joy,0.6877
1o9htje,I want to change my iPhone SE 2. Which one do you think is better 16 pro or 17 (no pro),"I want to change my iPhone SE 2. Which one do you think is better 16 pro or 17 (no pro) I want to change my iPhone SE 2. Which one do you think is better 16 pro or 17 (no pro) Which one is a better option, and why. Thanks you",iphone,175,238,1760747364.0,https://i.redd.it/sagxzdrwlrvf1.jpeg,want change iphone se one think better pro no pro want change iphone se one think better pro no pro one better option thanks,positive,0.8062,joy,0.6498
1odyxlo,My iphone 17 pro max silver got instant scratch,"My iphone 17 pro max silver got instant scratch My iphone 17 pro max silver got instant scratch So, I’m not sure how it happened, but I woke up yesterday to find that my newly unboxed iPhone had a scratch. It’s not through the scratch gate, but right in the middle of the camera bump. I tried cleaning it with microfiber cloths, but it seems like the scratch is permanent.

I hate the scratch because it’s in the middle of the phone’s camera bump.",iphone,183,224,1761212517.0,https://i.redd.it/e8x4kkm11uwf1.jpeg,iphone pro max silver got instant scratch iphone pro max silver got instant scratch not sure happened woke yesterday find newly unboxed iphone scratch not scratch gate right middle camera bump tried cleaning microfiber cloths seems like scratch permanent hate scratch middle phone camera bump,negative,-0.4874,surprise,0.6728
1nlxj5g,Anyone else have Wireless Carplay issues with iPhone 17 Pro Max?,"Anyone else have Wireless Carplay issues with iPhone 17 Pro Max? Anyone else have Wireless Carplay issues with iPhone 17 Pro Max? EDIT 4: for anyone asking which new CarPlay adapter I got, it’s this guy: https://a.co/d/aOTNz10 and it’s been working fine so far 

EDIT 3 - i think we should all be reporting this at https://www.apple.com/feedback/iphone/


EDIT 2- this seems to be an overall Bluetooth problem with the 17 series! My watch started exhibiting signs again of it just disconnecting on its own. About to test AirPods now to see if they do it too. So network reset may have only worked for like 12 hours. Hoping this is an overall software issue with the 17s and not hardware for all of us….





EDIT I fixed it. I just reset network settings so it wiped all WiFi…I thought that wipes Bluetooth too but my watches and AirPods were still paired, so maybe it wipes everything else. Either way after that my AirPods stayed on and didn’t disconnect and my CarPlay worked again. I came to the conclusion it was Bluetooth because I popped my AirPods in and they kept disconnecting and reconnecting every minute. And I noticed my watch wouldn’t sync properly anymore either. 

In my '21 Mustang it doesn't have wireless carplay so I use a carlinkit, it's a few years old.  It worked perfect with my 15 Pro Max, works fine with my work 16 Pro Max, but with my new 17 Pro Max, it can go a minute and then just disconnects and won't reconnect until i reboot the carlinkit, sync system in the car, or toggle bluetooth/wifi on and off on the 17 Pro Max.  Anyone else have this issue?  Pretty frustrating.",iphone,87,374,1758373129.0,https://www.reddit.com/r/iphone/comments/1nlxj5g/anyone_else_have_wireless_carplay_issues_with/,anyone else wireless carplay issues iphone pro max anyone else wireless carplay issues iphone pro max edit anyone asking new carplay adapter got guy working fine far edit think reporting edit seems overall bluetooth problem series watch started exhibiting signs disconnecting test airpods see network reset may worked like hours hoping overall software issue not hardware us edit fixed reset network settings wiped wifi thought wipes bluetooth watches airpods still paired maybe wipes everything else either way airpods stayed disconnect carplay worked came conclusion bluetooth popped airpods kept disconnecting reconnecting every minute noticed watch sync properly anymore either mustang wireless carplay use carlinkit years old worked perfect pro max works fine work pro max new pro max go minute disconnects reconnect reboot carlinkit sync system car toggle bluetooth wifi pro max anyone else issue pretty frustrating,positive,0.8481,sadness,0.6842
1clhch8,iPhone 17 rumors: Smaller 'Slim' model to replace 'Plus’,iPhone 17 rumors: Smaller 'Slim' model to replace 'Plus’ iPhone 17 rumors: Smaller 'Slim' model to replace 'Plus’,iphone,806,234,1714997036.0,https://9to5mac.com/2024/05/05/iphone-17-redesign-iphone-17-slim/,iphone rumors smaller slim model replace plus iphone rumors smaller slim model replace plus,neutral,0.0,neutral,0.4638
1ncrat9,US iPhone 17 Pro have indeed larger batteries than EU phones due to being eSim only,US iPhone 17 Pro have indeed larger batteries than EU phones due to being eSim only US iPhone 17 Pro have indeed larger batteries than EU phones due to being eSim only,iphone,222,212,1757443477.0,https://www.reddit.com/gallery/1ncrat9,us iphone pro indeed larger batteries eu phones due esim us iphone pro indeed larger batteries eu phones due esim,neutral,0.0,surprise,0.4783
1o5a9e0,Has anyone confirmed a G9N or G9P display for an iPhone 17 Pro Max? Or do all the 17 Pro Maxs have LG panels?,"Has anyone confirmed a G9N or G9P display for an iPhone 17 Pro Max? Or do all the 17 Pro Maxs have LG panels? Has anyone confirmed a G9N or G9P display for an iPhone 17 Pro Max? Or do all the 17 Pro Maxs have LG panels? Would love to know if anyone has a Samsung panel on their 17 Pro Max.

I got a Deep Blue one that had a GH3 and was very green tinted that I returned because I ended up not liking the Deep Blue in person and the very green tint. Interestingly its top speaker was also extremely distorted and had a very audible rattling effect at max volume.

I got a Silver 17 Pro Max now and I absolutely love it but the screen also has a greenish tint, albeit less so but still very noticeable. It's a GVC panel. The speaker on this one is flawless and sounds much richer than my 16 Pro Max. 

I'm trying to just ignore it and live with it but I am extremely sensitive to any color temperature changes which is why I can't even have True Tone on. My 16 Pro Max has a gorgeous, perfect G9N panel.

I know for some people it's a nonissue but it really distracts me when consuming content as I don't like using dark mode much so most apps have a white screen with text. 

I don't know if I should give it one more shot and see if I can win the ""screen lottery"" or if they even use G9N panels for the 17 Pro Max. Thanks.",iphone,27,395,1760329965.0,https://www.reddit.com/r/iphone/comments/1o5a9e0/has_anyone_confirmed_a_g9n_or_g9p_display_for_an/,anyone confirmed display iphone pro max pro maxs lg panels anyone confirmed display iphone pro max pro maxs lg panels would love know anyone samsung panel pro max got deep blue one gh green tinted returned ended not liking deep blue person green tint interestingly top speaker also extremely distorted audible rattling effect max volume got silver pro max absolutely love screen also greenish tint albeit less still noticeable gvc panel speaker one flawless sounds much richer pro max trying ignore live extremely sensitive color temperature changes even true tone pro max gorgeous perfect panel know people nonissue really distracts consuming content like using dark mode much apps white screen text know give one shot see win screen lottery even use panels pro max thanks,positive,0.9838,neutral,0.3778
1ndv57e,iphone 17 air dynamic island is further down,iphone 17 air dynamic island is further down iphone 17 air dynamic island is further down,iphone,618,88,1757551358.0,https://i.redd.it/7a6kwgcemfof1.png,iphone air dynamic island iphone air dynamic island,positive,0.6369,neutral,0.7987
1nlelk5,Aluminum body and sharp edges do not mix,"Aluminum body and sharp edges do not mix Aluminum body and sharp edges do not mix This part was surprisingly easy to scratch, buy a case for your Iphone 17 folks.",iphone,8370,1679,1758313836.0,https://www.reddit.com/gallery/1nlelk5,aluminum body sharp edges not mix aluminum body sharp edges not mix part surprisingly easy scratch buy case iphone folks,positive,0.2528,surprise,0.9381
1nla1zh,iPhone 17 Pro Max - 1&1,"iPhone 17 Pro Max - 1&1 iPhone 17 Pro Max - 1&1 Hi, I (german) pre-ordered directly from 1&1 on Friday, as my contract would have expired anyway. Delivery was promised from 19 September! In previous years, the smartphone was always delivered on the EXACT date, but this time I haven't even received an update or anything else. 

Are there any 1&1 pre-order customers who have already received theirs?",iphone,7,480,1758303347.0,https://www.reddit.com/r/iphone/comments/1nla1zh/iphone_17_pro_max_11/,iphone pro max iphone pro max hi german pre ordered directly friday contract would expired anyway delivery promised september previous years smartphone always delivered exact date time even received update anything else pre order customers already received,positive,0.3612,sadness,0.6228
1nmrnjf,iPhone 17 Pro Scratch Gate is Real -- But its not your fault,iPhone 17 Pro Scratch Gate is Real -- But its not your fault iPhone 17 Pro Scratch Gate is Real -- But its not your fault,iphone,224,181,1758460457.0,https://www.youtube.com/watch?v=KrOBzFwVzwA,iphone pro scratch gate real not fault iphone pro scratch gate real not fault,positive,0.5448,sadness,0.4738
16uf4mo,iPhone 12 Pro reaches 45°C/115F after a 10 Minute Call - iOS 17.0.2,iPhone 12 Pro reaches 45°C/115F after a 10 Minute Call - iOS 17.0.2 iPhone 12 Pro reaches 45°C/115F after a 10 Minute Call - iOS 17.0.2,iphone,846,262,1695905252.0,https://www.reddit.com/gallery/16uf4mo,iphone pro reaches minute call ios iphone pro reaches minute call ios,positive,0.1027,neutral,0.8303
1nfccwo,"iPhone 15 Pro users — which iPhone 17 are you moving to (Air, 17, Pro, or Max)?","iPhone 15 Pro users — which iPhone 17 are you moving to (Air, 17, Pro, or Max)? iPhone 15 Pro users — which iPhone 17 are you moving to (Air, 17, Pro, or Max)? I’ve been using the iPhone 15 Pro since release day and it’s been solid — lightweight, smooth, and still fast. But now that Apple’s dropped the iPhone 17 lineup (Air, 17, Pro, and Max), the iPhone 17 Air has my attention. The name alone sounds clean, and the lighter design is tempting.
Anyone else here moving on from a 15 Pro? If so, which 17 are you looking at — Air, regular, Pro, or Max?
I’m curious if people think the Air is the sweet spot, or if the Pro/Max still makes more sense.",iphone,37,393,1757705194.0,https://www.reddit.com/r/iphone/comments/1nfccwo/iphone_15_pro_users_which_iphone_17_are_you/,iphone pro users iphone moving air pro max iphone pro users iphone moving air pro max using iphone pro since release day solid lightweight smooth still fast apple dropped iphone lineup air pro max iphone air attention name alone sounds clean lighter design tempting anyone else moving pro looking air regular pro max curious people think air sweet spot pro max still makes sense,positive,0.765,surprise,0.4693
1nnlqaa,iPhone 17 Pro Max randomly dropping cell service with full bars on all networks in the US,"iPhone 17 Pro Max randomly dropping cell service with full bars on all networks in the US iPhone 17 Pro Max randomly dropping cell service with full bars on all networks in the US This post is to see if anybody else is experiencing issues with their new iPhone 17 series just randomly dropping cell service on Verizon, AT&T, and T-Mobile. I have tried network reset. I have tried deleting eSIM and reinstalling, but the issue still persists. It started happening yesterday.



*** Update 9/24/2025 it looks like apple is aware of this issue and is working on fixing it. No ETA provided. 

*** Update 9/29/2025 it seems if you turn off Wi-Fi it fixes the issues of dropping a connection but you have to physically go in to settings and turn off Wi-Fi not through control center. I don’t know why it’s doing it but that’s how I have found to fix.

*** Update 10/7/2025 updated to iOS 26.1 beta 2 and the issue still remains, no work arounds either.

*** Update 10/15/2025 iOS 26.1 beta 3 seems to have fixed the dropping. Will update more. 

*** Update 10/27/2025 iOS 26.1 beta 3 has completely resolved this issue entirely. No more dropping cellular. 

***Update 11/03/2025 iOS 26.1 official release has fully resolved this issue.",iphone,63,312,1758545796.0,https://www.reddit.com/r/iphone/comments/1nnlqaa/iphone_17_pro_max_randomly_dropping_cell_service/,iphone pro max randomly dropping cell service full bars networks us iphone pro max randomly dropping cell service full bars networks us post see anybody else experiencing issues new iphone series randomly dropping cell service verizon mobile tried network reset tried deleting esim reinstalling issue still persists started happening yesterday update looks like apple aware issue working fixing no eta provided update seems turn wi fi fixes issues dropping connection physically go settings turn wi fi not control center know found fix update updated ios beta issue still remains no work arounds either update ios beta seems fixed dropping update update ios beta completely resolved issue entirely no dropping cellular update ios official release fully resolved issue,negative,-0.1045,neutral,0.3663
1k5tjy7,"Here's how thin the iPhone 17 Air is, in-hand","Here's how thin the iPhone 17 Air is, in-hand Here's how thin the iPhone 17 Air is, in-hand",iphone,388,183,1745394529.0,https://www.gsmarena.com/heres_how_thin_the_iphone_17_air_is_inhand-news-67492.php,thin iphone air hand thin iphone air hand,positive,0.7506,neutral,0.6606
1r0r4tj,Applecare+ replaced my 17 pm 256gb to a 17pm 2tb,"Applecare+ replaced my 17 pm 256gb to a 17pm 2tb Applecare+ replaced my 17 pm 256gb to a 17pm 2tb So as stated in the title i got supper blessed after my 17pm got lost , and with apple care + theft and lost i got a replacement 17 pro max 2tb instead of 256 gb now i dont know if this is a mistake from their end or did i just get lucky either way im so grateful 👌👌",iphone,7123,358,1770697807.0,https://i.redd.it/sa167dlohlig1.jpeg,applecare replaced pm gb pm tb applecare replaced pm gb pm tb stated title got supper blessed pm got lost apple care theft lost got replacement pro max tb instead gb dont know mistake end get lucky either way im grateful,positive,0.8843,surprise,0.4743
1o2e00e,The Definitive iPhone 17 Screen Dimness Discussion Thread with ACTUAL ANSWERS.,"The Definitive iPhone 17 Screen Dimness Discussion Thread with ACTUAL ANSWERS. The Definitive iPhone 17 Screen Dimness Discussion Thread with ACTUAL ANSWERS. This issue was driving me crazy so I dug deeper and found the issue behind this.

First off, let me preface this by saying, no I'm not a phone noob, so no, it's not true tone turned on or auto brightness or reduce whiteness or any of that low level nonsense - it has to do with the screen manufacturer itself. All the people saying that you need to turn on auto brightness outside or it's Apple secretly saving battery blah blah, they're all wrong.

When this was not so much an issue, from what I know, at least the Pro models have been using either Samsung or LG displays. Not sure if it had to do with the 120hz refresh rate, but they always used the best.

This year, a Chinese manufacturer known as BOE, have finally been approved for the iPhone. If you do some research, they are a decent sized company that specializes in displays, but they were never approved as the supplier for iPhones. This year I guess they have met the MINIMUM requirements, and MINIMUM it shows.

Word is, not only is the brightness much lower, but the resolution and color renderings all suffer grades below what Samsung(technically the best) and LG(close second).

So how do you find out which screen you have?

If you have a previous iPhone and when you compare them side by side, and if your new one is dimmer, there's a high likelihood you have been given the inferior BOE screen.

How can you make sure?

Here's the proper way:

Go to Settings > Privacy and Security > Analytics & Improvements

Turn on Share iPhone Analytics

Go back to Settings

from there go to Settings > Accessibility > Touch > Assistive Touch > On

Right underneath, Customize Top Level Menu > click that, then where it says Icons on the bottom, hit the + sign and add Analytics. You will gain an icon with bar charts in it.

Swipe out to your home screen.

Tap the Assistive touch hovering icon, then tap Analytics.

It will notify you that the phone is gathering analytics. This takes a few minutes, so be patient.

Once done, you will get a notification saying it's complete.

Once complete, go to Settings > Privacy & Security > Analytics & Improvements > Analytics Data

scroll all the way to the bottom, then find the file name ""sysdiagnose\_ blah blah""

click on that, and the on the top right of your phone you have the share icon.

You can save it Files on your phone or share it to your computer. 

Share that file to your computer, then unzip the file.

After you unzip the file, open it, and hit Command + F and search for the word ""raw"" or ""raw-"" or ""raw-panel-serial""

After locating that info, there's your screen manufacturer.

Results:

G9N - congrats, you have the top tier Samsung display

G9Q - grade 2 Samsung display - still good enough

GVC- grade 3, but the best LG display possible.

G9P - grade 4 Samsung - display quality begins to suffer

GH3 - grade 5 LG - technically the worst display they used to use. You will see dimness for sure.

now the good stuff:

anything that starts with B (ie B11/ B13 etc) - you now have a Chinese display.

G9R/G9S - these are still top tier, just different codes from the G9N

There is a chance if you make a large enough scene at the Genius Bar, they will give you a new Phone. I did this with my 15 Pro Max. They had to open two more boxes to finally get me one that was a bright as all the display models. It took some major bitching and name calling though. YMMV.

Worst case scenario, you just deal with it and hope your eyes adjust, or if you have Apple Care just smash the damn screen and get it repaired or replaced, and hope you get the luck of the draw.

This is honestly so damn disappointing that the consumers have to deal with ""the luck of the draw"" to get a properly working phone that cost nearly 2 grand, while they hope the less sensitive (dumber) consumer does not notice.

Screen Gate incoming.",iphone,174,175,1760034979.0,https://www.reddit.com/r/iphone/comments/1o2e00e/the_definitive_iphone_17_screen_dimness/,definitive iphone screen dimness discussion thread actual answers definitive iphone screen dimness discussion thread actual answers issue driving crazy dug deeper found issue behind first let preface saying no not phone noob no not true tone turned auto brightness reduce whiteness low level nonsense screen manufacturer people saying need turn auto brightness outside apple secretly saving battery blah blah wrong not much issue know least pro models using either samsung lg displays not sure hz refresh rate always used best year chinese manufacturer known boe finally approved iphone research decent sized company specializes displays never approved supplier iphones year guess met minimum requirements minimum shows word not brightness much lower resolution color renderings suffer grades samsung technically best lg close second find screen previous iphone compare side side new one dimmer high likelihood given inferior boe screen make sure proper way go settings privacy security analytics improvements turn share iphone analytics go back settings go settings accessibility touch assistive touch right underneath customize top level menu click says icons bottom hit sign add analytics gain icon bar charts swipe home screen tap assistive touch hovering icon tap analytics notify phone gathering analytics takes minutes patient done get notification saying complete complete go settings privacy security analytics improvements analytics data scroll way bottom find file name sysdiagnose blah blah click top right phone share icon save files phone share computer share file computer unzip file unzip file open hit command search word raw raw raw panel serial locating info screen manufacturer results congrats top tier samsung display grade samsung display still good enough gvc grade best lg display possible grade samsung display quality begins suffer gh grade lg technically worst display used use see dimness sure good stuff anything starts ie etc chinese display still top tier different codes chance make large enough scene genius bar give new phone pro max open two boxes finally get one bright display models took major bitching name calling though ymmv worst case scenario deal hope eyes adjust apple care smash damn screen get repaired replaced hope get luck draw honestly damn disappointing consumers deal luck draw get properly working phone cost nearly grand hope less sensitive dumber consumer not notice screen gate incoming,positive,0.9914,sadness,0.6774
1je7byg,"iPhone 17 Pro Said to Feature 12GB of RAM, 48-Megapixel Telephoto Camera, and More","iPhone 17 Pro Said to Feature 12GB of RAM, 48-Megapixel Telephoto Camera, and More iPhone 17 Pro Said to Feature 12GB of RAM, 48-Megapixel Telephoto Camera, and More",iphone,637,117,1742310925.0,https://www.macrumors.com/2025/03/18/iphone-17-pro-12gb-ram-48mp-telephoto/,iphone pro said feature gb ram megapixel telephoto camera iphone pro said feature gb ram megapixel telephoto camera,neutral,0.0,neutral,0.4446
1pl5oks,My iPhone 17 Pro Max Was Stolen and I’m Still Weirdly Shaken,"My iPhone 17 Pro Max Was Stolen and I’m Still Weirdly Shaken My iPhone 17 Pro Max Was Stolen and I’m Still Weirdly Shaken Yesterday I found out that you can be careful and still lose. I was in Madrid, heading to a medical appointment, already stressed and hyper-aware of pickpockets. I kept checking my pockets on the metro like a nervous habit. Everything felt fine, until later, boarding a bus home.

I was the second person to get on. The guy in front of me suddenly stepped backward, shouted, caused a scene, and ran off. Total chaos for maybe two seconds. That was enough.

I checked my pocket immediately. My iPhone 17 Pro Max (512GB) was gone. I did all the things you’re supposed to do and tried not to completely unravel. The only reason I stayed sane is because I had AppleCare+ with Theft and Loss. Today, my replacement arrived.

So my question: **are AppleCare+ replacements brand new or refurbished?** This one looks flawless, completely new, and I’m already ordering a screen protector and case like a superstition.

Mostly, I just needed to write this somewhere. I’ve been pretty stressed lately, and this shook me more than I expected. Thanks for reading.",iphone,296,94,1765579960.0,https://www.reddit.com/r/iphone/comments/1pl5oks/my_iphone_17_pro_max_was_stolen_and_im_still/,iphone pro max stolen still weirdly shaken iphone pro max stolen still weirdly shaken yesterday found careful still lose madrid heading medical appointment already stressed hyper aware pickpockets kept checking pockets metro like nervous habit everything felt fine later boarding bus home second person get guy front suddenly stepped backward shouted caused scene ran total chaos maybe two seconds enough checked pocket immediately iphone pro max gb gone things supposed tried not completely unravel reason stayed sane applecare theft loss today replacement arrived question applecare replacements brand new refurbished one looks flawless completely new already ordering screen protector case like superstition mostly needed write somewhere pretty stressed lately shook expected thanks reading,negative,-0.8718,fear,0.9888
1nnvrm9,iPhone 17 Pro Max Definitely has 40W charging,"iPhone 17 Pro Max Definitely has 40W charging iPhone 17 Pro Max Definitely has 40W charging It sits pretty steady at 40w during peak charging. Definitely a nice perk, although it will charge primarily overnight for me to keep it in good running order for the years to come.",iphone,357,108,1758568639.0,https://i.redd.it/8hmbazufnrqf1.jpeg,iphone pro max definitely charging iphone pro max definitely charging sits pretty steady peak charging definitely nice perk although charge primarily overnight keep good running order years come,positive,0.9432,neutral,0.4674
1npbdmo,iPhone 17 Pro glitching,"iPhone 17 Pro glitching iPhone 17 Pro glitching Received my iPhone 17 Pro last Friday and noticed this glitching. It’s very random and I need to restart my phone everytime it happens

Is this a software or hardware issue?",iphone,340,111,1758718519.0,https://www.reddit.com/gallery/1npbdmo,iphone pro glitching iphone pro glitching received iphone pro last friday noticed glitching random need restart phone everytime happens software hardware issue,negative,0.0,surprise,0.448
1oyo79w,"iPhone 17 Pro Max owner, opinion after 2 months?","iPhone 17 Pro Max owner, opinion after 2 months? iPhone 17 Pro Max owner, opinion after 2 months? For those who’ve had the iPhone 17 Pro Max for around two months, what’s your honest opinion so far? Battery, camera, any issues? Thanks!",iphone,70,199,1763306062.0,https://www.reddit.com/r/iphone/comments/1oyo79w/iphone_17_pro_max_owner_opinion_after_2_months/,iphone pro max owner opinion months iphone pro max owner opinion months iphone pro max around two months honest opinion far battery camera issues thanks,positive,0.7351,neutral,0.7309
1lg5jr3,iPhone 17 Base Model Rumored to Come in New Purple and Green,iPhone 17 Base Model Rumored to Come in New Purple and Green iPhone 17 Base Model Rumored to Come in New Purple and Green,iphone,421,121,1750430105.0,https://www.macrumors.com/2025/06/20/iphone-17-purple-green-colors-rumor/,iphone base model rumored come new purple green iphone base model rumored come new purple green,negative,0.0,neutral,0.624
1nociff,iPhone 17 - Screen touch issues,"iPhone 17 - Screen touch issues iPhone 17 - Screen touch issues I recently upgraded from a 13 Pro to the 17 base model. I’ve noticed a significant increase in inadvertent touches happening (scroll, stop, accidental tap), and inconsistencies in registering touches (tap, nothing, tap tap). I’m a lefty, and do most of my swiping and tapping with my left thumb. 

Been an iPhone user from the beginning, and can’t remember a time where I kept getting tripped up by the relationship between the display and my finger.

Feel like I’m taking crazy pills here!",iphone,78,229,1758618720.0,https://www.reddit.com/r/iphone/comments/1nociff/iphone_17_screen_touch_issues/,iphone screen touch issues iphone screen touch issues recently upgraded pro base model noticed significant increase inadvertent touches happening scroll stop accidental tap inconsistencies registering touches tap nothing tap tap lefty swiping tapping left thumb iphone user beginning remember time kept getting tripped relationship display finger feel like taking crazy pills,neutral,0.1779,surprise,0.731
1q2lzm6,Borders of clear iPhone 17 case light up when flashlight turns on,"Borders of clear iPhone 17 case light up when flashlight turns on Borders of clear iPhone 17 case light up when flashlight turns on The picture is pretty accurate, that’s actually what it looks like. I wonder if maybe I could create a small-sized Apple logo sticker to put on the inside of the case to outline the logo on the phone.",iphone,429,55,1767417432.0,https://i.redd.it/bx1tao43j2bg1.jpeg,borders clear iphone case light flashlight turns borders clear iphone case light flashlight turns picture pretty accurate actually looks like wonder maybe could create small sized apple logo sticker put inside case outline logo phone,positive,0.9001,surprise,0.945
1nnjy0a,New iPhone 17’s Bluetooth issues,"New iPhone 17’s Bluetooth issues New iPhone 17’s Bluetooth issues Hey everyone,

Just wondering if anyone else is running into this. I’ve got the iPhone 17 Pro Max, and my wife has the iPhone 17 Pro. We’re both seeing some really annoying Bluetooth issues with CarPlay. It keeps disconnecting on both our cars (a Volkswagen and a Honda), and it’s happening multiple times a day.

Also, whenever she switches from CarPlay to her AirPods (like from a phone call in the car to just using AirPods normally), the call just drops entirely. Basically, any time she tries to transfer audio from the car to her AirPods or vice versa, it fails. Wondering if anyone else has run into this with the iPhone 17 lineup and if you have any recommendations or fixes. Thanks!",iphone,83,202,1758540667.0,https://www.reddit.com/r/iphone/comments/1nnjy0a/new_iphone_17s_bluetooth_issues/,new iphone bluetooth issues new iphone bluetooth issues hey everyone wondering anyone else running got iphone pro max wife iphone pro seeing really annoying bluetooth issues carplay keeps disconnecting cars volkswagen honda happening multiple times day also whenever switches carplay airpods like phone call car using airpods normally call drops entirely basically time tries transfer audio car airpods vice versa fails wondering anyone else run iphone lineup recommendations fixes thanks,negative,-0.101,surprise,0.6106
1kmrxvt,This is the iPhone roadmap according to analyst Ming-Chi Kuo,This is the iPhone roadmap according to analyst Ming-Chi Kuo This is the iPhone roadmap according to analyst Ming-Chi Kuo,iphone,9085,1640,1747260265.0,https://i.redd.it/5lud5x2ult0f1.jpeg,iphone roadmap according analyst ming chi kuo iphone roadmap according analyst ming chi kuo,neutral,0.0,neutral,0.8558
1mbyotg,"iPhone 17 Pro expected to have 8x optical zoom, second camera control button","iPhone 17 Pro expected to have 8x optical zoom, second camera control button iPhone 17 Pro expected to have 8x optical zoom, second camera control button This is wild! 
Second camera control button reportedly will be on top right corner of device.",iphone,468,87,1753753076.0,https://www.macrumors.com/2025/07/27/iphone-17-pro-camera-rumors/,iphone pro expected optical zoom second camera control button iphone pro expected optical zoom second camera control button wild second camera control button reportedly top right corner device,positive,0.2023,surprise,0.5347
1r83jys,iPhone 17 pro max black spots,"iPhone 17 pro max black spots iPhone 17 pro max black spots Hey folks, I got my iPhone 17 Pro Max right on release day back in September 2025 and slapped on a high-quality screen protector and rugged case from day one to keep it pristine—no drops, no scratches, total babying. But now I’ve got these weird black spots showing up on the screen (pic attached), and it’s driving me nuts since there’s zero physical damage I can see. Anyone else dealing with this on a brand new 17 Pro Max? Dead pixels, manufacturing glitch, or something else? Warranty still good—worth hitting up Apple, or any quick fixes that worked for you?",iphone,123,86,1771422745.0,https://i.redd.it/a7jetanad9kg1.jpeg,iphone pro max black spots iphone pro max black spots hey folks got iphone pro max right release day back september slapped high quality screen protector rugged case day one keep pristine no drops no scratches total babying got weird black spots showing screen pic attached driving nuts since zero physical damage see anyone else dealing brand new pro max dead pixels manufacturing glitch something else warranty still good worth hitting apple quick fixes worked,negative,-0.8061,surprise,0.4556
1ncpk6m,"So, are you getting the new iPhone 17?","So, are you getting the new iPhone 17? So, are you getting the new iPhone 17?",iphone,93,191,1757439659.0,https://i.redd.it/7cp94s1ee6of1.png,getting new iphone getting new iphone,positive,0.0,neutral,0.4395
1nnky2s,iPhone 17 Pro Finally Two Day iPhone?!?!,"iPhone 17 Pro Finally Two Day iPhone?!?! iPhone 17 Pro Finally Two Day iPhone?!?! I finished setting up and charging my iPhone 17 Pro Friday night at 11p. It has lasted all the way through Sat and Sun! Granted, I have family in town and have not been on my phone as much. Anyone else have great results like this?!

Edit: phone finally died, so with overnights and family in town, the 17pro lasted about 59.5 hrs

1mo Update: charged my phone till 100% (Sunday 11/2) and and unplugged at midnight.  It made it till Tues night around 9p. I checked battery and screen time was 8hrs 45min for those two days. 

So not really a full two day iPhone, but pretty close",iphone,101,171,1758543670.0,https://www.reddit.com/r/iphone/comments/1nnky2s/iphone_17_pro_finally_two_day_iphone/,iphone pro finally two day iphone iphone pro finally two day iphone finished setting charging iphone pro friday night lasted way sat sun granted family town not phone much anyone else great results like edit phone finally died overnights family town pro lasted hrs mo update charged phone till sunday unplugged midnight made till tues night around checked battery screen time hrs min two days not really full two day iphone pretty close,positive,0.7506,surprise,0.4231
1plx7b6,"iPhone 17 ProMotion (120 Hz), but limited to 80 Hz while scrolling?","iPhone 17 ProMotion (120 Hz), but limited to 80 Hz while scrolling? iPhone 17 ProMotion (120 Hz), but limited to 80 Hz while scrolling? The iPhone 17 is marketed as having a 120 Hz LTPO display, but that’s only really noticeable when the screen is idle, it often drops to around 80 Hz while scrolling. Why does this happen, and is Apple likely to fix it with software updates, like they did with the earlier iPhone 16 Pro models?",iphone,96,125,1765663071.0,https://www.reddit.com/r/iphone/comments/1plx7b6/iphone_17_promotion_120_hz_but_limited_to_80_hz/,iphone promotion hz limited hz scrolling iphone promotion hz limited hz scrolling iphone marketed hz ltpo display really noticeable screen idle often drops around hz scrolling happen apple likely fix software updates like earlier iphone pro models,neutral,-0.0772,sadness,0.7788
1p2h0tu,Apple Reportedly Canceled Orders of Chinese iPhone 17 Pro Displays,Apple Reportedly Canceled Orders of Chinese iPhone 17 Pro Displays Apple Reportedly Canceled Orders of Chinese iPhone 17 Pro Displays,iphone,540,45,1763677147.0,https://www.macrumors.com/2025/11/20/apple-canceled-chinese-iphone-17-pro-displays/,apple reportedly canceled orders chinese iphone pro displays apple reportedly canceled orders chinese iphone pro displays,neutral,0.0,sadness,0.5856
1ntisbj,iPhone 17 Pro: microphones poor for live music recording! Watch out!,"iPhone 17 Pro: microphones poor for live music recording! Watch out! iPhone 17 Pro: microphones poor for live music recording! Watch out! Edit: Logged Apple support case as of 31/10, will keep y'all posted!  
Update (12/01/2026) - cases keep getting closed off without response or follow up from Apple.  Issue still exists on 26.2.

Hi all,

I've had an iPhone 17 Pro since launch, and have been comparing against my 16 Pro and some recordings I had from my 15 Pro.  I've disabled spatial audio recording to retain a decent stereo image.

The 15 Pro was best in class. I never worried.  High SPL, wide stereo image - it was fantastic and honestly, a gold standard that put even the Rode mics I've used to shame when used to record live music.

The 16 Pro got a little more muddy, and lost the stereo imaging, but the 17 Pro has dropped the high end frequency response as well.

Faber Acoustical have measurements to back up my findings -[ iPhone 16 Pro](https://blog.faberacoustical.com/wpblog/2024/ios/iphone/measured-iphone-16-pro-microphone-frequency-response-and-directivity/), [iPhone 17 Pro](https://blog.faberacoustical.com/wpblog/2025/ios/iphone/measured-iphone-17-pro-microphone-frequency-response-and-directivity/).

Has anyone else observed similar?

EDIT: comparisons recorded here: [https://drive.google.com/drive/folders/1y5mMa98j-nO0ccF9pRkKBXy\_z6GmIkke](https://drive.google.com/drive/folders/1y5mMa98j-nO0ccF9pRkKBXy_z6GmIkke)  Not entirely scientific, but will be consistent and should help better describe the issue.",iphone,134,141,1759154397.0,https://www.reddit.com/r/iphone/comments/1ntisbj/iphone_17_pro_microphones_poor_for_live_music/,iphone pro microphones poor live music recording watch iphone pro microphones poor live music recording watch edit logged apple support case keep posted update cases keep getting closed without response follow apple issue still exists hi iphone pro since launch comparing pro recordings pro disabled spatial audio recording retain decent stereo image pro best class never worried high spl wide stereo image fantastic honestly gold standard put even rode mics used shame used record live music pro got little muddy lost stereo imaging pro dropped high end frequency response well faber acoustical measurements back findings iphone pro iphone pro anyone else observed similar edit comparisons recorded not entirely scientific consistent help better describe issue,positive,0.9007,sadness,0.6212
1nobhwf,Anyone else feeling the iPhone 17 pro max isn’t very snappy?,"Anyone else feeling the iPhone 17 pro max isn’t very snappy? Anyone else feeling the iPhone 17 pro max isn’t very snappy? By snappy I mean smooth and no delay on inputs. I feel like every animation is choppier/not smooth, the inputs are delayed and frames jump often. My 15 pro max didn’t feel like this at all. 

I feel it’s especially noticeable when I check my notifications, swipe to my all apps page, and to the widget page all the way to the left. Also the keyboard when I open and close it feels off.

Could be iOS 26 but honestly pretty disappointed. Anyone else feeling like their device isn’t performing as well as they’d hope?",iphone,105,160,1758614590.0,https://www.reddit.com/r/iphone/comments/1nobhwf/anyone_else_feeling_the_iphone_17_pro_max_isnt/,anyone else feeling iphone pro max snappy anyone else feeling iphone pro max snappy snappy mean smooth no delay inputs feel like every animation choppie smooth inputs delayed frames jump often pro max feel like feel especially noticeable check notifications swipe apps page widget page way left also keyboard open close feels could ios honestly pretty disappointed anyone else feeling like device performing well hope,positive,0.9447,sadness,0.9293
17e0mvv,iOS 17.1 Available Next Week With These 8 New Features for iPhones,iOS 17.1 Available Next Week With These 8 New Features for iPhones iOS 17.1 Available Next Week With These 8 New Features for iPhones Among other issues corrected/fixed is the burn-in display issue.  This news should exceed and resume interest in the iPhone 15PM and its smaller sibling the 15P.,iphone,592,216,1698001539.0,https://www.macrumors.com/2023/10/20/ios-17-1-available-next-week/,ios available next week new features iphones ios available next week new features iphones among issues corrected fixed burn display issue news exceed resume interest iphone pm smaller sibling,positive,0.4588,surprise,0.3805
1nfrnze,"Does this mean, iPhone haven't upgrade their main camera since 14 pro?","Does this mean, iPhone haven't upgrade their main camera since 14 pro? Does this mean, iPhone haven't upgrade their main camera since 14 pro? Im currently not an iPhone user, planning to buy 17 when released. Does the image above mean, iPhone haven't upgrade their main camera since 14 pro?",iphone,4748,813,1757749940.0,https://i.redd.it/hb6q1x8t0wof1.jpeg,mean iphone upgrade main camera since pro mean iphone upgrade main camera since pro im currently not iphone user planning buy released image mean iphone upgrade main camera since pro,neutral,0.0,sadness,0.4237
1ojy5wn,"Are there any ""hollow"" camera lens protectors, where the camera itself isn't covered? i.e no glass over
camera For the iPhone 17 pro","Are there any ""hollow"" camera lens protectors, where the camera itself isn't covered? i.e no glass over
camera For the iPhone 17 pro Are there any ""hollow"" camera lens protectors, where the camera itself isn't covered? i.e no glass over
camera For the iPhone 17 pro",iphone,177,105,1761826858.0,https://i.redd.it/prdzbvtrr8yf1.jpeg,hollow camera lens protectors camera covered no glass camera iphone pro hollow camera lens protectors camera covered no glass camera iphone pro,negative,-0.5267,neutral,0.568
16wvxxy,Apple blames iOS 17 bugs and apps like Instagram for making iPhone 15s run hot,Apple blames iOS 17 bugs and apps like Instagram for making iPhone 15s run hot Apple blames iOS 17 bugs and apps like Instagram for making iPhone 15s run hot,iphone,794,157,1696149967.0,https://www.theverge.com/2023/9/30/23897273/apple-iphone-15-overheating-ios-17-1-bug-fix,apple blames ios bugs apps like instagram making iphone run hot apple blames ios bugs apps like instagram making iphone run hot,neutral,-0.1027,sadness,0.5626
1nngqf2,iPhone 17 might be or already is a sales hit,"iPhone 17 might be or already is a sales hit iPhone 17 might be or already is a sales hit First time poster here; I just wanted to read other opinions. It’s the first time I see people actively talking or writing about the new iPhone, getting one and uploading it to their Instagram stories, etc. 

Idk if they found a marketing strategy that worked better or I’m biased.",iphone,134,137,1758528968.0,https://www.reddit.com/r/iphone/comments/1nngqf2/iphone_17_might_be_or_already_is_a_sales_hit/,iphone might already sales hit iphone might already sales hit first time poster wanted read opinions first time see people actively talking writing new iphone getting one uploading instagram stories etc idk found marketing strategy worked better biased,positive,0.4019,surprise,0.6554
1nyse7r,iPhone 17 pro max edge to edge protectors?,"iPhone 17 pro max edge to edge protectors? iPhone 17 pro max edge to edge protectors? As per the title, I’m struggling to get one that is a true edge fit and keep getting this dust/dirt build up all around the edges. I’ve tried Spigen and this one is Torras (hate the black boarder it comes with).

I really like the “3D edge” protectors where the edge curves off, but can’t find anything on Amazon UK that offers this.",iphone,193,108,1759680831.0,https://i.redd.it/sdzgmx0kibtf1.jpeg,iphone pro max edge edge protectors iphone pro max edge edge protectors per title struggling get one true edge fit keep getting dust dirt build around edges tried spigen one torras hate black boarder comes really like edge protectors edge curves find anything amazon uk offers,neutral,-0.0276,sadness,0.8874
1ncpm0a,iPhone 17 Air!,iPhone 17 Air! iPhone 17 Air!,iphone,82,167,1757439769.0,https://i.redd.it/joe37jwoe6of1.png,iphone air iphone air,neutral,0.0,neutral,0.8495
1jfyz5z,Rumored iPhone 17 air specs,Rumored iPhone 17 air specs Rumored iPhone 17 air specs,iphone,171,212,1742503093.0,https://i.redd.it/n2ahb392owpe1.png,rumored iphone air specs rumored iphone air specs,neutral,0.0,neutral,0.6694
1niq42z,"Best Screen Protector for iPhone 17 Pro Max (Clear, Privacy & Options)","Best Screen Protector for iPhone 17 Pro Max (Clear, Privacy & Options) Best Screen Protector for iPhone 17 Pro Max (Clear, Privacy & Options) Just bought the iPhone 17 Pro Max and I’ve had bad experiences with the Apple Store screen protector it cracked really fast. On my 16 Pro I ended up without any protection, and after one fall the screen cracked and I never fixed it so I had to replace the phone.

This time I want the best screen protector for iPhone 17 Pro Max, something strong but easy to install. I’m also thinking about a privacy screen protector for iPhone 17 Pro Max so people stop looking at what I’m doing in public.

Any recommendations for a reliable iPhone 17 Pro Max screen protector (clear, privacy, or tough edge-to-edge)?",iphone,102,153,1758048500.0,https://www.reddit.com/r/iphone/comments/1niq42z/best_screen_protector_for_iphone_17_pro_max_clear/,best screen protector iphone pro max clear privacy options best screen protector iphone pro max clear privacy options bought iphone pro max bad experiences apple store screen protector cracked really fast pro ended without protection one fall screen cracked never fixed replace phone time want best screen protector iphone pro max something strong easy install also thinking privacy screen protector iphone pro max people stop looking public recommendations reliable iphone pro max screen protector clear privacy tough edge edge,positive,0.967,sadness,0.5053
1nv4fks,what’s this? spotted in background activity settings on iPhone 17 Pro,what’s this? spotted in background activity settings on iPhone 17 Pro what’s this? spotted in background activity settings on iPhone 17 Pro,iphone,420,62,1759314086.0,https://i.redd.it/93yooh518hsf1.jpeg,spotted background activity settings iphone pro spotted background activity settings iphone pro,neutral,0.0,neutral,0.4915
1ni71ir,Do iPhones feel more “premium” because of the material or the weight?,"Do iPhones feel more “premium” because of the material or the weight? Do iPhones feel more “premium” because of the material or the weight? So iPhone 17 is back to using aluminum — which got me thinking: what really makes an iPhone feel “premium”?

Some swear it’s the weight — holding a heavier phone just *feels* solid and expensive. Others argue it’s the material: stainless steel looks shiny and luxurious, aluminum is light and practical, and titanium… well, some love the matte, strong-but-light vibe, while others say it feels less “premium” than steel.

Honestly, I'm a bit torn. The heft of the phone feels ordinary, but the premium materials make it look and feel premium. What do you think—is weight more important, the materials more important, or a combination of both? A case really doesn't matter, but I've recently become obsessed with casekoo cosmic orange for iPhone 17 Pro Max Case. Do you have any other ideas for balancing the premium feel of a phone?",iphone,3719,922,1757994124.0,https://i.redd.it/x9hy0fp03gpf1.png,iphones feel premium material weight iphones feel premium material weight iphone back using aluminum got thinking really makes iphone feel premium swear weight holding heavier phone feels solid expensive others argue material stainless steel looks shiny luxurious aluminum light practical titanium well love matte strong light vibe others say feels less premium steel honestly bit torn heft phone feels ordinary premium materials make look feel premium think weight important materials important combination case really matter recently become obsessed casekoo cosmic orange iphone pro max case ideas balancing premium feel phone,positive,0.8917,joy,0.984
pb8266,"iPhone 13 to Launch on September 17, AirPods 3 on September 30, Claims Report","iPhone 13 to Launch on September 17, AirPods 3 on September 30, Claims Report iPhone 13 to Launch on September 17, AirPods 3 on September 30, Claims Report",iphone,825,264,1629885349.0,https://www.macrumors.com/2021/08/25/iphone-13-launch-sept-17-chinese-report/,iphone launch september airpods september claims report iphone launch september airpods september claims report,neutral,0.0,neutral,0.4231
1ncq82e,iPhone 17 Pro colors are underwhelming,iPhone 17 Pro colors are underwhelming iPhone 17 Pro colors are underwhelming I like some of what they did to the revision but why remove a black option? I don’t suspect the blue and especially orange individually will sell all that well compared to space black or space gray.,iphone,133,135,1757441108.0,https://www.reddit.com/r/iphone/comments/1ncq82e/iphone_17_pro_colors_are_underwhelming/,iphone pro colors underwhelming iphone pro colors underwhelming like revision remove black option suspect blue especially orange individually sell well compared space black space gray,positive,0.34,fear,0.4217
1o3hzjp,iPhone 17 Pro kinda cooks.,iPhone 17 Pro kinda cooks. iPhone 17 Pro kinda cooks.,iphone,190,100,1760143320.0,https://www.reddit.com/gallery/1o3hzjp,iphone pro kinda cooks iphone pro kinda cooks,neutral,0.0,neutral,0.8322
1okv879,Green line while using instagram on iphone 17,"Green line while using instagram on iphone 17 Green line while using instagram on iphone 17 I bought an iphone 17 last month. It works fine, but while using instagram, some specific stories show green line on the right side of the screen. The line moves with the story and it is only visible on some of the stories. It is only visible when I use instagram
Should I be concerned???",iphone,370,57,1761918826.0,https://www.reddit.com/gallery/1okv879,green line using instagram iphone green line using instagram iphone bought iphone last month works fine using instagram specific stories show green line right side screen line moves story visible stories visible use instagram concerned,positive,0.2023,fear,0.5296
1kaqtp2,Report: Apple cancels iPhone 17 Pro's new anti-reflective display,Report: Apple cancels iPhone 17 Pro's new anti-reflective display Report: Apple cancels iPhone 17 Pro's new anti-reflective display,iphone,328,113,1745940716.0,https://www.gsmarena.com/report_apple_cancels_iphone_17_pro_new_antireflective_display-news-67580.php,report apple cancels iphone pro new anti reflective display report apple cancels iphone pro new anti reflective display,negative,-0.7506,sadness,0.9227
1mf5pe9,Am I the only one that thinks iPhone 17 leaks are ugly as hell?,"Am I the only one that thinks iPhone 17 leaks are ugly as hell? Am I the only one that thinks iPhone 17 leaks are ugly as hell? https://preview.redd.it/ql72vzetkggf1.png?width=937&format=png&auto=webp&s=a80c397f8b596df2a8131c114f6ef539eafd37c0

I mean there's no way we are getting a Pixel looking iPhone, right? The one on the left looks like a 16e and the rest just... look like Pixel phones? I can't be alone in thinking that these look ugly.",iphone,115,148,1754076201.0,https://www.reddit.com/r/iphone/comments/1mf5pe9/am_i_the_only_one_that_thinks_iphone_17_leaks_are/,one thinks iphone leaks ugly hell one thinks iphone leaks ugly hell mean no way getting pixel looking iphone right one left looks like rest look like pixel phones alone thinking look ugly,negative,-0.9601,sadness,0.8724
1ndcmt2,Obsessed with this iPhone 17 Air photo on the Apple website,"Obsessed with this iPhone 17 Air photo on the Apple website Obsessed with this iPhone 17 Air photo on the Apple website The power of good visuals. Kudos to those who have conceptualized and executed this! I also think the iPhone 17 Air has the most premium look mostly because of the gloss/shine it gives off from the materials used. Now, I'm considering the iPhone 17 Air! 🤣 

(Note: this post is only to underscore the power of images. I understand there are discussions on the compromises in the its functionality. Definitelty, it's a separate discussion altogether.)

Photo: A screenshot on the Apple website",iphone,370,64,1757506759.0,https://i.redd.it/pydy0a9xxbof1.jpeg,obsessed iphone air photo apple website obsessed iphone air photo apple website power good visuals kudos conceptualized executed also think iphone air premium look mostly gloss shine gives materials used considering iphone air note post underscore power images understand discussions compromises functionality definitelty separate discussion altogether photo screenshot apple website,positive,0.5859,joy,0.4865
1ohbnsd,Is the screen on my iPhone 17 Pro assembled incorrectly?,"Is the screen on my iPhone 17 Pro assembled incorrectly? Is the screen on my iPhone 17 Pro assembled incorrectly? Today, while cleaning the screen of my iPhone 17 Pro, I noticed a visible gap between the screen and the frame at the top of the phone, to the left of the speaker. It is uneven with the space to the right of the speaker so it seems that this is a QC issue. Is this normal, or has the screen been assembled incorrectly? I’ve been using the phone for less than a week and haven’t put on a screen protector. It bothers me because dirt seems to accumulate in this space.",iphone,152,96,1761563830.0,https://www.reddit.com/gallery/1ohbnsd,screen iphone pro assembled incorrectly screen iphone pro assembled incorrectly today cleaning screen iphone pro noticed visible gap screen frame top phone left speaker uneven space right speaker seems qc issue normal screen assembled incorrectly using phone less week put screen protector bothers dirt seems accumulate space,negative,-0.34,surprise,0.3993
1oelq8o,Just got an iPhone 17. Why does the island appear in screenshots?,Just got an iPhone 17. Why does the island appear in screenshots? Just got an iPhone 17. Why does the island appear in screenshots? This might be one of the worst things I’ve encountered since beginning my iPhone run with the 4s. This and the photos app not allowing you to hide all of the useless categories. My least favorite “features” on the iPhone/iOS,iphone,320,60,1761271486.0,https://i.redd.it/fybfsh3ewywf1.jpeg,got iphone island appear screenshots got iphone island appear screenshots might one worst things encountered since beginning iphone run photos app not allowing hide useless categories least favorite features iphone ios,negative,-0.5761,anger,0.4362
1nns5qp,iPhone 17 Pro Max mechanical clicking sound when opening camera,"iPhone 17 Pro Max mechanical clicking sound when opening camera iPhone 17 Pro Max mechanical clicking sound when opening camera Hello community,

I have an iPhone 17 Pro Max, and when I open the native camera, or even third-party cameras like Instagram, I hear a mechanical click inside the lens module. I've read that it could be due to the OIS (optical stabilization) and autofocus.

Is this happening to anyone else? I'll leave a video so you can hear the sound.

[https://www.youtube.com/shorts/9YtO5GWJXHs](https://www.youtube.com/shorts/9YtO5GWJXHs)

A clicking issue with FaceID was also reported recently. Here are more videos about these sounds:

Faceid: [https://www.youtube.com/shorts/\_3hZt0REjic?feature=share](https://www.youtube.com/shorts/_3hZt0REjic?feature=share)

Faceid: [https://www.youtube.com/shorts/pUMgDE6q7u0?feature=share](https://www.youtube.com/shorts/pUMgDE6q7u0?feature=share)

**new video Faceid (01/10/2025):** [https://www.youtube.com/shorts/G5U0LUyEyns](https://www.youtube.com/shorts/G5U0LUyEyns)

Face ID + click when opening and closing the camera: [https://www.youtube.com/shorts/FbslIlxPAZc?feature=share](https://www.youtube.com/shorts/FbslIlxPAZc?feature=share)

There is also another forum where this is discussed: [https://forums.macrumors.com/threads/iphone-17-pro-camera-making-a-clicking-sound.2466702/](https://forums.macrumors.com/threads/iphone-17-pro-camera-making-a-clicking-sound.2466702/)

**Please, I urge everyone concerned about this issue to report it on the official Apple forum and submit feedback. It only takes a moment, and Apple will be able to understand the magnitude of the issue. This way, if a solution exists, they can implement it as quickly as possible.**

**Official Forum:**

[https://discussions.apple.com/thread/256146366?login=true&sortBy=rank&answerId=261598841022](https://discussions.apple.com/thread/256146366?login=true&sortBy=rank&answerId=261598841022)

**Form to send feedback:**

[**https://www.apple.com/feedback/iphone/**](https://www.apple.com/feedback/iphone/)

**Thank you for your support 🙏**",iphone,22,161,1758560600.0,https://www.reddit.com/r/iphone/comments/1nns5qp/iphone_17_pro_max_mechanical_clicking_sound_when/,iphone pro max mechanical clicking sound opening camera iphone pro max mechanical clicking sound opening camera hello community iphone pro max open native camera even third party cameras like instagram hear mechanical click inside lens module read could due ois optical stabilization autofocus happening anyone else leave video hear sound clicking issue faceid also reported recently videos sounds faceid faceid new video faceid face id click opening closing camera also another forum discussed please urge everyone concerned issue report official apple forum submit feedback takes moment apple able understand magnitude issue way solution exists implement quickly possible official forum form send feedback thank support,positive,0.9153,fear,0.5617
1nle60d,"Just got my new Iphone 17, and am having Wifi Issues.","Just got my new Iphone 17, and am having Wifi Issues. Just got my new Iphone 17, and am having Wifi Issues. so i just got my iphone 17 pre-order today and ive been using my other phones cellular data for a minute since my new phone legit wont stay stable to the internet,

tried turning it off and on again, tried reseting my phones network data, tried being on airplane mode for a minute. IT DID NOT WORK!!

if anybody has a solution or a suggestion please let me know!",iphone,42,150,1758312817.0,https://www.reddit.com/r/iphone/comments/1nle60d/just_got_my_new_iphone_17_and_am_having_wifi/,got new iphone wifi issues got new iphone wifi issues got iphone pre order today ive using phones cellular data minute since new phone legit wont stay stable internet tried turning tried reseting phones network data tried airplane mode minute not work anybody solution suggestion please let know,neutral,-0.1406,sadness,0.5715
1jl3bfi,iPhone 17 Pro's Potential 8K Video Recording Capabilities,"iPhone 17 Pro's Potential 8K Video Recording Capabilities iPhone 17 Pro's Potential 8K Video Recording Capabilities A Chinese leaker, Fixed Focus Digital, suggests that the upcoming iPhone 17 Pro models will support 8K video recording, a significant upgrade from the current 4K limit on the iPhone 16 Pro, potentially enabled by the rumored upgrade to a triple 48-megapixel rear camera system.

This rumor aligns with previous reports indicating Apple's internal testing of 8K video recording on the iPhone 16 Pro, which was ultimately not released due to hardware limitations; the iPhone 17 Pro's improved camera system could resolve these limitations.

While 8K video recording is not yet mainstream, it offers advantages like the ability to crop 8K footage to 4K without significant quality loss, and Apple is reportedly planning to heavily emphasize improved video recording capabilities in the iPhone 17 Pro's marketing, aiming to attract vloggers and other video creators.

The iPhone 17 Pro is also expected to feature a redesigned rear camera system with a horizontal camera bar, housing the three cameras, flash, microphone, and LiDAR sensor, and an upgraded 24-megapixel front-facing camera, further enhancing its overall photographic and videographic capabilities.",iphone,350,103,1743080335.0,https://i.redd.it/rlgcsmdrc8re1.jpeg,iphone pro potential video recording capabilities iphone pro potential video recording capabilities chinese leaker fixed focus digital suggests upcoming iphone pro models support video recording significant upgrade current limit iphone pro potentially enabled rumored upgrade triple megapixel rear camera system rumor aligns previous reports indicating apple internal testing video recording iphone pro ultimately not released due hardware limitations iphone pro improved camera system could resolve limitations video recording not yet mainstream offers advantages like ability crop footage without significant quality loss apple reportedly planning heavily emphasize improved video recording capabilities iphone pro marketing aiming attract vloggers video creators iphone pro also expected feature redesigned rear camera system horizontal camera bar housing three cameras flash microphone lidar sensor upgraded megapixel front facing camera enhancing overall photographic videographic capabilities,positive,0.966,surprise,0.381
1nyx9jr,iPhone 17 pro Apple Intelligence,"iPhone 17 pro Apple Intelligence iPhone 17 pro Apple Intelligence Is anyone else having this issue? I’ve had my iPhone 17 pro since launch weekend, and I’m unable to use Apple Intelligence. It’s been saying this for a while now. I’ve had it connected to power and on WiFi also.",iphone,140,96,1759691821.0,https://i.redd.it/7dygf0m8fctf1.jpeg,iphone pro apple intelligence iphone pro apple intelligence anyone else issue iphone pro since launch weekend unable use apple intelligence saying connected power wifi also,positive,0.8519,sadness,0.4955
1nj8bd7,Camera sensor sizes of iPhone 17 series,Camera sensor sizes of iPhone 17 series Camera sensor sizes of iPhone 17 series Nice overview by DPReview: [https://www.dpreview.com/articles/8984493713/iphone-17-pro-air-16e-compared-photography](https://www.dpreview.com/articles/8984493713/iphone-17-pro-air-16e-compared-photography),iphone,218,83,1758100913.0,https://i.redd.it/hdwtqfr9uopf1.png,camera sensor sizes iphone series camera sensor sizes iphone series nice overview dpreview,positive,0.4215,neutral,0.8338
1neu7k6,why isn’t anyone talking about the Vapour Chamber of the 17 Pro Max?,"why isn’t anyone talking about the Vapour Chamber of the 17 Pro Max? why isn’t anyone talking about the Vapour Chamber of the 17 Pro Max? i mean it’s kinda a known fact that iphone like to heat up although at inconsistent times 

is nobody excited for this? cuz i know i am",iphone,2844,822,1757652432.0,https://i.redd.it/jljy2453znof1.jpeg,anyone talking vapour chamber pro max anyone talking vapour chamber pro max mean kinda known fact iphone like heat although inconsistent times nobody excited cuz know,positive,0.5994,neutral,0.3803
1e93tct,"iOS 17.6 coming soon for iPhone users, here’s what’s new so far","iOS 17.6 coming soon for iPhone users, here’s what’s new so far iOS 17.6 coming soon for iPhone users, here’s what’s new so far",iphone,477,125,1721616840.0,https://9to5mac.com/2024/07/21/ios-17-6-coming-soon/,ios coming soon iphone users new far ios coming soon iphone users new far,neutral,0.0,neutral,0.636
1lpznr4,iPhone 17 Pro's New MagSafe Design Revealed in Leaked Photo,iPhone 17 Pro's New MagSafe Design Revealed in Leaked Photo iPhone 17 Pro's New MagSafe Design Revealed in Leaked Photo,iphone,309,83,1751472055.0,https://www.macrumors.com/2025/07/02/iphone-17-pro-new-magsafe-design/,iphone pro new magsafe design revealed leaked photo iphone pro new magsafe design revealed leaked photo,negative,-0.5574,surprise,0.4814
1oyyha4,iPhone 17 Air Unpopular Opinion,"iPhone 17 Air Unpopular Opinion iPhone 17 Air Unpopular Opinion I’ve had it for a month and I keep hearing about how it is underperforming what people or pundits expect. I LOVE THIS PHONE. There are a few things people hate about this phone (smaller battery, lack of telephone and macro cameras), but I don’t care. One of the main things I love is that this phone feels and works way smaller than other iPhones I’ve owned. It doesn’t take up my entire pocket and it doesn’t take two hands to use. It still has a large screen. And most importantly, the phone feels so much better than any other phone I’ve ever had. It’s that simple. It feels better when inside it and there is no way I’m going back to a huge brick in my pocket and hand when I use it. Again, I love using this phone. Others may disagree and that’s okay. 

Edit: I am a 6 foot male who’s had a Pro Max for almost a decade. I bought a 17 Pro Max and my wife got the iPhone 17 Air and after a week after purchase I would intermittently pick up her phone and use it. I pretty soon knew I bought the wrong phone. So I returned mine and got the air and I couldn’t be happier.",iphone,46,109,1763330348.0,https://www.reddit.com/r/iphone/comments/1oyyha4/iphone_17_air_unpopular_opinion/,iphone air unpopular opinion iphone air unpopular opinion month keep hearing underperforming people pundits expect love phone things people hate phone smaller battery lack telephone macro cameras care one main things love phone feels works way smaller iphones owned take entire pocket take two hands use still large screen importantly phone feels much better phone ever simple feels better inside no way going back huge brick pocket hand use love using phone others may disagree okay edit foot male pro max almost decade bought pro max wife got iphone air week purchase would intermittently pick phone use pretty soon knew bought wrong phone returned mine got air happier,positive,0.975,joy,0.6068
1jjpd85,iphone 17 pro max will have a new back design,iphone 17 pro max will have a new back design iphone 17 pro max will have a new back design,iphone,369,94,1742924691.0,https://i.redd.it/itjxi73yhvqe1.jpeg,iphone pro max new back design iphone pro max new back design,neutral,0.0,neutral,0.6958
1n8z7iy,iPhone 17 Cases,"iPhone 17 Cases iPhone 17 Cases UPDATE: Created a list of case brands that have unveiled their iPhone 17 cases, please check the bottom of the post! Will try my best to update the list as more cases are released! (Only cases with Camera Control button will be in the list)

Hi everyone! The new iPhone 17 is almost here in about a week! I created this thread as I thought that we can all share and explore potential phone cases to get for our new iPhone 17 as many brands/manufacturers have released an early look at their iPhone 17 cases. 

I will start first with this case I came across on social media, which is the Benks ArmorPro series. All their designs are growing on me, but I think most of us who want a clean look will opt for the basic black carbon fibre design! It has a raised camera ring that extends all the way around the camera bump to ensure raised protection. 

However, I have also seen other case brands do cutouts for the individual lenses and sensors instead of a big open cutout as the camera bump is too big this time around. I feel that individual lens cutouts can help to prevent dust/scratching across the whole area of the camera bump, so I guess that’s one of my main gripes about this case. But case in point, it is Apple who made the camera bump so damn huge, and our beloved case brands are just trying their best to work with what kind of device is developed in the end. 

Another brand that is going to launch soon is Caudabe, currently using on my iPhone 16 Pro Max. Loving this case so far, so I bet I’m gonna love the iPhone 17 Pro Max version too! Based on their case silhouette preview, it seems like Caudabe is opting for cutouts for the camera lens instead of the entire camera bar. All these brands are heavily recommended by tech Youtubers, and I totally get it!

What do you guys think? Do you all prefer a big open cutout for the entire camera bar, or just cutouts for the individual camera lens and sensors? 

I look forward to reading your thoughts and suggestions for iPhone 17 cases! Please feel free to share!


List of iPhone 17 Case Brands that are announced:

Benks
https://www.benks.com/collections/iphone-17-pro-cases?srsltid=AfmBOoqEB8fmvX1-qsUMjq2xCFNMliRx3SzFqYBwXAY98oQen5i4Npsy

Caudabe
https://caudabe.com/pages/iphone-17-coming-soon?srsltid=AfmBOors0fUYeiPQXemY58mBVK-kDvuvAzFsUTZY-ckLk9_aGEeUA0pY

ESR
https://www.esrtech.com/collections/iphone-17-pro-cases?gad_source=1&gad_campaignid=22340299621&gbraid=0AAAAAC6i_KLlRGZjvF2hke69HEVbPuqnV

dBrand
https://dbrand.com/search?query=iphone+17&sort=new&srsltid=AfmBOoolpEfi5j6d57xCaE_Cr29Rxh6H0L_U27R20CYWJws3hgqe4UNV

Pitaka
https://www.ipitaka.com/collections/iphone-17-series-cases

Mous
https://row.mous.co/?utm_source=fb&utm_medium=paid_social&utm_campaign=ROW+%7C+IOS+%7C+Prospecting+%7C+Conversions_120214767580420713&utm_content=i17L+-+i17+Limitless+Colours_120232643630930713&fbclid=IwZnRzaAMuNLpleHRuA2FlbQEwAGFkaWQBqyb6di0pCQEeYXnL4xKrVWWQvHWlcZIK-bOqk0jnuCJ904se886kDgpeQ50Qx2k6ClOIdsc_aem_MpDaqxHPYsnlumq7g4NHUg&campaign_id=120214767580420713&ad_id=120232643630930713&utm_id=120214767580420713_v2_s04&utm_term=120214767580440713

Spigen
https://www.spigen.com/collections/iphone-17-series-case-collection",iphone,26,152,1757059106.0,https://www.reddit.com/r/iphone/comments/1n8z7iy/iphone_17_cases/,iphone cases iphone cases update created list case brands unveiled iphone cases please check bottom post try best update list cases released cases camera control button list hi everyone new iphone almost week created thread thought share explore potential phone cases get new iphone many brands manufacturers released early look iphone cases start first case came across social media benks armorpro series designs growing think us want clean look opt basic black carbon fibre design raised camera ring extends way around camera bump ensure raised protection however also seen case brands cutouts individual lenses sensors instead big open cutout camera bump big time around feel individual lens cutouts help prevent dust scratching across whole area camera bump guess one main gripes case case point apple made camera bump damn huge beloved case brands trying best work kind device developed end another brand going launch soon caudabe currently using iphone pro max loving case far bet gonna love iphone pro max version based case silhouette preview seems like caudabe opting cutouts camera lens instead entire camera bar brands heavily recommended tech youtubers totally get guys think prefer big open cutout entire camera bar cutouts individual camera lens sensors look forward reading thoughts suggestions iphone cases please feel free share list iphone case brands announced benks caudabe esr dbrand pitaka mous spigen,positive,0.9938,neutral,0.5507
1qzlarl,If iPhone 17 Pro series has 12GB RAM why are apps still closed in the background so much still?,"If iPhone 17 Pro series has 12GB RAM why are apps still closed in the background so much still? If iPhone 17 Pro series has 12GB RAM why are apps still closed in the background so much still? I swear half the time I go back to an app it'll reload and go back to the apps main screen just like before. Infurating

Upgraded from a 14 Pro Max and I don't feel like much changed other than much better battery life and an even worse Siri",iphone,192,44,1770585799.0,https://www.reddit.com/r/iphone/comments/1qzlarl/if_iphone_17_pro_series_has_12gb_ram_why_are_apps/,iphone pro series gb ram apps still closed background much still iphone pro series gb ram apps still closed background much still swear half time go back app reload go back apps main screen like infurating upgraded pro max feel like much changed much better battery life even worse siri,positive,0.5574,anger,0.4483
1rn8mpl,Iphone 17 pro max camera worse than 15 plus?,"Iphone 17 pro max camera worse than 15 plus? Iphone 17 pro max camera worse than 15 plus? Whats up with the details? Tested in 2 different stores, same setting and distance.",iphone,89,53,1772886004.0,https://www.reddit.com/gallery/1rn8mpl,iphone pro max camera worse plus iphone pro max camera worse plus whats details tested different stores setting distance,negative,-0.7351,anger,0.4304
1o1l4nb,DO NOT ship your old iPhone to Apple!,"DO NOT ship your old iPhone to Apple! DO NOT ship your old iPhone to Apple! If you’re transition to a newer phone, insist that your Apple Store take it. Mine refuses because their “WiFi wasn’t working” when I picked up my new 17 pro, and that I had to ship in my 14 pro. 

It left my house in great shape…near excellent almost…and Apple emailed me a revised value of $0 because of a cracked/non functional screen. That’s absolutely not how it left me, and since I can’t prove that it happened in transit they are telling me they won’t honor the initial quoted value. 

I have no recourse, and no grounds to stand on. Don’t put yourself in this position, as it cost me hundreds of dollars.

YMMV. Not impressed.",iphone,3341,449,1759953019.0,https://www.reddit.com/r/iphone/comments/1o1l4nb/do_not_ship_your_old_iphone_to_apple/,not ship old iphone apple not ship old iphone apple transition newer phone insist apple store take mine refuses wifi working picked new pro ship pro left house great shape near excellent almost apple emailed revised value cracked non functional screen absolutely not left since prove happened transit telling honor initial quoted value no recourse no grounds stand put position cost hundreds dollars ymmv not impressed,positive,0.9175,surprise,0.8012
1ncqdvx,iPhone 17 Pro.!,iPhone 17 Pro.! iPhone 17 Pro.!,iphone,122,100,1757441463.0,https://i.redd.it/aezorbnrj6of1.jpeg,iphone pro iphone pro,neutral,0.0,neutral,0.8525
1ninm5x,detailed iPhone 17 unboxing and reviews coming up tomorrow,"detailed iPhone 17 unboxing and reviews coming up tomorrow detailed iPhone 17 unboxing and reviews coming up tomorrow We’ll see creators release their detailed reviews and unboxing for the iPhone 17 tomorrow, are you guys excited, or do you already have yours ordered? I grabbed my device at the pre-order but still so excited to see the videos tomorrow!",iphone,98,106,1758043092.0,https://www.reddit.com/r/iphone/comments/1ninm5x/detailed_iphone_17_unboxing_and_reviews_coming_up/,detailed iphone unboxing reviews coming tomorrow detailed iphone unboxing reviews coming tomorrow see creators release detailed reviews unboxing iphone tomorrow guys excited already ordered grabbed device pre order still excited see videos tomorrow,positive,0.5859,neutral,0.4164
1ngaha4,Apple sells more 17 in first launch minute than 16 in the first full launch day,"Apple sells more 17 in first launch minute than 16 in the first full launch day Apple sells more 17 in first launch minute than 16 in the first full launch day Preorders for the iPhone 17 range broke sales records in China, reports SCMP. After just one minute of preorders opening in China, sales through major retailer JD.com passed the first-day preorder volume for the iPhone 16 series.",iphone,3337,507,1757802049.0,https://appleinsider.com/articles/25/09/13/apple-breaks-records-in-china-with-high-iphone-17-preorders?utm_source=rss,apple sells first launch minute first full launch day apple sells first launch minute first full launch day preorders iphone range broke sales records china reports scmp one minute preorders opening china sales major retailer jd com passed first day preorder volume iphone series,negative,-0.4215,surprise,0.7575
1m0jf3t,"iPhone 17: Titanium is coming to just one model, and it’s a surprising choice","iPhone 17: Titanium is coming to just one model, and it’s a surprising choice iPhone 17: Titanium is coming to just one model, and it’s a surprising choice",iphone,275,79,1752590128.0,https://9to5mac.com/2025/07/15/iphone-17-titanium-is-coming-to-just-one-model-and-its-a-surprising-choice/,iphone titanium coming one model surprising choice iphone titanium coming one model surprising choice,positive,0.4939,surprise,0.9732
1oilti3,iPhone 17 pro: video sounds like it was recorded underwater.,"iPhone 17 pro: video sounds like it was recorded underwater. iPhone 17 pro: video sounds like it was recorded underwater. Videos on my new iPhone 17 pro are playing back with muffled sound / compression effect. 

videos:

https://streamable.com/2uqn2k

 and screenshots of my settings. 

It’s only happening in videos taken by the iPhone camera, other camera apps produce normal expected audio output 

Anyone else having this issue? Am I missing something?",iphone,182,70,1761686379.0,https://streamable.com/o2x8e5,iphone pro video sounds like recorded underwater iphone pro video sounds like recorded underwater videos new iphone pro playing back muffled sound compression effect videos screenshots settings happening videos taken iphone camera camera apps produce normal expected audio output anyone else issue missing something,positive,0.5574,surprise,0.6068
1otkewm,Weird black box on iPhone 17 screen?,"Weird black box on iPhone 17 screen? Weird black box on iPhone 17 screen? Primarily this happens when I open something with text- emails, text messaging, notes, etc. about 50% of the time, there's a black box covering a section of my screen. I have the most recent update and it's still happening. Should I go back to my iphone12 before I send it in?! On top of this, my phone feels laggy and not very touch sensitive.",iphone,230,57,1762796565.0,https://www.reddit.com/gallery/1otkewm,weird black box iphone screen weird black box iphone screen primarily happens open something text emails text messaging notes etc time black box covering section screen recent update still happening go back iphone send top phone feels laggy not touch sensitive,negative,-0.1531,surprise,0.7469
1ngq1dt,iPhone 17 no telephoto camera,"iPhone 17 no telephoto camera iPhone 17 no telephoto camera Seems like every time this gets brought up, people say that a zoom lens isn't necessary. Do you guys really think that? I can't imagine going from a phone with a telephoto to one without. 

Sure, the base 17 is a decent deal and finally has ProMotion, but is that enough for you to upgrade from an older Pro version?",iphone,34,133,1757852923.0,https://www.reddit.com/r/iphone/comments/1ngq1dt/iphone_17_no_telephoto_camera/,iphone no telephoto camera iphone no telephoto camera seems like every time gets brought people say zoom lens necessary guys really think imagine going phone telephoto one without sure base decent deal finally promotion enough upgrade older pro version,negative,-0.4333,surprise,0.9227
1oe1y6l,At which point did Apple decide bigger is better?,"At which point did Apple decide bigger is better? At which point did Apple decide bigger is better? For comparison: my old iPhone 5 and my current iPhone 17 Pro Max. The 5 now feels really small compared to this huge 17 PM.

I would love to see a comeback of the mini (which will probably never happen), but then for people who hate big phones. With that mini, you wouldn't need a new phone every year. Only once every 3-5 years, just like with the SE series. Only for people who have a phone because they need one or because they don't like the weight of modern phones.

What do you think about this?",iphone,1854,1080,1761222529.0,https://i.redd.it/xcp6vdetuuwf1.jpeg,point apple decide bigger better point apple decide bigger better comparison old iphone current iphone pro max feels really small compared huge pm would love see comeback mini probably never happen people hate big phones mini need new phone every year every years like se series people phone need one like weight modern phones think,positive,0.9616,sadness,0.7038
1pb83mu,Tech woven iPhone 17 ProMax random bubble?,"Tech woven iPhone 17 ProMax random bubble? Tech woven iPhone 17 ProMax random bubble? Bought the case 6 nov 25, after 2 weeks started noticing random small bubbles on the sides. At first i 
just brush it of thinking its the surround temperature (too hot or cold) makes the case expend hence the bubbles. Now the bubbles cannot be ignore anymore gotten worse. Anyone facing the same issue? Is there any solution or should i just take this to apple instead?",iphone,116,73,1764580003.0,https://www.reddit.com/gallery/1pb83mu,tech woven iphone promax random bubble tech woven iphone promax random bubble bought case nov weeks started noticing random small bubbles sides first brush thinking surround temperature hot cold makes case expend hence bubbles bubbles cannot ignore anymore gotten worse anyone facing issue solution take apple instead,negative,0.0798,anger,0.907
1qdj13d,What happens if i don’t update from iOS 17 with my iPhone 15?,"What happens if i don’t update from iOS 17 with my iPhone 15? What happens if i don’t update from iOS 17 with my iPhone 15? Hey iphone community,
I have been using my iPhone 15 with the iOS 17 version since I got it on May 2024. I did not want to update to iOS 18 because I could never find any of the photos I was looking for. Also I didn’t really like the appearance nor the control center so I just hoped the next update to be better. Then iOS 26 came around and it’s worse than 18 so right now I’m not planning on updating at all. How long can my phone keep up with this? And what happens if i skip too many updates? 
P.S. I don’t mind losing my data, I already got it backed up on multiple SSDs and got my important documents on iCloud as well.

Thanks for the replies in advance!",iphone,61,71,1768482469.0,https://i.redd.it/wju3gcgciidg1.jpeg,happens update ios iphone happens update ios iphone hey iphone community using iphone ios version since got may not want update ios could never find photos looking also really like appearance nor control center hoped next update better ios came around worse right not planning updating long phone keep happens skip many updates mind losing data already got backed multiple ssds got important documents icloud well thanks replies advance,positive,0.5403,sadness,0.4196
1ncqfh4,Opinions on the iPhone 17 series price?,Opinions on the iPhone 17 series price? Opinions on the iPhone 17 series price?,iphone,61,119,1757441560.0,https://i.redd.it/mm478kd1k6of1.png,opinions iphone series price opinions iphone series price,neutral,0.0,neutral,0.7909
1nuy4mw,iPhone 17 Pro Max charging at 40W,iPhone 17 Pro Max charging at 40W iPhone 17 Pro Max charging at 40W Do they charge any quicker or are they limited to 40?,iphone,196,71,1759290671.0,https://i.redd.it/7rxoavpeafsf1.jpeg,iphone pro max charging iphone pro max charging charge quicker limited,negative,-0.2263,neutral,0.6374
1nydf7p,Flickering issue on iPhone 17 Pro/Pro Max cameras,Flickering issue on iPhone 17 Pro/Pro Max cameras Flickering issue on iPhone 17 Pro/Pro Max cameras Does anyone have a flickering problem when recording a video in 1080p or 4K 30 and 60fps on the new 17 pros?,iphone,43,115,1759634123.0,https://www.reddit.com/r/iphone/comments/1nydf7p/flickering_issue_on_iphone_17_propro_max_cameras/,flickering issue iphone pro pro max cameras flickering issue iphone pro pro max cameras anyone flickering problem recording video fps new pros,negative,-0.4019,anger,0.3823
1nm5lne,"Reminder: Aluminum is Aluminum, and Aluminum is soft - iPhone 17 Pro Scratch/Dent","Reminder: Aluminum is Aluminum, and Aluminum is soft - iPhone 17 Pro Scratch/Dent Reminder: Aluminum is Aluminum, and Aluminum is soft - iPhone 17 Pro Scratch/Dent Had the 17 Pro in my pocket while squatting and it slipped out and fell \~1’ onto a rocky surface. Unfortunately I didn’t have a case on it since it’s not coming for a couple days.

Dented the bottom and slightly scratched the corner.

Main annoying thing is the unevenness around the border/bezel of the screen now, as the aluminum edge lifted away from the screen slightly.

Realistically if I could return it, I would, and continue using my 15 Pro.

—

Additional/Better Photos: [https://imgur.com/a/WXJ7faA](https://imgur.com/a/WXJ7faA)",iphone,63,111,1758392644.0,https://www.reddit.com/gallery/1nm5lne,reminder aluminum aluminum aluminum soft iphone pro scratch dent reminder aluminum aluminum aluminum soft iphone pro scratch dent pro pocket squatting slipped fell onto rocky surface unfortunately case since not coming couple days dented bottom slightly scratched corner main annoying thing unevenness around borde screen aluminum edge lifted away screen slightly realistically could return would continue using pro additional better photos,negative,-0.296,sadness,0.4394
1o1a6s1,iPhone 17 Pro Max has gotten faster with updates since launch,iPhone 17 Pro Max has gotten faster with updates since launch iPhone 17 Pro Max has gotten faster with updates since launch,iphone,283,53,1759929293.0,https://i.redd.it/0surkq6d1wtf1.jpeg,iphone pro max gotten faster updates since launch iphone pro max gotten faster updates since launch,neutral,0.0,surprise,0.3961
1jhc6ag,Who wants to see this charging feature on the new iPhone 17?,Who wants to see this charging feature on the new iPhone 17? Who wants to see this charging feature on the new iPhone 17?,iphone,263,102,1742660438.0,https://i.redd.it/drhgjzg1o9qe1.png,wants see charging feature new iphone wants see charging feature new iphone,positive,0.0,neutral,0.4373
1nu34fq,iPhone 17 Pro: Difference in tones between the cameras? ( scroll through the gallery ),"iPhone 17 Pro: Difference in tones between the cameras? ( scroll through the gallery ) iPhone 17 Pro: Difference in tones between the cameras? ( scroll through the gallery ) Have you noticed any difference in the tones of photos shot between the 3 lenses of the 17 Pro?

In the photos uploaded above, I noticed one has more of a pink tone, even though no photographic styles have been applied.

Went to Apple last friday ( 1 week of usage ) and they said for now Apple hasn’t communicated anything regarding any issues with the cameras. Is my phone faulty? They suggested to reset the phone as new and back it up again.",iphone,157,78,1759204308.0,https://www.reddit.com/gallery/1nu34fq,iphone pro difference tones cameras scroll gallery iphone pro difference tones cameras scroll gallery noticed difference tones photos shot lenses pro photos uploaded noticed one pink tone even though no photographic styles applied went apple last friday week usage said apple communicated anything regarding issues cameras phone faulty suggested reset phone new back,negative,-0.5423,surprise,0.473
1nwzt31,Returned My iPhone Air for the 17 Pro Max — Bittersweet Decision,"Returned My iPhone Air for the 17 Pro Max — Bittersweet Decision Returned My iPhone Air for the 17 Pro Max — Bittersweet Decision Just wanted to share a little journey for anyone torn between the iPhone Air and the 17 Pro Max.

I recently returned my iPhone Air after a few weeks of use. Honestly, that device was awesome. The form factor was near perfect — featherlight, sleek, and just felt right in the hand. I miss it already. It reminded me of the days when phones didn’t feel like mini bricks in your pocket.

But… battery life. As a heavy user, I just couldn’t make it work. Constant charging, battery anxiety, and dimming the screen to squeeze out a few extra hours — it started to wear me down. I so wish it lasted longer. If it did, I’d still be using it.

As a passionate travel photographer, the lack of a telephoto lens was another compromise. You don’t realize how much you rely on it until it’s gone. Capturing distant details, framing tighter shots — it’s part of my creative toolkit.

So I made the switch to the iPhone 17 Pro Max. It’s a beast. A brick. But it delivers where I need it most: endurance and camera versatility. Still, I can’t help but feel like I gave up something special.

I guess we can’t have the best of both worlds — at least not this year. Hoping Apple finds a way to merge the elegance of the Air with the power of the Pro someday.

Anyone else feeling this tug-of-war between form and function?",iphone,0,132,1759499643.0,https://www.reddit.com/r/iphone/comments/1nwzt31/returned_my_iphone_air_for_the_17_pro_max/,returned iphone air pro max bittersweet decision returned iphone air pro max bittersweet decision wanted share little journey anyone torn iphone air pro max recently returned iphone air weeks use honestly device awesome form factor near perfect featherlight sleek felt right hand miss already reminded days phones feel like mini bricks pocket battery life heavy user make work constant charging battery anxiety dimming screen squeeze extra hours started wear wish lasted longer still using passionate travel photographer lack telephoto lens another compromise realize much rely gone capturing distant details framing tighter shots part creative toolkit made switch iphone pro max beast brick delivers need endurance camera versatility still help feel like gave something special guess best worlds least not year hoping apple finds way merge elegance air power pro someday anyone else feeling tug war form function,positive,0.9838,sadness,0.7077
1nllnd1,"iPhone 17 Pro Max bad sound quality compared to 14 Pro Max for music/video playback, stereo image, high frequencies","iPhone 17 Pro Max bad sound quality compared to 14 Pro Max for music/video playback, stereo image, high frequencies iPhone 17 Pro Max bad sound quality compared to 14 Pro Max for music/video playback, stereo image, high frequencies I was playing a game in landscape mode on my new 17 Pro Max and noticed the sound quality seemed muffled and biased to the right (bottom side). This struck me as odd because the 14 Pro Max (my previous phone) always impressed me so much with its great speakers.

So I fired up YouTube and played [Boston's ""More than a Feeling""](https://youtu.be/t4QK8RxCAwo?si=NBWrBDkEgCuIfryr) on both the 17 Pro Max and 14 Pro Max.

On the 14 Pro Max, the high frequencies are crystal clear, and there is great stereo separation. The stereo image is particularly noticeable on the guitar solo around 2:35-2:41 in the song.

Meanwhile, on the 17 Pro Max, the song sounds a lot more midrangey and the stereo image is terrible by comparison. I tried removing the Speck case but it made no improvement to the sound.

It seems the 17 Pro Max has a much smaller gap for the top edge speaker to decrease the gap size between the screen and phone edge, but this apparently comes at the cost of sound quality. 

Considering one of the main things I use my phone for is watching videos and listening to music, I find the much worse sound quality of the 17 Pro Max to be a huge disappointment. 

But I'm wondering if perhaps it's just my unit that has this issue? Do all 17 Pro Max's have this compromised design for sound quality with a poor stereo image, or is it just mine?

What has been your experience?

UPDATE:

Monday after launch day, I went to an AT&T Store and Apple Store to try some various 17PM devices they had on display. Some sounded great and others sounded muffled like mine. After I got home, I noticed my phone had started to sound better. Now it sounds even better than my 14PM did. 

I don't have a logical explanation for why this should be the case. I would guess that either there is a break-in period on the speakers, a software issue that cleared up, or some kind of software calibration that requires a few hours of use.

If it was a software issue, here is a list of things I did when messing with the phone that could have potentially reset the sound quality:

- Play some YT music videos in Safari at full volume. To avoid them opening in the app, google a song name and find a link to a YT video, then long press the link to open in new Safari tab.
- Set Ringer volume to max in Sound and Haptics. 
- Cycle phone volume all the way down and up. 
- Turn silent mode on and off. 
- Restart the phone. 
- Let the battery run fully out and then fully recharge to 100%.
- Open Apple Music and play some tunes. (Maybe it forces the EQ to be applied to sound system wide?)
- In Settings > Accessibility > Audio & Visual, adjust the Balance off of zero and then back to zero.
- In Settings > Sounds & Haptics > Volume Limit, turn the limit on and off.
- Make sure to hold the phone without covering the bottom edge speaker, which is now in the lower left corner (so if holding it in landscape, have the dynamic island side on the right). This was definitely not the cause of the original issue but it's worth noting.
- Disable (and then possibly reenable) Sound Check in Settings > Apps > Music",iphone,26,124,1758332695.0,https://www.reddit.com/r/iphone/comments/1nllnd1/iphone_17_pro_max_bad_sound_quality_compared_to/,iphone pro max bad sound quality compared pro max music video playback stereo image high frequencies iphone pro max bad sound quality compared pro max music video playback stereo image high frequencies playing game landscape mode new pro max noticed sound quality seemed muffled biased right bottom side struck odd pro max previous phone always impressed much great speakers fired youtube played boston feeling pro max pro max pro max high frequencies crystal clear great stereo separation stereo image particularly noticeable guitar solo around song meanwhile pro max song sounds lot midrangey stereo image terrible comparison tried removing speck case made no improvement sound seems pro max much smaller gap top edge speaker decrease gap size screen phone edge apparently comes cost sound quality considering one main things use phone watching videos listening music find much worse sound quality pro max huge disappointment wondering perhaps unit issue pro max compromised design sound quality poor stereo image mine experience update monday launch day went store apple store try various pm devices display sounded great others sounded muffled like mine got home noticed phone started sound better sounds even better pm logical explanation case would guess either break period speakers software issue cleared kind software calibration requires hours use software issue list things messing phone could potentially reset sound quality play yt music videos safari full volume avoid opening app google song name find link yt video long press link open new safari tab set ringer volume max sound haptics cycle phone volume way turn silent mode restart phone let battery run fully fully recharge open apple music play tunes maybe forces eq applied sound system wide settings accessibility audio visual adjust balance zero back zero settings sounds haptics volume limit turn limit make sure hold phone without covering bottom edge speaker lower left corner holding landscape dynamic island side right definitely not cause original issue worth noting disable possibly reenable sound check settings apps music,positive,0.9295,sadness,0.6492
1rbu03w,"Is the upcoming iPhone 18 Pro worth waiting for, or go for the 17 Pro now?","Is the upcoming iPhone 18 Pro worth waiting for, or go for the 17 Pro now? Is the upcoming iPhone 18 Pro worth waiting for, or go for the 17 Pro now? I currently have a 15 Pro Max. I am mostly interested in an increase in RAM. I have 8 gig in Pro Max and the 17 Pro has I believe 12. Mostly due to the needs of AI. Is the 18 likely to have an increase yet again?",iphone,1,69,1771786230.0,https://www.reddit.com/r/iphone/comments/1rbu03w/is_the_upcoming_iphone_18_pro_worth_waiting_for/,upcoming iphone pro worth waiting go pro upcoming iphone pro worth waiting go pro currently pro max mostly interested increase ram gig pro max pro believe mostly due needs ai likely increase yet,positive,0.8442,neutral,0.3431
1nsdzrx,iPhone 17 Pro Max Died and Won’t Turn On,"iPhone 17 Pro Max Died and Won’t Turn On iPhone 17 Pro Max Died and Won’t Turn On I’ve had the 17PM since release day and today is the first day it got to 1% and turned off. Afterwards, it just wouldn’t turn back on, even after an hour of being plugged into the wall. Wireless charging didn’t work either; it doesn’t even show the “out of battery” logo. I tried force restarting with the volume buttons and power button and still, nothing. Any advice?",iphone,10,123,1759029683.0,https://www.reddit.com/r/iphone/comments/1nsdzrx/iphone_17_pro_max_died_and_wont_turn_on/,iphone pro max died turn iphone pro max died turn pm since release day today first day got turned afterwards turn back even hour plugged wall wireless charging work either even show battery logo tried force restarting volume buttons power button still nothing advice,negative,-0.802,sadness,0.7388
1ndbuxo,"My head wants the iPhone 17 pro, my heart wants the iPhone Air...","My head wants the iPhone 17 pro, my heart wants the iPhone Air... My head wants the iPhone 17 pro, my heart wants the iPhone Air... I haven't had this much decision paralysis since the iPhone mini came out. (Note: I went for the 13 Pro back then for similar reasons, the mini felt too nerfed, a case of form over function!)

Apple kind of did the same thing again with the Air vs Pro dilemma. The Air, while insanely thin, looks like the iPhone X of old and is premium as heck. The shiny titanium frame, the more “pro” colour options (including black!), and the unified back design versus the Pro’s two-tone approach are striking. Visually it’s great and in some ways, it is what we’ve come to expect from Pro models over the years. I feel this is deliberate to make the Air more appealing to people who would normally gravitate toward “Pro” phones.

It seems Apple has fundamentally shifted. The Pro is now much more of a functional, or “Pro,” device with function over form. That’s great in a way!

I get it: the Air is Gen 1, but it has me wanting a phone and overlooking compromises (the same way the mini did years ago).

At the end of the day, the following will sway my decision:

* **Single camera on the Air.** It looks sexy, but I know day-to-day I’ll miss the range of the Pro model.
* **Single speaker on the Air.** I’m not a phone-boombox user, but I’ve become accustomed to stereo sound on a smartphone.
* **USB2 on the Air.** This is a HUGE dealbreaker for me. I’m used to USB3 speeds on my current 15 Pro, and going back to USB2 will be annoyingly slow.
* **Worse battery on the Air.** (That said, Apple’s silicon has surprised us before, like with the apple silicon Macs and the recent 16E which used a custom modem)
* **No active cooling.** Apple spent a lot of time arguing why the Pro needs aluminium and active cooling, so I wonder how well the Air’s thermal envelope will hold up.

With the Air, I know I’ll come to resent the compromises over time and miss what I’m used to. 

What are your thoughts? Do you agree it is a head versus heart decision?",iphone,80,100,1757504549.0,https://www.reddit.com/r/iphone/comments/1ndbuxo/my_head_wants_the_iphone_17_pro_my_heart_wants/,head wants iphone pro heart wants iphone air head wants iphone pro heart wants iphone air much decision paralysis since iphone mini came note went pro back similar reasons mini felt nerfed case form function apple kind thing air vs pro dilemma air insanely thin looks like iphone old premium heck shiny titanium frame pro colour options including black unified back design versus pro two tone approach striking visually great ways come expect pro models years feel deliberate make air appealing people would normally gravitate toward pro phones seems apple fundamentally shifted pro much functional pro device function form great way get air gen wanting phone overlooking compromises way mini years ago end day following sway decision single camera air looks sexy know day day miss range pro model single speaker air not phone boombox user become accustomed stereo sound smartphone usb air huge dealbreaker used usb speeds current pro going back usb annoyingly slow worse battery air said apple silicon surprised us like apple silicon macs recent used custom modem no active cooling apple spent lot time arguing pro needs aluminium active cooling wonder well air thermal envelope hold air know come resent compromises time miss used thoughts agree head versus heart decision,positive,0.987,anger,0.3804
1nz6jcs,"iPhone 17 Pro Max users, after a while have you felt like the size and weight is just too much?","iPhone 17 Pro Max users, after a while have you felt like the size and weight is just too much? iPhone 17 Pro Max users, after a while have you felt like the size and weight is just too much? iPhone 17 Pro Max users, after a while of using the new iPhone pro max, have you felt like the size and weight is just too much and you would probably be better off with the normal pro version?",iphone,20,113,1759715582.0,https://www.reddit.com/r/iphone/comments/1nz6jcs/iphone_17_pro_max_users_after_a_while_have_you/,iphone pro max users felt like size weight much iphone pro max users felt like size weight much iphone pro max users using new iphone pro max felt like size weight much would probably better normal pro version,positive,0.8555,joy,0.3277
1rmju6v,iPhone 17 10 days old. color fading. thoughts?,"iPhone 17 10 days old. color fading. thoughts? iPhone 17 10 days old. color fading. thoughts? I contacted apple support, sent pictures and they rejected my claim that its a manufacturing defect or fault in the finishing. They said this damage does not affect the working of my phone and that it is cosmetic and thats not covered. was hoping if anyone had experience dealing with discoluration and if apple replaced their iPhone or not.

I am taking it to a apple store next but i am doubtful. I’m just really confused about how this could happen on a new phone. Mine isn’t even the orange Pro version that other people have posted about.

I’ve kept the phone in a standard transparent MagSafe case the entire time. There have been no drops, and there are no scratches or discoloration anywhere else on the phone. I find it really hard to prove its a finishing defect as they can just say its cosmetic damage again.",iphone,0,62,1772817106.0,https://www.reddit.com/gallery/1rmju6v,iphone days old color fading thoughts iphone days old color fading thoughts contacted apple support sent pictures rejected claim manufacturing defect fault finishing said damage not affect working phone cosmetic thats not covered hoping anyone experience dealing discoluration apple replaced iphone not taking apple store next doubtful really confused could happen new phone mine even orange pro version people posted kept phone standard transparent magsafe case entire time no drops no scratches discoloration anywhere else phone find really hard prove finishing defect say cosmetic damage,negative,-0.9675,surprise,0.519
1nnwle7,New iPhone 17 Pro screen is dim.,"New iPhone 17 Pro screen is dim. New iPhone 17 Pro screen is dim. Hey guys. 

I’m upgrading from an iPhone 14 Pro to an iPhone 17 pro. 

I have all display and screen settings exactly the same, I spent hours double checking all settings are the same. 

But when I put the displays side by side, the 14 pro is much brighter at the same brightness settings, regardless of if I put them both at min brightness or half brightness. 


Anyone else notice anything similar?",iphone,25,115,1758570552.0,https://www.reddit.com/r/iphone/comments/1nnwle7/new_iphone_17_pro_screen_is_dim/,new iphone pro screen dim new iphone pro screen dim hey guys upgrading iphone pro iphone pro display screen settings exactly spent hours double checking settings put displays side side pro much brighter brightness settings regardless put min brightness half brightness anyone else notice anything similar,positive,0.8555,surprise,0.5438
1qpg8tt,iPhone 17 Pro Max,iPhone 17 Pro Max iPhone 17 Pro Max hi! how much would it cost to fix this part of my phone and where could I get it fixed? I do have apple care but I wasn’t sure if this is something apple fixes.,iphone,57,60,1769618028.0,https://i.redd.it/n00h6u0ya4gg1.jpeg,iphone pro max iphone pro max hi much would cost fix part phone could get fixed apple care sure something apple fixes,positive,0.6705,neutral,0.7729
1pgg05f,Just switched to iPhone 17 after 12 years on Nexus and Pixel phones; here’s what I think!,"Just switched to iPhone 17 after 12 years on Nexus and Pixel phones; here’s what I think! Just switched to iPhone 17 after 12 years on Nexus and Pixel phones; here’s what I think! I’ve been a pretty massive Google phone fan since I was a teen, I had the Nexus 4, 5 and 5x and then Pixel 2, Pixel 4a, Pixel 5a, Pixel 7 and Pixel 9. After how disappointing the Pixel 10 was and my overall unhappiness with the trajectory of the Pixel line I decided to jump ship to iPhone after all of these years. It is one hell of a base model, ProMotion, the A19 chip, 256gb base storage and a great, thin compact size and after trading in my Pixel 9 I was able to get it for $1k AUD.

The phone itself is amazing so far, but I just wanted to talk a little bit about my experience with iOS. My only experience with iOS in the past was an iPhone SE I had for work in 2022 and a 5th gen iPod touch and it was pretty average so most of this is new to me, here’s what I love:

1.	⁠⁠The fluidity of the OS and the overall UX. The animations are amazing, I love the physicality of the OS and how everything feels like it’s coming in from somewhere when it animates in and is getting tucked away somewhere when it goes off screen.
2.	⁠⁠Really big fan of Face ID, one of my biggest grievances with my Pixel was the fingerprint sensor and not being able to conveniently unlock my phone when my hands were wet or dirty. I’ve had experience with face unlock on my Pixel 7 but the technology just isn’t there for it to match how reliable and fast Face ID is even in less than optimal lighting.
3.	⁠⁠The file system has come a long way since I last meaningfully used an iOS device (which was a jailbroken iPod touch 5th generation) and the ease of use has definitely quelled one of my biggest fears jumping ship.
4.	⁠⁠Which leads into my final thing I’m loving, parity with android overall. I came into this experience expecting to have to relearn a lot of how I use my phone, and maybe this speaks more about the iOS-ification of stock Android than it does about the jumps iOS has made but other than being forced into gesture navigation, overall day to day use has felt close to identical. It’s crazy to see iOS get features Android removed like lock screen widgets that Android fans have been begging for.

Things I’m meh on:

1.	⁠⁠The keyboard. G Board on android is amazing but it just doesn’t feel as good on iPhone so I use the stock iPhone keyboard and I miss my number row. A tiny nitpick but noticeable nonetheless.
2.	⁠⁠The back button. This was something I was super bummed about losing as the back button in Android is amazing. It works exactly the same in every app and you won’t make any mistakes. iPhone on the other hand definitely has inconsistency with where it’s gonna take you when you’re trying to navigate back but again super minor and I honestly miss it a lot less than I thought I would.

Things that bother me:

1.	⁠⁠Super specific but in Melbourne for some reason the main public transport card is only compatible with Google Pay, so it’s forced me to add a physical card back into my wallet which isn’t ideal in 2025.
2.	⁠⁠iOS definitely still feels behind Android when it comes to customisation. It frustrates me that I can’t rearrange my connectivity folder in the control panel, because tell me why AirDrop is an instant press but I have to go into an additional menu to toggle mobile data. Do better Apple.
3.	⁠⁠No RAW photos on the base model. I was able to make the camera on my Pixel phones go far as hell through editing the RAW files and it seems that’s not an option on the base models. If anyone can help with this, let me know!

Overall though, definitely happy with the iPhone 17 as a move from the Pixel and I’m pleasantly surprised with the leaps and bounds apple has made with iOS and even surpassed Android in some ways with features like the action button, lock screen widgets and the dedicated camera button. As Google continue to lock down Android and the Pixel remains a mid range phone at a flagship price I find year after year there’s less reason to be an Android user and I think I may be a convert if my experience remains this positive.",iphone,120,60,1765106172.0,https://www.reddit.com/r/iphone/comments/1pgg05f/just_switched_to_iphone_17_after_12_years_on/,switched iphone years nexus pixel phones think switched iphone years nexus pixel phones think pretty massive google phone fan since teen nexus pixel pixel pixel pixel pixel disappointing pixel overall unhappiness trajectory pixel line decided jump ship iphone years one hell base model promotion chip gb base storage great thin compact size trading pixel able get aud phone amazing far wanted talk little bit experience ios experience ios past iphone se work th gen ipod touch pretty average new love fluidity os overall ux animations amazing love physicality os everything feels like coming somewhere animates getting tucked away somewhere goes screen really big fan face id one biggest grievances pixel fingerprint sensor not able conveniently unlock phone hands wet dirty experience face unlock pixel technology match reliable fast face id even less optimal lighting file system come long way since last meaningfully used ios device jailbroken ipod touch th generation ease use definitely quelled one biggest fears jumping ship leads final thing loving parity android overall came experience expecting relearn lot use phone maybe speaks ios ification stock android jumps ios made forced gesture navigation overall day day use felt close identical crazy see ios get features android removed like lock screen widgets android fans begging things meh keyboard board android amazing feel good iphone use stock iphone keyboard miss number row tiny nitpick noticeable nonetheless back button something super bummed losing back button android amazing works exactly every app make mistakes iphone hand definitely inconsistency gonna take trying navigate back super minor honestly miss lot less thought would things bother super specific melbourne reason main public transport card compatible google pay forced add physical card back wallet ideal ios definitely still feels behind android comes customisation frustrates rearrange connectivity folder control panel tell airdrop instant press go additional menu toggle mobile data better apple no raw photos base model able make camera pixel phones go far hell editing raw files seems not option base models anyone help let know overall though definitely happy iphone move pixel pleasantly surprised leaps bounds apple made ios even surpassed android ways features like action button lock screen widgets dedicated camera button google continue lock android pixel remains mid range phone flagship price find year year less reason android user think may convert experience remains positive,positive,0.9963,sadness,0.483
1o44q3n,iPhone 17 pro max case error,iPhone 17 pro max case error iPhone 17 pro max case error Has anyone else experienced this with their new clear MagSafe case? Going to return it back to the shop but not sure if worth keeping due to how odd it looks 😅,iphone,284,45,1760211558.0,https://i.redd.it/275ijhiocjuf1.jpeg,iphone pro max case error iphone pro max case error anyone else experienced new clear magsafe case going return back shop not sure worth keeping due odd looks,negative,-0.7736,surprise,0.508
1otwhca,"I have 7 days to add apple care to my iPhone, worth it?","I have 7 days to add apple care to my iPhone, worth it? I have 7 days to add apple care to my iPhone, worth it?",iphone,1466,975,1762824792.0,https://i.redd.it/rsqjfv167j0g1.jpeg,days add apple care iphone worth days add apple care iphone worth,positive,0.8481,neutral,0.3944
1nuyupg,"WhatsApp calls disconnect automatically when iPhone 17 is locked, anyone else facing this?","WhatsApp calls disconnect automatically when iPhone 17 is locked, anyone else facing this? WhatsApp calls disconnect automatically when iPhone 17 is locked, anyone else facing this? I recently upgraded to the iPhone 17 and noticed a really frustrating issue with WhatsApp Video calls. Whenever my phone is locked and I receive an incoming WhatsApp Video call, the call connects but then gets disconnected automatically after about 4–5 seconds.

* If the phone is **unlocked**, everything works fine.
* If it’s **locked**, the call just drops on its own.

I’ve already tried:

* Updated to latest IOS 26.0.1 which has released on 30th Sep 2025
* Updating WhatsApp to the latest version
* Restarting the phone
* Checking background app refresh & notification settings
* Ensuring internet connection is stable

But the problem still persists.

Is anyone else experiencing this on iPhone 17 (or even on earlier models with iOS 18)? Any idea if this is a bug with WhatsApp or an iOS setting I’m missing?

Would appreciate any insights or fixes before I reach out to Apple support.",iphone,30,103,1759292974.0,https://www.reddit.com/r/iphone/comments/1nuyupg/whatsapp_calls_disconnect_automatically_when/,whatsapp calls disconnect automatically iphone locked anyone else facing whatsapp calls disconnect automatically iphone locked anyone else facing recently upgraded iphone noticed really frustrating issue whatsapp video calls whenever phone locked receive incoming whatsapp video call call connects gets disconnected automatically seconds phone unlocked everything works fine locked call drops already tried updated latest ios released th sep updating whatsapp latest version restarting phone checking background app refresh notification settings ensuring internet connection stable problem still persists anyone else experiencing iphone even earlier models ios idea bug whatsapp ios setting missing would appreciate insights fixes reach apple support,positive,0.3626,sadness,0.6619
1pto5sl,IOS 26.2 audio glitch: ringtone / app audio loops when interrupted (IPhone 17 Pro Max),"IOS 26.2 audio glitch: ringtone / app audio loops when interrupted (IPhone 17 Pro Max) IOS 26.2 audio glitch: ringtone / app audio loops when interrupted (IPhone 17 Pro Max) Issue:

This issue started after updating to iOS 26.2.

During an incoming call, when the default Apple ringtone is playing and I press the volume down button to silence it, the ringtone does not stop normally. Instead, the audio glitches and gets stuck looping a very short sound repeatedly (like “ting ting ting”), as if the audio buffer is frozen.

The phone itself does not freeze — only the audio behaves abnormally.

This does not happen only during calls. I’ve noticed similar behavior in Instagram as well: sometimes when a video or reel is playing and I use the back gesture, the audio briefly glitches or loops instead of stopping cleanly.

Observations:

Happens intermittently, not every time

Occurs across different system/app audio contexts

Feels like an audio interruption / audio session bug

Does not seem hardware-related

Started only after iOS 26.2 update

Conclusion:

This appears to be a system-level iOS audio bug, possibly related to how audio sessions are interrupted or released (ringer → silence, app audio → navigation).

Posting here to check:

Is anyone else on iOS 26.2 experiencing similar audio looping/glitching?

Any known fixes or workarounds?",iphone,57,66,1766475928.0,https://www.reddit.com/r/iphone/comments/1pto5sl/ios_262_audio_glitch_ringtone_app_audio_loops/,ios audio glitch ringtone app audio loops interrupted iphone pro max ios audio glitch ringtone app audio loops interrupted iphone pro max issue issue started updating ios incoming call default apple ringtone playing press volume button silence ringtone not stop normally instead audio glitches gets stuck looping short sound repeatedly like ting ting ting audio buffer frozen phone not freeze audio behaves abnormally not happen calls noticed similar behavior instagram well sometimes video reel playing use back gesture audio briefly glitches loops instead stopping cleanly observations happens intermittently not every time occurs across different system app audio contexts feels like audio interruption audio session bug not seem hardware related started ios update conclusion appears system level ios audio bug possibly related audio sessions interrupted released ringer silence app audio navigation posting check anyone else ios experiencing similar audio looping glitching known fixes workarounds,neutral,-0.067,surprise,0.3937
1qogl7c,Disappointed with camera quality on iPhone 17 pro,"Disappointed with camera quality on iPhone 17 pro Disappointed with camera quality on iPhone 17 pro I’ve had my 17 pro for about three months now and I’m really disappointed with the camera quality. I had the 13 pro before and honestly feel like in most situations it out performed the 17 pro.

My biggest complaints are grainy photos, even when in good lighting, and it seems to struggle with deciding which lens to use in some situations and will bounce from one to another. These issues are most prevalent when taking portrait shots or close ups, landscapes are fine but not any better than my 13 pro.

Are these issues anyone else is experiencing or is it just me? I have adjusted settings based on suggestions I’ve seen but haven’t noticed any improvement. Open to trying more suggestions for settings, but I’m beginning to think this might be a bigger issue than just settings.

Thanks!

UPDATE

Thanks for the suggestions. I took the advice to try a third party camera app and have seen SIGNIFICANT improvement in results. This does make me think that the issue is the iPhone image processing (as many of you mentioned).

For now I’m using the Moment app because I already had bought it a few years ago, but I’ll probably try some of the recommendations as well (Halide looks great).

Not the end of the world to have to use a third party app, but really hope a software update comes along down the line that fixes the Apple processing.",iphone,41,59,1769526942.0,https://www.reddit.com/r/iphone/comments/1qogl7c/disappointed_with_camera_quality_on_iphone_17_pro/,disappointed camera quality iphone pro disappointed camera quality iphone pro pro three months really disappointed camera quality pro honestly feel like situations performed pro biggest complaints grainy photos even good lighting seems struggle deciding lens use situations bounce one another issues prevalent taking portrait shots close ups landscapes fine not better pro issues anyone else experiencing adjusted settings based suggestions seen noticed improvement open trying suggestions settings beginning think might bigger issue settings thanks update thanks suggestions took advice try third party camera app seen significant improvement results make think issue iphone image processing many mentioned using moment app already bought years ago probably try recommendations well halide looks great not end world use third party app really hope software update comes along line fixes apple processing,positive,0.9617,sadness,0.9337
1r3fovc,What’s the best screen protector for the iphone 17 pro? currently using the Torras 9H military grade tempered glass screen protector and noticed scratches within 2-3 days.,"What’s the best screen protector for the iphone 17 pro? currently using the Torras 9H military grade tempered glass screen protector and noticed scratches within 2-3 days. What’s the best screen protector for the iphone 17 pro? currently using the Torras 9H military grade tempered glass screen protector and noticed scratches within 2-3 days. I had the exact same Torras screen protector on my iphone 16 pro and there was not a single scratch or even a hairline scratch after a year+ of using it. i traded it in for $1100 trade in value for my 17 pro so it was basically free, and right out the door i applied my Torras screen protector started scratching within 2-3 days of installing it. 

in your opinion, what’s the best screen protector on the market- or which screen protectors do you use?",iphone,4,62,1770957159.0,https://www.reddit.com/r/iphone/comments/1r3fovc/whats_the_best_screen_protector_for_the_iphone_17/,best screen protector iphone pro currently using torras military grade tempered glass screen protector noticed scratches within days best screen protector iphone pro currently using torras military grade tempered glass screen protector noticed scratches within days exact torras screen protector iphone pro not single scratch even hairline scratch year using traded trade value pro basically free right door applied torras screen protector started scratching within days installing opinion best screen protector market screen protectors use,positive,0.9601,surprise,0.2911
1njqrdz,iPhone 17 Series Usage Time Test,"iPhone 17 Series Usage Time Test iPhone 17 Series Usage Time Test **Smartphone Battery Life Test Model 3.5**  
A standardized mixed-usage battery test including:

* **Instant Messaging – 10 min** (WeChat chat 5 min, WeChat video call 5 min, app kept running in background)
* **Shopping – 10 min** (Taobao 5 min, Pinduoduo 5 min, plus another 5 min WeChat video afterward)
* **Information Browsing – 16 min** (Weibo 8 min, Xiaohongshu 8 min, NetEase Cloud Music playing in background)
* **Video – 9 min** (Douyin 4 min, Bilibili 5 min, Bilibili in full-screen mode)
* **Gaming – 9 min** (Genshin Impact for 9 min, with continuous character movement)
* **Navigation – 5 min** (Real-time navigation using a map app)
* **App Verification – 1 min** (Open an app, log in, scroll, interact briefly)

**Test Conditions:**

* Brightness: 400 nits
* Volume: Medium
* Network: 5G
* Performance mode: Balanced

Source: Geekerwan (Bilibili) - [https://www.bilibili.com/video/BV1cBp4zQENM/?spm\_id\_from=333.1387.homepage.video\_card.click](https://www.bilibili.com/video/BV1cBp4zQENM/?spm_id_from=333.1387.homepage.video_card.click)",iphone,178,63,1758146754.0,https://i.redd.it/o0tucjhxsspf1.png,iphone series usage time test iphone series usage time test smartphone battery life test model standardized mixed usage battery test including instant messaging min wechat chat min wechat video call min app kept running background shopping min taobao min pinduoduo min plus another min wechat video afterward information browsing min weibo min xiaohongshu min netease cloud music playing background video min douyin min bilibili min bilibili full screen mode gaming min genshin impact min continuous character movement navigation min real time navigation using map app app verification min open app log scroll interact briefly test conditions brightness nits volume medium network performance mode balanced source geekerwan bilibili,positive,0.5267,neutral,0.6998
1nlknpv,Realized I’m not a Pro,"Realized I’m not a Pro Realized I’m not a Pro I’ve had the Pro iPhones since they were introduced. The Air intrigued me so I ordered the 17 Pro Max and the iPhone Air 

After 8 hours of mixed use of both, I’m keeping the Air. I absolutely understand why some people need or want the Pro and why others want the base.

But for me (as in my opinion that others may disagree with) the Air is gorgeous and such a fun device to hold and use. So I’m keeping the Air and returning the Pro",iphone,2041,637,1758329739.0,https://www.reddit.com/gallery/1nlknpv,realized not pro realized not pro pro iphones since introduced air intrigued ordered pro max iphone air hours mixed use keeping air absolutely understand people need want pro others want base opinion others may disagree air gorgeous fun device hold use keeping air returning pro,positive,0.743,surprise,0.7472
1kyi7o0,First time visiting Google Store and It reminds me of Apple instantly,"First time visiting Google Store and It reminds me of Apple instantly First time visiting Google Store and It reminds me of Apple instantly Where is the innovation, Google?",iphone,5712,335,1748543192.0,https://i.redd.it/qf9e6dumkr3f1.jpeg,first time visiting google store reminds apple instantly first time visiting google store reminds apple instantly innovation google,positive,0.3818,surprise,0.8269
1njg6w5,"These are the new Geekbench CPU and GPU scores for the new iPhone 17 lineup, compared to last year's 16 lineup. (Source: MKBHD)","These are the new Geekbench CPU and GPU scores for the new iPhone 17 lineup, compared to last year's 16 lineup. (Source: MKBHD) These are the new Geekbench CPU and GPU scores for the new iPhone 17 lineup, compared to last year's 16 lineup. (Source: MKBHD) I'm surprised the base iphone 17's A19 chip has a higher GPU score than the 16 Pro's A18 Pro chip, considering it has fewer cores and all that.",iphone,152,67,1758122725.0,https://www.reddit.com/gallery/1njg6w5,new geekbench cpu gpu scores new iphone lineup compared last year lineup source mkbhd new geekbench cpu gpu scores new iphone lineup compared last year lineup source mkbhd surprised base iphone chip higher gpu score pro pro chip considering fewer cores,positive,0.2263,surprise,0.9756
1pd8hfu,This sounds ridiculous. But I just upgraded from an iPhone 8 to iPhone 17 Pro.,"This sounds ridiculous. But I just upgraded from an iPhone 8 to iPhone 17 Pro. This sounds ridiculous. But I just upgraded from an iPhone 8 to iPhone 17 Pro. There seems to be a few aesthetic changes, obviously better sound and no home button. 

But give me a crash course of the coolest features that I can use or capabilities that make your life easier. 

I could spend hours on end doing research but I’d prefer to cut through the fluff. What are some things you love about newer iPhones?",iphone,67,66,1764778496.0,https://www.reddit.com/r/iphone/comments/1pd8hfu/this_sounds_ridiculous_but_i_just_upgraded_from/,sounds ridiculous upgraded iphone iphone pro sounds ridiculous upgraded iphone iphone pro seems aesthetic changes obviously better sound no home button give crash course coolest features use capabilities make life easier could spend hours end research prefer cut fluff things love newer iphones,neutral,-0.0258,anger,0.7082
1isqjpk,iPhone 17 Lineup Rumored to Support Up to 35W Charging Speeds,iPhone 17 Lineup Rumored to Support Up to 35W Charging Speeds iPhone 17 Lineup Rumored to Support Up to 35W Charging Speeds,iphone,348,74,1739921117.0,https://www.macrumors.com/2025/02/18/iphone-17-lineup-35w-charging-rumor/,iphone lineup rumored support charging speeds iphone lineup rumored support charging speeds,positive,0.6597,neutral,0.6499
1kdm7ox,iPhone 17 concept I made for fun,iPhone 17 concept I made for fun iPhone 17 concept I made for fun My first time using photoshop! Pretty impressed by how good it turned out.,iphone,137,107,1746252757.0,https://www.reddit.com/gallery/1kdm7ox,iphone concept made fun iphone concept made fun first time using photoshop pretty impressed good turned,positive,0.9413,surprise,0.9553
1qvu6e3,iPhone 17 Pro Max Green Tint?,"iPhone 17 Pro Max Green Tint? iPhone 17 Pro Max Green Tint? Same phone tilted at different angles. iPhone 17 Pro Max 512 GB. 

This is my second one as the first one I exchanged because it had a really dull yellow and pink tint in the middle of the screen. 

This is very reminiscent of when I got my 12 pro and it had the same issue and I thought I could live with it but I think I’ll return this too. I have read several posts about a panel lottery especially with 17 pro models. 

Also comparing OLED 4K video tests side by side with my 14PM and my 14 is somehow way crisper and sharper? 

True Tone off no white point etc. tried it all and it’s not as crisp as my 14 pro max at all…

I got a second iPhone 17 for a family member and it had a perfect screen off the bat same quality as my 14PM.

Is it worth it to even try exchanging once more..?",iphone,19,57,1770224670.0,https://www.reddit.com/gallery/1qvu6e3,iphone pro max green tint iphone pro max green tint phone tilted different angles iphone pro max gb second one first one exchanged really dull yellow pink tint middle screen reminiscent got pro issue thought could live think return read several posts panel lottery especially pro models also comparing oled video tests side side pm somehow way crisper sharper true tone no white point etc tried not crisp pro max got second iphone family member perfect screen bat quality pm worth even try exchanging,positive,0.4951,sadness,0.4669
1nl9duy,Problems transferring data new iPhone 17,"Problems transferring data new iPhone 17 Problems transferring data new iPhone 17 Hey anyone else having issues transferring data from 16p to 17p I have tried 4 times and had the pop up saying an error occurred and also when I try put in my password for my apple account it comes up with verification error and something about servers 

Any fixes or anyone in the same situation? Literally bought the phone an hour ago

I’ve tried cable to cable connections tried starting without transferring data then logging into my account but nothing seams to work

Thanks.

UPDATE it worked for me like 2 nights ago I just gave up and done it in the morning and it seemed to work",iphone,34,95,1758301835.0,https://www.reddit.com/r/iphone/comments/1nl9duy/problems_transferring_data_new_iphone_17/,problems transferring data new iphone problems transferring data new iphone hey anyone else issues transferring data tried times pop saying error occurred also try put password apple account comes verification error something servers fixes anyone situation literally bought phone hour ago tried cable cable connections tried starting without transferring data logging account nothing seams work thanks update worked like nights ago gave done morning seemed work,negative,-0.866,surprise,0.4416
1ne46g5,Curious about iPhone 17 cooling improvements after past heating problems,"Curious about iPhone 17 cooling improvements after past heating problems Curious about iPhone 17 cooling improvements after past heating problems Apple emphasized cooling and stability with the iPhone 17, introducing a vapor chamber system that should help the device sustain performance longer without throttling.

On earlier models like the 14 and 15 I noticed the phone could heat up quickly during gaming or charging. Out of curiosity I even used a thermal imager to check surface temperatures, and the numbers were higher than I expected in daily use.

If the 17 truly runs cooler it would be a meaningful step forward. Do you think this generation will finally avoid the overheating issues seen in older iPhones?",iphone,78,84,1757582631.0,https://www.reddit.com/r/iphone/comments/1ne46g5/curious_about_iphone_17_cooling_improvements/,curious iphone cooling improvements past heating problems curious iphone cooling improvements past heating problems apple emphasized cooling stability iphone introducing vapor chamber system help device sustain performance longer without throttling earlier models like noticed phone could heat quickly gaming charging curiosity even used thermal imager check surface temperatures numbers higher expected daily use truly runs cooler would meaningful step forward think generation finally avoid overheating issues seen older iphones,positive,0.875,surprise,0.5022
1ohw8en,Really stuck on which iPhone 17 pro colour,Really stuck on which iPhone 17 pro colour Really stuck on which iPhone 17 pro colour Getting the new 17 pro soon and I’m soo stuck on the colours I liked the orange but people said that you’d get sick of it very fast and noe I’m dumbfounded with no idea on what to luv,iphone,0,94,1761613565.0,https://www.reddit.com/r/iphone/comments/1ohw8en/really_stuck_on_which_iphone_17_pro_colour/,really stuck iphone pro colour really stuck iphone pro colour getting new pro soon soo stuck colours liked orange people said get sick fast noe dumbfounded no idea luv,negative,-0.8716,sadness,0.5559
1nn4kxc,Iphone 17 is better than the Air,"Iphone 17 is better than the Air Iphone 17 is better than the Air Hey guys, first off, this isn't me telling you what to get, everyone has their own priorities and some people just want to try something new i get that. Im just thinking outloud.

If your main driver has been the base iphone, the thinness of the air will not wow you as much as ppl who come from Pros. The base iphone is not that much thicker in the first place. This was what happened with me and other ppl who also use base iphones. For example my gf still runs a 13 mini and to her the air is still a bigger phone. i also prefer the size of the base iphone to the air, i dont need a 6.5 inch screen because i start to be cognizent of a big phone in my pocket.

Aside from that the base iphone is literally a pro this year without an extra camera and vapor cooler for $200 less.

Aesthetically, I still think the base iphone looks better, there isnt any ""plateau"" bump that reminds me of a pixel, its just the 2 cameras and the rest of phone is flush. Clean and Simple and looks like an ""iphone"" and not an iphone pixel hybrid.

UPDATE: airpod 2 officially delayed, oh how this post has aged like wine. To all you copium addicts in the comments (the ones who dont have money to blow), yes you were one of the few dumb enough to pay a pro phone price for phone with less performance and options than a base model just so u can get a phone 6% lighter. Enjoy your battery pack. The vast majority of apple fans were not that dumb.",iphone,19,100,1758490969.0,https://www.reddit.com/r/iphone/comments/1nn4kxc/iphone_17_is_better_than_the_air/,iphone better air iphone better air hey guys first telling get everyone priorities people want try something new get im thinking outloud main driver base iphone thinness air not wow much ppl come pros base iphone not much thicker first place happened ppl also use base iphones example gf still runs mini air still bigger phone also prefer size base iphone air dont need inch screen start cognizent big phone pocket aside base iphone literally pro year without extra camera vapor cooler less aesthetically still think base iphone looks better isnt plateau bump reminds pixel cameras rest phone flush clean simple looks like iphone not iphone pixel hybrid update airpod officially delayed oh post aged like wine copium addicts comments ones dont money blow yes one dumb enough pay pro phone price phone less performance options base model get phone lighter enjoy battery pack vast majority apple fans not dumb,positive,0.8927,surprise,0.4832
1ju93sv,How to get rid of useless Apple Intelligence and save 5GB,How to get rid of useless Apple Intelligence and save 5GB How to get rid of useless Apple Intelligence and save 5GB,iphone,4823,435,1744103007.0,https://i.redd.it/vtqz7epotkte1.jpeg,get rid useless apple intelligence save gb get rid useless apple intelligence save gb,positive,0.7906,sadness,0.4187
1r7isqu,iPhone 17 Pro screen broke from a 40 cm drop… would you repair it or wait?,"iPhone 17 Pro screen broke from a 40 cm drop… would you repair it or wait? iPhone 17 Pro screen broke from a 40 cm drop… would you repair it or wait? I think I might be one of the unluckiest persons 

I bought my iPhone 17 Pro in Japan, and it fell from about 40 cm (around 1.3 feet). It had a case and a screen protector on… and somehow the screen still shattered. The phone is 100% functional — no touch issues, no display problems besides the cracked glass.

Here’s my dilemma:

In my country, replacing the screen costs about $550 USD, and it’s not an official Apple Store — it’s an authorized distributor/service provider.

My original plan was to trade it in when the next generation comes out.

So I’m wondering:

	•	Would you replace the screen now?

	•	Would you wait and try to get it repaired at an official Apple Store (maybe cheaper or safer)?

	•	Would you just keep using it cracked and trade it in later?

	•	Any other options I’m not considering?

Since it’s fully functional, I’m struggling with the idea of spending $550 on a repair if I’ll upgrade soon anyway.

Curious what you would do in my situation.",iphone,0,56,1771362450.0,https://i.redd.it/9ys2ul1zd4kg1.jpeg,iphone pro screen broke cm drop would repair wait iphone pro screen broke cm drop would repair wait think might one unluckiest persons bought iphone pro japan fell cm around feet case screen protector somehow screen still shattered phone functional no touch issues no display problems besides cracked glass dilemma country replacing screen costs usd not official apple store authorized distributo provider original plan trade next generation comes wondering would replace screen would wait try get repaired official apple store maybe cheaper safer would keep using cracked trade later options not considering since fully functional struggling idea spending repair upgrade soon anyway curious would situation,negative,-0.8865,surprise,0.5171
1nkh9ku,iphone 16 pro max or iphone 17,iphone 16 pro max or iphone 17 iphone 16 pro max or iphone 17 I'm currently using an s8+. I think it's about time for an upgrade. Help me decide which one should I get. thanks,iphone,19,100,1758222429.0,https://www.reddit.com/r/iphone/comments/1nkh9ku/iphone_16_pro_max_or_iphone_17/,iphone pro max iphone iphone pro max iphone currently using think time upgrade help decide one get thanks,positive,0.6808,neutral,0.7081
1nxo9yk,iPhone 4s vs iPhone 17 Pro,iPhone 4s vs iPhone 17 Pro iPhone 4s vs iPhone 17 Pro,iPhoneography,6914,307,1759565506.0,https://www.reddit.com/gallery/1nxo9yk,iphone vs iphone pro iphone vs iphone pro,neutral,0.0,neutral,0.5928
1pkky2c,iphone 17 pro,iphone 17 pro iphone 17 pro,iPhoneography,1991,93,1765520824.0,https://www.reddit.com/gallery/1pkky2c,iphone pro iphone pro,neutral,0.0,neutral,0.8525
1nn1x7v,first day with the iphone 17 pro,first day with the iphone 17 pro first day with the iphone 17 pro,iPhoneography,1895,77,1758484638.0,https://www.reddit.com/gallery/1nn1x7v,first day iphone pro first day iphone pro,positive,0.0,neutral,0.3582
1nz7jj9,A couple shots I snapped this morning with the 4x lens on the iPhone 17 Pro!,A couple shots I snapped this morning with the 4x lens on the iPhone 17 Pro! A couple shots I snapped this morning with the 4x lens on the iPhone 17 Pro!,iPhoneography,1723,76,1759718448.0,https://www.reddit.com/gallery/1nz7jj9,couple shots snapped morning lens iphone pro couple shots snapped morning lens iphone pro,neutral,0.0,neutral,0.5223
1ny7bg8,Can’t seem to stop zooming in. Shot on iPhone 17 Pro Max.,Can’t seem to stop zooming in. Shot on iPhone 17 Pro Max. Can’t seem to stop zooming in. Shot on iPhone 17 Pro Max.,iPhoneography,1550,80,1759616409.0,https://www.reddit.com/gallery/1ny7bg8,seem stop zooming shot iphone pro max seem stop zooming shot iphone pro max,negative,-0.5267,neutral,0.4911
1o1czwa,Snowdonia shot on iPhone 17 Pro using Analogue. No edits.,"Snowdonia shot on iPhone 17 Pro using Analogue. No edits. Snowdonia shot on iPhone 17 Pro using Analogue. No edits. Storm Amy showed up this weekend, so naturally (like any responsible adults) we went to Wales… straight towards it. No phone reception, no internet, and at times no power. But hey, the moody weather delivered.",iPhoneography,1382,73,1759935802.0,https://www.reddit.com/gallery/1o1czwa,snowdonia shot iphone pro using analogue no edits snowdonia shot iphone pro using analogue no edits storm amy showed weekend naturally like responsible adults went wales straight towards no phone reception no internet times no power hey moody weather delivered,negative,-0.7003,joy,0.7045
1ohnsuu,What I see v/s what I take on the iPhone 17 Pro,What I see v/s what I take on the iPhone 17 Pro What I see v/s what I take on the iPhone 17 Pro The,iPhoneography,1315,60,1761592919.0,https://www.reddit.com/gallery/1ohnsuu,see take iphone pro see take iphone pro,neutral,0.0,neutral,0.6999
1oezexg,After/Before - iPhone 17 Pro stock camera,After/Before - iPhone 17 Pro stock camera After/Before - iPhone 17 Pro stock camera Edited in Snapseed. Shot straight from the stock camera. Took this during one of my trips to nyc. I loved wandering through the neighborhoods across the river in New Jersey,iPhoneography,796,100,1761316526.0,https://www.reddit.com/gallery/1oezexg,afte iphone pro stock camera afte iphone pro stock camera edited snapseed shot straight stock camera took one trips nyc loved wandering neighborhoods across river new jersey,positive,0.7003,neutral,0.4108
1oi6oqu,"Bruges, Belgium. iPhone 17 Pro, Telephoto lens","Bruges, Belgium. iPhone 17 Pro, Telephoto lens Bruges, Belgium. iPhone 17 Pro, Telephoto lens",iPhoneography,1433,51,1761650583.0,https://www.reddit.com/gallery/1oi6oqu,bruges belgium iphone pro telephoto lens bruges belgium iphone pro telephoto lens,neutral,0.0,neutral,0.7896
1pb9k2j,"Shot on iPhone 17 Pro, Edited with VSCO","Shot on iPhone 17 Pro, Edited with VSCO Shot on iPhone 17 Pro, Edited with VSCO",iPhoneography,1505,28,1764585547.0,https://i.redd.it/lrc48tjrmk4g1.jpeg,shot iphone pro edited vsco shot iphone pro edited vsco,neutral,0.0,neutral,0.6346
1q78mfa,iPhone 17 Pro Max,"iPhone 17 Pro Max iPhone 17 Pro Max My cold shots from this December.
Edited with Lightroom Mobile.",iPhoneography,675,55,1767869004.0,https://www.reddit.com/gallery/1q78mfa,iphone pro max iphone pro max cold shots december edited lightroom mobile,negative,0.0,neutral,0.5478
1qq2tny,"Barbican / London, shot on iPhone 17 Pro with Analogue.","Barbican / London, shot on iPhone 17 Pro with Analogue. Barbican / London, shot on iPhone 17 Pro with Analogue.",iPhoneography,870,34,1769674424.0,https://www.reddit.com/gallery/1qq2tny,barbican london shot iphone pro analogue barbican london shot iphone pro analogue,neutral,0.0,neutral,0.7935
1p68kj0,London shot on iPhone 17 Pro using Analogue.,London shot on iPhone 17 Pro using Analogue. London shot on iPhone 17 Pro using Analogue.,iPhoneography,1025,39,1764064585.0,https://www.reddit.com/gallery/1p68kj0,london shot iphone pro using analogue london shot iphone pro using analogue,neutral,0.0,neutral,0.8252
1o901j5,iPhone 17 Pro Max (Raw),iPhone 17 Pro Max (Raw) iPhone 17 Pro Max (Raw) I took this pics using the default camera app and then color graded the Raw file in Lightroom. The location is Victoria Harbour in Hong Kong.,iPhoneography,925,46,1760704376.0,https://www.reddit.com/gallery/1o901j5,iphone pro max raw iphone pro max raw took pics using default camera app color graded raw file lightroom location victoria harbour hong kong,negative,0.0,neutral,0.5985
1o3dw62,Zooming in. Shot on iPhone 17 Pro Max.,Zooming in. Shot on iPhone 17 Pro Max. Zooming in. Shot on iPhone 17 Pro Max.,iPhoneography,956,37,1760132402.0,https://www.reddit.com/gallery/1o3dw62,zooming shot iphone pro max zooming shot iphone pro max,neutral,0.0,neutral,0.7035
1qi2u2w,İphone 17 Pro Max,İphone 17 Pro Max İphone 17 Pro Max,iPhoneography,854,24,1768920042.0,https://i.redd.it/yw8u6n1hnieg1.jpeg,phone pro max phone pro max,neutral,0.0,neutral,0.9074
1nu01ar,A few of my favourite shots I've snapped over the past few days with the iPhone 17 Pro!,A few of my favourite shots I've snapped over the past few days with the iPhone 17 Pro! A few of my favourite shots I've snapped over the past few days with the iPhone 17 Pro!,iPhoneography,891,42,1759195399.0,https://www.reddit.com/gallery/1nu01ar,favourite shots snapped past days iphone pro favourite shots snapped past days iphone pro,negative,0.0,joy,0.9056
1rj1a7z,iPhone 17 Pro Max,"iPhone 17 Pro Max iPhone 17 Pro Max iPhone 17 Pro Max

Color graded in Adobe Lightroom Mobile",iPhoneography,559,32,1772476999.0,https://i.redd.it/uhkqsrz3gomg1.jpeg,iphone pro max iphone pro max iphone pro max color graded adobe lightroom mobile,neutral,0.0,neutral,0.6616
1r96u37,Iphone 17 pro,"Iphone 17 pro Iphone 17 pro I was working and i take the first couple of serious photos with my iphone 17 pro, edited in lightroom mobile.",iPhoneography,756,22,1771525104.0,https://www.reddit.com/gallery/1r96u37,iphone pro iphone pro working take first couple serious photos iphone pro edited lightroom mobile,negative,-0.0772,sadness,0.9274
1qdiq6j,iPhone 17 Pro Max Night Sky & Moon,"iPhone 17 Pro Max Night Sky & Moon iPhone 17 Pro Max Night Sky & Moon A few night sky and moon shots taken in the 17 Pro Max. First pic is made using the 30s exposure time in Night Mode.
Color Graded in Lightroom Mobile.",iPhoneography,655,34,1768481646.0,https://www.reddit.com/gallery/1qdiq6j,iphone pro max night sky moon iphone pro max night sky moon night sky moon shots taken pro max first pic made using exposure time night mode color graded lightroom mobile,positive,0.0,neutral,0.4112
1olv04z,Rome iPhone 17 Pro Max,Rome iPhone 17 Pro Max Rome iPhone 17 Pro Max,iPhoneography,947,31,1762021309.0,https://www.reddit.com/gallery/1olv04z,rome iphone pro max rome iphone pro max,neutral,0.0,neutral,0.8146
1oelb79,View from balcony. iPhone 17 Pro. New York City,View from balcony. iPhone 17 Pro. New York City View from balcony. iPhone 17 Pro. New York City,iPhoneography,930,32,1761270248.0,https://i.redd.it/3ukykclpsywf1.jpeg,view balcony iphone pro new york city view balcony iphone pro new york city,positive,0.0,neutral,0.4327
1pwzmw5,Edinburgh. iPhone 17 pro/lightroom,Edinburgh. iPhone 17 pro/lightroom Edinburgh. iPhone 17 pro/lightroom,iPhoneography,904,21,1766847183.0,https://www.reddit.com/gallery/1pwzmw5,edinburgh iphone pro lightroom edinburgh iphone pro lightroom,neutral,0.0,neutral,0.7171
1opvpuj,London shot on iPhone 17 Pro using Analogue.,London shot on iPhone 17 Pro using Analogue. London shot on iPhone 17 Pro using Analogue.,iPhoneography,1022,23,1762426023.0,https://www.reddit.com/gallery/1opvpuj,london shot iphone pro using analogue london shot iphone pro using analogue,neutral,0.0,neutral,0.8252
1nv38oe,Morning walk with my iPhone 17,Morning walk with my iPhone 17 Morning walk with my iPhone 17,iPhoneography,693,46,1759309549.0,https://www.reddit.com/gallery/1nv38oe,morning walk iphone morning walk iphone,neutral,0.0,neutral,0.7206
1nx5gs7,First weeks with iPhone 17 Pro!,First weeks with iPhone 17 Pro! First weeks with iPhone 17 Pro! First weeks testing the iPhone 17 Pro cameras. I really like the new telephoto lens!,iPhoneography,885,30,1759512393.0,https://www.reddit.com/gallery/1nx5gs7,first weeks iphone pro first weeks iphone pro first weeks testing iphone pro cameras really like new telephoto lens,positive,0.4201,joy,0.4494
1oo4r1i,"Bruges, Belgium - iPhone 17 Pro","Bruges, Belgium - iPhone 17 Pro Bruges, Belgium - iPhone 17 Pro",iPhoneography,863,26,1762254955.0,https://www.reddit.com/gallery/1oo4r1i,bruges belgium iphone pro bruges belgium iphone pro,neutral,0.0,neutral,0.638
1q83eqw,Shot on iPhone 17 Pro Telephoto lens (RAW + unedited),"Shot on iPhone 17 Pro Telephoto lens (RAW + unedited) Shot on iPhone 17 Pro Telephoto lens (RAW + unedited) Shot these photos during my recent trip to Abu Dhabi. Using 4x and 8x lens, RAW format and uploaded straight from my Photos app without any edits.",iPhoneography,580,30,1767949217.0,https://www.reddit.com/gallery/1q83eqw,shot iphone pro telephoto lens raw unedited shot iphone pro telephoto lens raw unedited shot photos recent trip abu dhabi using lens raw format uploaded straight photos app without edits,positive,0.2263,neutral,0.5918
1o8e9dh,Roma iPhone 17 Pro Max,Roma iPhone 17 Pro Max Roma iPhone 17 Pro Max,iPhoneography,989,22,1760639588.0,https://www.reddit.com/gallery/1o8e9dh,roma iphone pro max roma iphone pro max,neutral,0.0,neutral,0.5589
1rfpje6,The Doha skyline shot on an iPhone 17 Pro Max.,The Doha skyline shot on an iPhone 17 Pro Max. The Doha skyline shot on an iPhone 17 Pro Max.,iPhoneography,699,12,1772147063.0,https://i.redd.it/7ah6mlb27xlg1.jpeg,doha skyline shot iphone pro max doha skyline shot iphone pro max,neutral,0.0,neutral,0.3794
1oa17ol,Frankfurt iPhone 17 Pro (4x),Frankfurt iPhone 17 Pro (4x) Frankfurt iPhone 17 Pro (4x),iPhoneography,1101,15,1760807167.0,https://www.reddit.com/gallery/1oa17ol,frankfurt iphone pro frankfurt iphone pro,neutral,0.0,neutral,0.8078
1pn4rr5,"Northern lights iPhone 17 Pro, Lightroom","Northern lights iPhone 17 Pro, Lightroom Northern lights iPhone 17 Pro, Lightroom",iPhoneography,752,17,1765796969.0,https://i.redd.it/95msej0woc7g1.jpeg,northern lights iphone pro lightroom northern lights iphone pro lightroom,neutral,0.0,neutral,0.8202
1nqh27z,iPhone 17 Pro shot on iPhone 17 Air w/ Halide,iPhone 17 Pro shot on iPhone 17 Air w/ Halide iPhone 17 Pro shot on iPhone 17 Air w/ Halide Had to get a snap. Not bad!,iPhoneography,645,35,1758830673.0,https://i.redd.it/8eki5ndjadrf1.jpeg,iphone pro shot iphone air halide iphone pro shot iphone air halide get snap not bad,positive,0.431,anger,0.9488
1qs3j8w,Darjeeling looked unreal - all shot on my iPhone 17 Pro,"Darjeeling looked unreal - all shot on my iPhone 17 Pro Darjeeling looked unreal - all shot on my iPhone 17 Pro Just got back from a short winter escape to Darjeeling and tried to capture as much as I could on my iPhone 17 Pro.  

All photos are handheld, no external lens – a mix of misty hills, tea gardens, and snowy peaks.

Happy to share exact spots if anyone’s planning a trip soon.  

What’s your favourite frame, and would you visit Darjeeling in winter or prefer the greener months?",iPhoneography,328,35,1769869124.0,https://www.reddit.com/gallery/1qs3j8w,darjeeling looked unreal shot iphone pro darjeeling looked unreal shot iphone pro got back short winter escape darjeeling tried capture much could iphone pro photos handheld no external lens mix misty hills tea gardens snowy peaks happy share exact spots anyone planning trip soon favourite frame would visit darjeeling winter prefer greener months,positive,0.6597,surprise,0.6995
1q1ws2y,iPhone 17 pro,iPhone 17 pro iPhone 17 pro,iPhoneography,717,13,1767354978.0,https://www.reddit.com/gallery/1q1ws2y,iphone pro iphone pro,neutral,0.0,neutral,0.8525
1qq4ymg,iPhone 17 Pro Mad Street Photography,"iPhone 17 Pro Mad Street Photography iPhone 17 Pro Mad Street Photography iPhone 17 Pro Max Street Photography

Color graded in Lightroom Mobile",iPhoneography,281,39,1769682227.0,https://www.reddit.com/gallery/1qq4ymg,iphone pro mad street photography iphone pro mad street photography iphone pro max street photography color graded lightroom mobile,negative,-0.7506,neutral,0.4191
1o5nxk0,THIS is and always will be the problem with iPhone cameras. iPhone 17 pro.,"THIS is and always will be the problem with iPhone cameras. iPhone 17 pro. THIS is and always will be the problem with iPhone cameras. iPhone 17 pro. It doesn't matter if you can shoot Prores RAW - until they do something about this it will always be obvious it was shot on an iPhone. Vivo x200 pro used as a control, both phones shot simultaneously and synced in post. Audio comparison just for fun.",iPhoneography,199,80,1760371635.0,https://v.redd.it/6w2v3pzqjwuf1,always problem iphone cameras iphone pro always problem iphone cameras iphone pro matter shoot prores raw something always obvious shot iphone vivo pro used control phones shot simultaneously synced post audio comparison fun,negative,-0.5267,sadness,0.4504
1qrbfld,Tokyo | iPhone 17 Pro + Moment Camera II,"Tokyo | iPhone 17 Pro + Moment Camera II Tokyo | iPhone 17 Pro + Moment Camera II Natural Processing Raw with Moment Camera II - 

LR edit",iPhoneography,584,14,1769793097.0,https://i.redd.it/z6rm078irigg1.jpeg,tokyo iphone pro moment camera ii tokyo iphone pro moment camera ii natural processing raw moment camera ii lr edit,positive,0.3612,neutral,0.5495
1rm1hzo,iPhone 17 Pro Max On A Golf Course Sunrise,iPhone 17 Pro Max On A Golf Course Sunrise iPhone 17 Pro Max On A Golf Course Sunrise Edited on Adobe Lightroom,iPhoneography,426,17,1772763769.0,https://i.redd.it/h839um1r4cng1.jpeg,iphone pro max golf course sunrise iphone pro max golf course sunrise edited adobe lightroom,neutral,0.0,neutral,0.6311
1qvkrsw,Shot on iPhone 17 Pro,Shot on iPhone 17 Pro Shot on iPhone 17 Pro Shot my entire vacation on it and didnt regret a single thing,iPhoneography,426,22,1770199891.0,https://www.reddit.com/gallery/1qvkrsw,shot iphone pro shot iphone pro shot entire vacation didnt regret single thing,positive,0.3252,sadness,0.9738
1ojz5tr,iPhone 16 pro vs IPhone 17,"iPhone 16 pro vs IPhone 17 iPhone 16 pro vs IPhone 17 I’m really upset at how poor my 16 pros camera quality seems to be now. Is it conspiratorial to believe that it’s truly software related? Apple sending patches to degrade the quality of the camera as soon as the new phone comes out? 

Granted these two pictures weren’t taken at the same time and ofc have different framing, but I (16 pro) was looking at my photos and then my partner (17) noticed that she took a very similar photo and I was floored at how much nicer hers was",iPhoneography,353,48,1761829512.0,https://www.reddit.com/gallery/1ojz5tr,iphone pro vs iphone iphone pro vs iphone really upset poor pros camera quality seems conspiratorial believe truly software related apple sending patches degrade quality camera soon new phone comes granted two pictures taken time ofc different framing pro looking photos partner noticed took similar photo floored much nicer,negative,-0.3338,surprise,0.533
1otel3s,Mazatlán - iPhone 17 at 4x - and vertical. Trying something new!,Mazatlán - iPhone 17 at 4x - and vertical. Trying something new! Mazatlán - iPhone 17 at 4x - and vertical. Trying something new!,iPhoneography,404,39,1762783391.0,https://www.reddit.com/gallery/1otel3s,mazatl iphone vertical trying something new mazatl iphone vertical trying something new,positive,0.0,neutral,0.6019
1qyseaz,iPhone 17,"iPhone 17 iPhone 17 a few favorite photos of mine, hope you enjoy.",iPhoneography,377,24,1770505656.0,https://www.reddit.com/gallery/1qyseaz,iphone iphone favorite photos mine hope enjoy,positive,0.8442,joy,0.9842
1qcu6l1,iphone 17 pro,iphone 17 pro iphone 17 pro shot with halide process zero and edited with photomator and davinci,iPhoneography,554,14,1768413253.0,https://i.redd.it/lfj2t58jscdg1.jpeg,iphone pro iphone pro shot halide process zero edited photomator davinci,neutral,0.0,neutral,0.7872
1ololjb,iPhone 17 Pro Fusion camera is insane,iPhone 17 Pro Fusion camera is insane iPhone 17 Pro Fusion camera is insane,iPhoneography,359,41,1762005737.0,https://www.reddit.com/gallery/1ololjb,iphone pro fusion camera insane iphone pro fusion camera insane,negative,-0.6597,surprise,0.5219
1ropold,Central America on iPhone 17 Pro,"Central America on iPhone 17 Pro Central America on iPhone 17 Pro First post here, sharing some pictures of my travels through Mexico and Central America, all shot on iPhone 17 Pro.",iPhoneography,324,19,1773027793.0,https://www.reddit.com/gallery/1ropold,central america iphone pro central america iphone pro first post sharing pictures travels mexico central america shot iphone pro,positive,0.4215,joy,0.4619
1nvsy83,Convincing myself I don't need the 17 - iPhone 14 Pro + Lightroom,Convincing myself I don't need the 17 - iPhone 14 Pro + Lightroom Convincing myself I don't need the 17 - iPhone 14 Pro + Lightroom,iPhoneography,517,31,1759375201.0,https://i.redd.it/ylqtrukj9msf1.jpeg,convincing need iphone pro lightroom convincing need iphone pro lightroom,positive,0.6597,neutral,0.5634
1q12kqv,Japan 2025 - Shot on iPhone 17 Pro - Moment Camera Pro II,Japan 2025 - Shot on iPhone 17 Pro - Moment Camera Pro II Japan 2025 - Shot on iPhone 17 Pro - Moment Camera Pro II,iPhoneography,397,25,1767268481.0,https://www.reddit.com/gallery/1q12kqv,japan shot iphone pro moment camera pro ii japan shot iphone pro moment camera pro ii,neutral,0.0,joy,0.4178
1nyjfls,I am happy with my iPhone X camera (here is recent pic i made). But looking at photos you guys are taking with iPhone 17 is making me sell a kidney and buy that phone.,I am happy with my iPhone X camera (here is recent pic i made). But looking at photos you guys are taking with iPhone 17 is making me sell a kidney and buy that phone. I am happy with my iPhone X camera (here is recent pic i made). But looking at photos you guys are taking with iPhone 17 is making me sell a kidney and buy that phone.,iPhoneography,291,51,1759655371.0,https://i.redd.it/n5oep0eue9tf1.jpeg,happy iphone camera recent pic made looking photos guys taking iphone making sell kidney buy phone happy iphone camera recent pic made looking photos guys taking iphone making sell kidney buy phone,positive,0.8126,joy,0.8016
1nwyhqp,Iphone 17 ProMax camera is incredible,Iphone 17 ProMax camera is incredible Iphone 17 ProMax camera is incredible I took this picture by just pointing the phone to the sky. Not possible before with my 16 PM. Now iPhone rivals Samsung camera.,iPhoneography,449,31,1759496458.0,https://i.redd.it/54jypnmbawsf1.jpeg,iphone promax camera incredible iphone promax camera incredible took picture pointing phone sky not possible pm iphone rivals samsung camera,positive,0.0,surprise,0.8027
1pol7dh,USPS Driver in the Snow - iPhone 17 Pro Max,USPS Driver in the Snow - iPhone 17 Pro Max USPS Driver in the Snow - iPhone 17 Pro Max,iPhoneography,533,11,1765939230.0,https://i.redd.it/qqlc83tyfo7g1.jpeg,usps driver snow iphone pro max usps driver snow iphone pro max,neutral,0.0,neutral,0.7338
1ofnsf4,iPhone 17 Pro in x Shanghai x Beijing,"iPhone 17 Pro in x Shanghai x Beijing iPhone 17 Pro in x Shanghai x Beijing This was my first trip to China, exploring Shanghai and Beijing. I usually travel with my mirrorless camera for photography, but having just upgraded to the iPhone 17 Pro (from the 13 Pro), I decided to give myself a little challenge: capture the entire trip only on my iPhone.

It’s the first time I’ve done something like this, and I have to say, I was pleasantly surprised by the results! Not having to carry my main camera felt incredibly liberating. It was refreshing to have my “camera” always in my pocket, ready to whip out whenever I saw something worth shooting.

All photos were taken in Apple ProRAW and edited directly in Lightroom Mobile on the iPhone. I’m really impressed by the sensor’s performance, though I did try to avoid low-light scenes since anything above ISO 800 still feels a bit too noisy for my liking.

Overall, this experiment turned out to be a game-changing experience. I thoroughly enjoyed both the trip and the process of seeing how far mobile photography has come. Hope you enjoy some of the shots!",iPhoneography,514,16,1761386500.0,https://www.reddit.com/gallery/1ofnsf4,iphone pro shanghai beijing iphone pro shanghai beijing first trip china exploring shanghai beijing usually travel mirrorless camera photography upgraded iphone pro pro decided give little challenge capture entire trip iphone first time done something like say pleasantly surprised results not carry main camera felt incredibly liberating refreshing camera always pocket ready whip whenever saw something worth shooting photos taken apple proraw edited directly lightroom mobile iphone really impressed sensor performance though try avoid low light scenes since anything iso still feels bit noisy liking overall experiment turned game changing experience thoroughly enjoyed trip process seeing far mobile photography come hope enjoy shots,positive,0.967,joy,0.7104
1q9bc41,End of Christmas season as seen on my iPhone 17 Pro,"End of Christmas season as seen on my iPhone 17 Pro End of Christmas season as seen on my iPhone 17 Pro Christian Holiday of Epiphany marks last day of Christmas' season in my country.

Luckily for all of us outside, temperatures dropped, and snow has started as an extra spice.

People loved this photo on my Instagram so hopefully you will enjoy it too.

There is not so hidden hint where this was taken in the photo, try to spot it.

Wish you all the best!",iPhoneography,404,12,1768069244.0,https://i.redd.it/inzr8a6mdkcg1.jpeg,end christmas season seen iphone pro end christmas season seen iphone pro christian holiday epiphany marks last day christmas season country luckily us outside temperatures dropped snow started extra spice people loved photo instagram hopefully enjoy not hidden hint taken photo try spot wish best,positive,0.9709,joy,0.7911
1peyr9n,Recent Iphone 17 Shots,Recent Iphone 17 Shots Recent Iphone 17 Shots,iPhoneography,362,20,1764950364.0,https://www.reddit.com/gallery/1peyr9n,recent iphone shots recent iphone shots,neutral,0.0,neutral,0.7967
1ojyp9j,Libya with the iPhone 17 Pro 🇱🇾,Libya with the iPhone 17 Pro 🇱🇾 Libya with the iPhone 17 Pro 🇱🇾 Shot on Apple ProRAW,iPhoneography,468,16,1761828319.0,https://www.reddit.com/gallery/1ojyp9j,libya iphone pro libya iphone pro shot apple proraw,neutral,0.0,neutral,0.797
1q1hpz0,"20 shots from 2025. Shot on iPhone 17 Pro Max, 16 Pro Max, and iPhone Air","20 shots from 2025. Shot on iPhone 17 Pro Max, 16 Pro Max, and iPhone Air 20 shots from 2025. Shot on iPhone 17 Pro Max, 16 Pro Max, and iPhone Air",iPhoneography,360,14,1767308020.0,https://www.reddit.com/gallery/1q1hpz0,shots shot iphone pro max pro max iphone air shots shot iphone pro max pro max iphone air,neutral,0.0,neutral,0.5855
1ol3mre,Pocket sized 200mm lens is much better than I thought. iPhone 17 pro appreciation post.,"Pocket sized 200mm lens is much better than I thought. iPhone 17 pro appreciation post. Pocket sized 200mm lens is much better than I thought. iPhone 17 pro appreciation post. Note that these are unedited and right out of my camera roll. So used to having to carry around my Sony with 70-200 to get shots like this. The fact that this is now in my pocket is wild. Not the same quality as my Sony, but for quick pics it’s crazy.",iPhoneography,343,24,1761938266.0,https://www.reddit.com/gallery/1ol3mre,pocket sized mm lens much better thought iphone pro appreciation post pocket sized mm lens much better thought iphone pro appreciation post note unedited right camera roll used carry around sony get shots like fact pocket wild not quality sony quick pics crazy,positive,0.91,surprise,0.4822
1rfku5b,Shot on iPhone 17 Pro Max + 72mm Tetraprism Lens,Shot on iPhone 17 Pro Max + 72mm Tetraprism Lens Shot on iPhone 17 Pro Max + 72mm Tetraprism Lens,iPhoneography,286,10,1772136424.0,https://i.redd.it/tqqfmoubbwlg1.jpeg,shot iphone pro max mm tetraprism lens shot iphone pro max mm tetraprism lens,neutral,0.0,neutral,0.6948
1o3al17,1x vs 0.5x taken on iPhone 17,"1x vs 0.5x taken on iPhone 17 1x vs 0.5x taken on iPhone 17 Really happy with iPhone 17. I upgraded from 12. Such a big leap👍🏼

This camera performance is enough for me.",iPhoneography,395,22,1760124738.0,https://www.reddit.com/gallery/1o3al17,vs taken iphone vs taken iphone really happy iphone upgraded big leap camera performance enough,positive,0.6115,joy,0.583
1o0x4mo,First weekend w/ the iPhone 17 Pro Max,"First weekend w/ the iPhone 17 Pro Max First weekend w/ the iPhone 17 Pro Max So after a week and a half (and as much as I was in love with almost everything about it) I made the tough call to exchange my iPhone Air for the 17 Pro Max. After years with multiple focal lengths in my pocket the transition back to a single lens just felt too limiting  :/

I’m still feeling a little uneasy about it, but after honestly after having the Pro Max all weekend, I’m just *floored* by the flexibility (and fidelity) of the cameras—even vs prior generation Pros—and it did a lot to ease my mind about the decision. 

Shots here are a mix of sooc from the Leica LUX app, mood.camera and a few RAWs from the camera app processed in LR",iPhoneography,399,21,1759886054.0,https://www.reddit.com/gallery/1o0x4mo,first weekend iphone pro max first weekend iphone pro max week half much love almost everything made tough call exchange iphone air pro max years multiple focal lengths pocket transition back single lens felt limiting still feeling little uneasy honestly pro max weekend floored flexibility fidelity cameras even vs prior generation pros lot ease mind decision shots mix sooc leica lux app mood camera raws camera app processed lr,positive,0.8683,fear,0.9918
1oq1la8,iPhone 17 pro max - setup for my next trip,"iPhone 17 pro max - setup for my next trip iPhone 17 pro max - setup for my next trip Feels good, like a camera!",iPhoneography,121,48,1762442180.0,https://www.reddit.com/gallery/1oq1la8,iphone pro max setup next trip iphone pro max setup next trip feels good like camera,positive,0.6597,joy,0.9385
1pkbhv4,Shot on iPhone 17 Pro Max + Telephoto 58mm Lens,Shot on iPhone 17 Pro Max + Telephoto 58mm Lens Shot on iPhone 17 Pro Max + Telephoto 58mm Lens,iPhoneography,335,17,1765493352.0,https://i.redd.it/hrgvm2b4mn6g1.jpeg,shot iphone pro max telephoto mm lens shot iphone pro max telephoto mm lens,neutral,0.0,neutral,0.6356
1qci1qk,iPhone 17 Pro Max Street Photography,iPhone 17 Pro Max Street Photography iPhone 17 Pro Max Street Photography iPhone 17 Pro Max Street Photography. This time I used a VND filter to control the Night Mode exposure time. Color graded in Lightroom Mobile.,iPhoneography,227,19,1768379422.0,https://www.reddit.com/gallery/1qci1qk,iphone pro max street photography iphone pro max street photography iphone pro max street photography time used vnd filter control night mode exposure time color graded lightroom mobile,neutral,0.0,neutral,0.522
1pqi72r,"in the nature, shot on iPhone 17 Pro","in the nature, shot on iPhone 17 Pro in the nature, shot on iPhone 17 Pro",iPhoneography,356,11,1766141463.0,https://www.reddit.com/gallery/1pqi72r,nature shot iphone pro nature shot iphone pro,neutral,0.0,neutral,0.5694
1q6077y,Some photos of St Paul’s Cathedral in London. Shot on iPhone 17 pro max.,Some photos of St Paul’s Cathedral in London. Shot on iPhone 17 pro max. Some photos of St Paul’s Cathedral in London. Shot on iPhone 17 pro max.,iPhoneography,348,8,1767745479.0,https://www.reddit.com/gallery/1q6077y,photos st paul cathedral london shot iphone pro max photos st paul cathedral london shot iphone pro max,neutral,0.0,neutral,0.454
1r347db,Shot on iPhone 17 Pro Max + Tetraprism Lens,Shot on iPhone 17 Pro Max + Tetraprism Lens Shot on iPhone 17 Pro Max + Tetraprism Lens,iPhoneography,287,7,1770927436.0,https://i.redd.it/qrbg079fg4jg1.jpeg,shot iphone pro max tetraprism lens shot iphone pro max tetraprism lens,neutral,0.0,neutral,0.6667
1nvhg5o,Unfortunately not on the new iPhone 17 - 13PM edited in LR,"Unfortunately not on the new iPhone 17 - 13PM edited in LR Unfortunately not on the new iPhone 17 - 13PM edited in LR Few simple beach shots from beautiful Palma Mallorca, Spain. Shot on 13PM and edited in Lightroom classic. If you like my shots please drop me a follow on insta @shotbyqk",iPhoneography,328,22,1759345813.0,https://www.reddit.com/gallery/1nvhg5o,unfortunately not new iphone pm edited lr unfortunately not new iphone pm edited lr simple beach shots beautiful palma mallorca spain shot pm edited lightroom classic like shots please drop follow insta shotbyqk,positive,0.4215,sadness,0.6316
1r6yw8f,iPhone 17 pro using Moment camera II,iPhone 17 pro using Moment camera II iPhone 17 pro using Moment camera II,iPhoneography,157,16,1771310665.0,https://i.redd.it/2mkjiel040kg1.jpeg,iphone pro using moment camera ii iphone pro using moment camera ii,neutral,0.0,neutral,0.5668
1ospjl5,Random shots on my iPhone 17 pro max,Random shots on my iPhone 17 pro max Random shots on my iPhone 17 pro max,iPhoneography,287,19,1762710135.0,https://www.reddit.com/gallery/1ospjl5,random shots iphone pro max random shots iphone pro max,negative,0.0,neutral,0.6053
1nlsxwl,Testing the iPhone 17 pro max,Testing the iPhone 17 pro max Testing the iPhone 17 pro max,iPhoneography,378,18,1758357613.0,https://www.reddit.com/gallery/1nlsxwl,testing iphone pro max testing iphone pro max,neutral,0.0,neutral,0.8856
1pw08bd,Canary Wharf in London. Shot on iPhone 17 Pro with Analogue.,Canary Wharf in London. Shot on iPhone 17 Pro with Analogue. Canary Wharf in London. Shot on iPhone 17 Pro with Analogue. All photos are straight out of camera.,iPhoneography,330,9,1766740902.0,https://www.reddit.com/gallery/1pw08bd,canary wharf london shot iphone pro analogue canary wharf london shot iphone pro analogue photos straight camera,positive,0.2263,neutral,0.5958
1os3cjs,The views. Shot on iPhone 17 Pro Max.,The views. Shot on iPhone 17 Pro Max. The views. Shot on iPhone 17 Pro Max.,iPhoneography,491,5,1762643198.0,https://i.redd.it/fuwhs1y6740g1.jpeg,views shot iphone pro max views shot iphone pro max,neutral,0.0,neutral,0.6822
1p5vipn,iPhone 17 Pro 4x Zoom @ SF,iPhone 17 Pro 4x Zoom @ SF iPhone 17 Pro 4x Zoom @ SF Testing the new zoom lens in San Francisco,iPhoneography,413,7,1764023804.0,https://www.reddit.com/gallery/1p5vipn,iphone pro zoom sf iphone pro zoom sf testing new zoom lens san francisco,positive,0.0,joy,0.4417
1q33o7y,"Dos Aguas, iPhone 17.","Dos Aguas, iPhone 17. Dos Aguas, iPhone 17.",iPhoneography,369,4,1767468575.0,https://i.redd.it/qdxm4ynir6bg1.jpeg,dos aguas iphone dos aguas iphone,neutral,0.0,neutral,0.7798
1rafudm,Having so much fun with my iPhone 17 Pro!,Having so much fun with my iPhone 17 Pro! Having so much fun with my iPhone 17 Pro!,iPhoneography,225,7,1771642738.0,https://www.reddit.com/gallery/1rafudm,much fun iphone pro much fun iphone pro,positive,0.765,joy,0.922
1r3jt85,iPhone 17 Pro Max Weekly Dump,"iPhone 17 Pro Max Weekly Dump iPhone 17 Pro Max Weekly Dump iPhone 17 Pro Max Weekly Dump

Color Graded in Lightroom Mobile",iPhoneography,156,14,1770971125.0,https://www.reddit.com/gallery/1r3jt85,iphone pro max weekly dump iphone pro max weekly dump iphone pro max weekly dump color graded lightroom mobile,negative,-0.7783,neutral,0.7767
1osusuh,iPhone 17 Pro is really impressing me!,"iPhone 17 Pro is really impressing me! iPhone 17 Pro is really impressing me! 1st shot is from the main sensor and the 2nd shot is at 8x times zoom! 

1st shot is ProRaw edited and Lightroom and the 2nd is standard heic.",iPhoneography,329,13,1762722434.0,https://www.reddit.com/gallery/1osusuh,iphone pro really impressing iphone pro really impressing st shot main sensor nd shot times zoom st shot proraw edited lightroom nd standard heic,positive,0.8218,surprise,0.4437
1q2xyss,Chamonix on iPhone 17 Pro,Chamonix on iPhone 17 Pro Chamonix on iPhone 17 Pro,iPhoneography,286,9,1767455567.0,https://www.reddit.com/gallery/1q2xyss,chamonix iphone pro chamonix iphone pro,neutral,0.0,neutral,0.7236
1qnar22,"Recently joined iPhone team with iPhone 17 pm, what should I use ?","Recently joined iPhone team with iPhone 17 pm, what should I use ? Recently joined iPhone team with iPhone 17 pm, what should I use ? I just switched to iPhone ( never had one in my hole Life ), and I just love the caméra quality compared to what I used to have.

But one thing, i dont know anything about caméra settings. What caméra settings should I use ( some vidéos to help maybe )/ apps/ tips to do better pics.

Thanks to any advice !",iPhoneography,77,26,1769417048.0,https://www.reddit.com/gallery/1qnar22,recently joined iphone team iphone pm use recently joined iphone team iphone pm use switched iphone never one hole life love cam ra quality compared used one thing dont know anything cam ra settings cam ra settings use vid os help maybe apps tips better pics thanks advice,positive,0.9136,surprise,0.4408
1rpvgwh,iPhone 17 Pro Max [CONTRASTS],"iPhone 17 Pro Max [CONTRASTS] iPhone 17 Pro Max [CONTRASTS] iPhone 17 Pro Max

Lightroom Mobile

Took a few shots in the Bucharest North Railway station. Went for contrasts, shadows and soft lights. The cinematic vision I have already got you used to. Hope you enjoy!",iPhoneography,130,11,1773145433.0,https://www.reddit.com/gallery/1rpvgwh,iphone pro max contrasts iphone pro max contrasts iphone pro max lightroom mobile took shots bucharest north railway station went contrasts shadows soft lights cinematic vision already got used hope enjoy,positive,0.7964,joy,0.6468
1pp6279,"Horseshoe Bend, iPhone 17","Horseshoe Bend, iPhone 17 Horseshoe Bend, iPhone 17",iPhoneography,355,5,1766000744.0,https://i.redd.it/y9e33xjwit7g1.jpeg,horseshoe bend iphone horseshoe bend iphone,neutral,0.0,neutral,0.7333
1rghvo0,iPhone 17 Pro Max,"iPhone 17 Pro Max iPhone 17 Pro Max iPhone 17 Pro Max

Lightroom Mobile",iPhoneography,167,9,1772224006.0,https://i.redd.it/x2g610muj3mg1.jpeg,iphone pro max iphone pro max iphone pro max lightroom mobile,neutral,0.0,neutral,0.7266
1qj4h3c,iPhone 17 Pro Max [Bucharest Metro],"iPhone 17 Pro Max [Bucharest Metro] iPhone 17 Pro Max [Bucharest Metro] Shot on iPhone 17 Pro Max

Color graded in Lightroom Mobile",iPhoneography,270,6,1769017027.0,https://www.reddit.com/gallery/1qj4h3c,iphone pro max bucharest metro iphone pro max bucharest metro shot iphone pro max color graded lightroom mobile,neutral,0.0,neutral,0.4722
1nteby2,iPhone 17 Pro & CineGlow,"iPhone 17 Pro & CineGlow iPhone 17 Pro & CineGlow Went on a photo walk with my 17 Pro as we got our first rain of the season in Mykonos, Greece today so it was a nice change of atmosphere.
All photos were shot RAW and then edited on Lightroom with my CineGlow preset!",iPhoneography,234,24,1759141371.0,https://www.reddit.com/gallery/1nteby2,iphone pro cineglow iphone pro cineglow went photo walk pro got first rain season mykonos greece today nice change atmosphere photos shot raw edited lightroom cineglow preset,positive,0.4215,joy,0.6414
1pbjqf9,"Osaka Castle, Japan - iPhone 17 Pro Max","Osaka Castle, Japan - iPhone 17 Pro Max Osaka Castle, Japan - iPhone 17 Pro Max",iPhoneography,342,7,1764611871.0,https://i.redd.it/zar3w3g2tm4g1.jpeg,osaka castle japan iphone pro max osaka castle japan iphone pro max,neutral,0.0,neutral,0.6065
1rn9549,Romance in the dark. (Shot on iPhone 17 pro),Romance in the dark. (Shot on iPhone 17 pro) Romance in the dark. (Shot on iPhone 17 pro),iPhoneography,137,9,1772887633.0,https://i.redd.it/cqvn72n5dmng1.jpeg,romance dark shot iphone pro romance dark shot iphone pro,positive,0.802,neutral,0.5481
1qk4xey,Some pics around the city | iPhone 17 Pro,Some pics around the city | iPhone 17 Pro Some pics around the city | iPhone 17 Pro,iPhoneography,197,10,1769111804.0,https://www.reddit.com/gallery/1qk4xey,pics around city iphone pro pics around city iphone pro,neutral,0.0,neutral,0.476
1olcumz,Shot with iPhone 17 pro without filter or editing looks amazing.,Shot with iPhone 17 pro without filter or editing looks amazing. Shot with iPhone 17 pro without filter or editing looks amazing.,iPhoneography,330,10,1761963835.0,https://www.reddit.com/gallery/1olcumz,shot iphone pro without filter editing looks amazing shot iphone pro without filter editing looks amazing,positive,0.8225,surprise,0.6274
1r7g2fw,My favorites oh the last days! iPhone 17 pro max,My favorites oh the last days! iPhone 17 pro max My favorites oh the last days! iPhone 17 pro max Feedback is greatly appreciated!,iPhoneography,142,10,1771356543.0,https://www.reddit.com/gallery/1r7g2fw,favorites oh last days iphone pro max favorites oh last days iphone pro max feedback greatly appreciated,positive,0.8479,joy,0.72
1pngob4,Shot on iPhone 17 Pro,Shot on iPhone 17 Pro Shot on iPhone 17 Pro Calm.,iPhoneography,285,7,1765827145.0,https://i.redd.it/55e8xz5p6f7g1.jpeg,shot iphone pro shot iphone pro calm,positive,0.3182,neutral,0.6826
1osgzl2,Shit on iPhone 17 pro max edited on LR,Shit on iPhone 17 pro max edited on LR Shit on iPhone 17 pro max edited on LR,iPhoneography,150,23,1762687452.0,https://www.reddit.com/gallery/1osgzl2,shit iphone pro max edited lr shit iphone pro max edited lr,negative,-0.802,sadness,0.3097
1rr0a65,iPhone 17 Pro Max,"iPhone 17 Pro Max iPhone 17 Pro Max iPhone 17 Pro Max

Lightroom Mobile",iPhoneography,109,9,1773250180.0,https://i.redd.it/32rejb27bgog1.jpeg,iphone pro max iphone pro max iphone pro max lightroom mobile,neutral,0.0,neutral,0.7266
1pogzyz,"Croatia, Bosnia and Bulgaria on iPhone 17 Pro","Croatia, Bosnia and Bulgaria on iPhone 17 Pro Croatia, Bosnia and Bulgaria on iPhone 17 Pro Honestly amazed by how good some of these shots look out of my phone. Edited in Lightroom, but every one of these was taken in the native camera app.",iPhoneography,221,11,1765927489.0,https://www.reddit.com/gallery/1pogzyz,croatia bosnia bulgaria iphone pro croatia bosnia bulgaria iphone pro honestly amazed good shots look phone edited lightroom every one taken native camera app,positive,0.8442,surprise,0.9797
1ptiu3f,iPhone 17 pro shot with a 75mm macro lens from moment,iPhone 17 pro shot with a 75mm macro lens from moment iPhone 17 pro shot with a 75mm macro lens from moment,iPhoneography,261,7,1766458600.0,https://www.reddit.com/gallery/1ptiu3f,iphone pro shot mm macro lens moment iphone pro shot mm macro lens moment,neutral,0.0,surprise,0.4394
1o8pz54,iPhone 17 Pro Max,"iPhone 17 Pro Max iPhone 17 Pro Max I took this pics with an iPhone 17 pro max, no additional equipment, shot on raw 48mp then graded in Lightroom.",iPhoneography,206,20,1760669400.0,https://www.reddit.com/gallery/1o8pz54,iphone pro max iphone pro max took pics iphone pro max no additional equipment shot raw mp graded lightroom,negative,-0.296,neutral,0.4785
1qzbb8c,iPhone 17 Pro Max | Malacca Strait,"iPhone 17 Pro Max | Malacca Strait iPhone 17 Pro Max | Malacca Strait Hi guys! This is my first post on this subreddit, please do give me advice on what to improve!",iPhoneography,101,14,1770563371.0,https://www.reddit.com/gallery/1qzbb8c,iphone pro max malacca strait iphone pro max malacca strait hi guys first post subreddit please give advice improve,positive,0.6369,neutral,0.8911
1ocs79q,Crazy zoom on the iPhone 17 Pro (swipe to see the 1x),Crazy zoom on the iPhone 17 Pro (swipe to see the 1x) Crazy zoom on the iPhone 17 Pro (swipe to see the 1x) 40x vs 8x vs 4x vs 2x vs 1x on the new iPhone 17 Pro,iPhoneography,217,18,1761088438.0,https://www.reddit.com/gallery/1ocs79q,crazy zoom iphone pro swipe see crazy zoom iphone pro swipe see vs vs vs vs new iphone pro,negative,-0.5859,surprise,0.639
1ob8rx8,iPhone really improved their camera performance this year. iPhone 17 pro max vs Xiaomi 15 ultra,"iPhone really improved their camera performance this year. iPhone 17 pro max vs Xiaomi 15 ultra iPhone really improved their camera performance this year. iPhone 17 pro max vs Xiaomi 15 ultra Both shot at 200mm equivalent (8x) with the flowers blowing in the wind. Really impressed with the telephoto and overall quality on the iPhone this year. Had the 16 pro max and definitely notice an improvement. 

No adjustments made, straight from camera. 

1st image: iPhone
2nd: Xiaomi.",iPhoneography,102,31,1760928889.0,https://www.reddit.com/gallery/1ob8rx8,iphone really improved camera performance year iphone pro max vs xiaomi ultra iphone really improved camera performance year iphone pro max vs xiaomi ultra shot mm equivalent flowers blowing wind really impressed telephoto overall quality iphone year pro max definitely notice improvement no adjustments made straight camera st image iphone nd xiaomi,positive,0.939,surprise,0.8249
1rcmgp0,iPhone 17 Pro Edited with Photos App - Fire Show in the Maldives,"iPhone 17 Pro Edited with Photos App - Fire Show in the Maldives iPhone 17 Pro Edited with Photos App - Fire Show in the Maldives Basic edits in the photos editing options, used the Amber photographic style. iPhone 17 Pro :)",iPhoneography,130,8,1771864920.0,https://i.redd.it/ffi8z8x3w9lg1.jpeg,iphone pro edited photos app fire show maldives iphone pro edited photos app fire show maldives basic edits photos editing options used amber photographic style iphone pro,negative,-0.5859,neutral,0.7179
1rumw61,Alguns registros com o iPhone 17 Pro Max. Edição e filtros com o Photomator da Apple.,Alguns registros com o iPhone 17 Pro Max. Edição e filtros com o Photomator da Apple. Alguns registros com o iPhone 17 Pro Max. Edição e filtros com o Photomator da Apple.,iPhoneography,40,14,1773602143.0,https://www.reddit.com/gallery/1rumw61,alguns registros com iphone pro max edi filtros com photomator da apple alguns registros com iphone pro max edi filtros com photomator da apple,neutral,0.0,neutral,0.8368
1pxu359,"iPhone 17 Pro, Edited in Adobe Lightroom","iPhone 17 Pro, Edited in Adobe Lightroom iPhone 17 Pro, Edited in Adobe Lightroom Rime 🧊☁️",iPhoneography,265,5,1766935946.0,https://www.reddit.com/gallery/1pxu359,iphone pro edited adobe lightroom iphone pro edited adobe lightroom rime,neutral,0.0,neutral,0.822
1pkcff5,"Seahorse, iPhone 17","Seahorse, iPhone 17 Seahorse, iPhone 17",iPhoneography,239,9,1765495792.0,https://i.redd.it/1wvfca2ftn6g1.jpeg,seahorse iphone seahorse iphone,neutral,0.0,neutral,0.8424
1rpdryl,Golden Gate Bridge. iPhone 17 Pro,Golden Gate Bridge. iPhone 17 Pro Golden Gate Bridge. iPhone 17 Pro,iPhoneography,161,3,1773092613.0,https://www.reddit.com/gallery/1rpdryl,golden gate bridge iphone pro golden gate bridge iphone pro,positive,0.0,neutral,0.637
1nshq26,Recents from iPhone 17 Pro,Recents from iPhone 17 Pro Recents from iPhone 17 Pro Edited in Lightroom,iPhoneography,258,16,1759042805.0,https://www.reddit.com/gallery/1nshq26,recents iphone pro recents iphone pro edited lightroom,neutral,0.0,neutral,0.8563
1qb3cjq,Norway | iPhone 17 Pro,"Norway | iPhone 17 Pro Norway | iPhone 17 Pro Weekend trip in Norway and it was the perfect chance to practice with my new iPhone 17 Pro after switching from standard iPhone 13. I'm loving the possibilities these cameras give you and looking forward to take more shots. 

I shot in ProRaw and edit with Lightroom, while I used Cameramark to frame the pictures. I'm super open to recommendations as I'm just a beginner.",iPhoneography,157,11,1768243516.0,https://www.reddit.com/gallery/1qb3cjq,norway iphone pro norway iphone pro weekend trip norway perfect chance practice new iphone pro switching standard iphone loving possibilities cameras give looking forward take shots shot proraw edit lightroom used cameramark frame pictures super open recommendations beginner,positive,0.926,joy,0.5506
1r7d4o3,Night mode on iPhone 17 Pro,Night mode on iPhone 17 Pro Night mode on iPhone 17 Pro,iPhoneography,123,9,1771350474.0,https://i.redd.it/4235fq59e3kg1.jpeg,night mode iphone pro night mode iphone pro,neutral,0.0,neutral,0.8316
1r55xmp,UK | iPhone 17 pro | Lightroom,UK | iPhone 17 pro | Lightroom UK | iPhone 17 pro | Lightroom,iPhoneography,108,10,1771131586.0,https://www.reddit.com/gallery/1r55xmp,uk iphone pro lightroom uk iphone pro lightroom,neutral,0.0,neutral,0.8152
1o6pw6n,First light on Ha Ling Peak! Shot on iPhone 17 pro,First light on Ha Ling Peak! Shot on iPhone 17 pro First light on Ha Ling Peak! Shot on iPhone 17 pro,iPhoneography,388,4,1760471726.0,https://i.redd.it/igsdm7i8u4vf1.jpeg,first light ha ling peak shot iphone pro first light ha ling peak shot iphone pro,positive,0.5859,neutral,0.6292
1q1h5pn,Snowflakes on Glass - iPhone 17 Pro Max - NEEWER 45x microscope lens,Snowflakes on Glass - iPhone 17 Pro Max - NEEWER 45x microscope lens Snowflakes on Glass - iPhone 17 Pro Max - NEEWER 45x microscope lens,iPhoneography,163,10,1767306617.0,https://www.reddit.com/gallery/1q1h5pn,snowflakes glass iphone pro max neewer microscope lens snowflakes glass iphone pro max neewer microscope lens,neutral,0.0,neutral,0.7186
1nqhk78,Clicked this on the new iPhone 17. Help me learn photography,"Clicked this on the new iPhone 17. Help me learn photography Clicked this on the new iPhone 17. Help me learn photography Hello all, I am M26, recently stopped using (substance abuse) trying to build a hobby like shot on iPhone kind of thing. What else can I go for as videos are a hassle to edit.",iPhoneography,64,36,1758831832.0,https://i.redd.it/twtvbjc1edrf1.jpeg,clicked new iphone help learn photography clicked new iphone help learn photography hello recently stopped using substance abuse trying build hobby like shot iphone kind thing else go videos hassle edit,positive,0.6369,neutral,0.443
1or4bsl,"Victoria Memorial, Kolkata, India, with the ki iPhone 17 PM.","Victoria Memorial, Kolkata, India, with the ki iPhone 17 PM. Victoria Memorial, Kolkata, India, with the ki iPhone 17 PM. Even without AI enhancements, nighttime zoom shots turn out to be pretty decent!
First picture on the native ios app, second one using Project Indigo. Edited in Snapseed. Would love to get suggestions on how to improve!",iPhoneography,210,12,1762544993.0,https://www.reddit.com/gallery/1or4bsl,victoria memorial kolkata india ki iphone pm victoria memorial kolkata india ki iphone pm even without ai enhancements nighttime zoom shots turn pretty decent first picture native ios app second one using project indigo edited snapseed would love get suggestions improve,positive,0.8834,joy,0.618
1q7offc,Recent shots from iPhone 17 Pro Max + Macro 100mm Lens,Recent shots from iPhone 17 Pro Max + Macro 100mm Lens Recent shots from iPhone 17 Pro Max + Macro 100mm Lens,iPhoneography,160,8,1767907279.0,https://www.reddit.com/gallery/1q7offc,recent shots iphone pro max macro mm lens recent shots iphone pro max macro mm lens,neutral,0.0,neutral,0.5751
1nt4s4e,iPhone 17 Pro + 8x telephoto + Boston,iPhone 17 Pro + 8x telephoto + Boston iPhone 17 Pro + 8x telephoto + Boston Edited in Lightroom using CineGlow preset by @alexandros.visuals,iPhoneography,195,17,1759107460.0,https://www.reddit.com/gallery/1nt4s4e,iphone pro telephoto boston iphone pro telephoto boston edited lightroom using cineglow preset alexandros visuals,neutral,0.0,neutral,0.743
1o9bhw9,Arch at Night on iPhone 17 Pro,Arch at Night on iPhone 17 Pro Arch at Night on iPhone 17 Pro,iPhoneography,222,12,1760731097.0,https://www.reddit.com/gallery/1o9bhw9,arch night iphone pro arch night iphone pro,neutral,0.0,neutral,0.677
1pry39u,"Out my window, iPhone 17 Pro Max","Out my window, iPhone 17 Pro Max Out my window, iPhone 17 Pro Max",iPhoneography,212,5,1766292712.0,https://i.redd.it/8thclas2nh8g1.jpeg,window iphone pro max window iphone pro max,neutral,0.0,neutral,0.7741
1ru8mye,iPhone 17 pro max: a cruise ship,iPhone 17 pro max: a cruise ship iPhone 17 pro max: a cruise ship A cruise ship at Puerto del Rosario.,iPhoneography,21,11,1773562935.0,https://i.redd.it/913f09e656pg1.jpeg,iphone pro max cruise ship iphone pro max cruise ship cruise ship puerto del rosario,neutral,0.0,neutral,0.791
1qvnu7k,Shot on iPhone 17 pro,Shot on iPhone 17 pro Shot on iPhone 17 pro,iPhoneography,173,2,1770209774.0,https://i.redd.it/eto7m08i6hhg1.jpeg,shot iphone pro shot iphone pro,neutral,0.0,neutral,0.671
1qar9yp,Camera app for iPhone 17 Pro,"Camera app for iPhone 17 Pro Camera app for iPhone 17 Pro Hey guys, i’m looking for a pro camera app for photograph, i’m not a pro so i use final cut camera for videos but couldn’t find a decent camera app for photography. One time purchase is okay for me but I don’t want to subscribe any camera app monthly. What I saw camera apps while searching was pro camera app and moment pro camera 2 and pro camera by moment(I don’t know the differences). I want to achieve film look shots and long exposure shots(like 5-10-15 seconds). What do you recommend?

I attached the shot by me with default iPhone 17 Pro camera and edited in lightroom",iPhoneography,11,22,1768213111.0,https://i.redd.it/g63asq4e9wcg1.jpeg,camera app iphone pro camera app iphone pro hey guys looking pro camera app photograph not pro use final cut camera videos find decent camera app photography one time purchase okay want subscribe camera app monthly saw camera apps searching pro camera app moment pro camera pro camera moment know differences want achieve film look shots long exposure shots like seconds recommend attached shot default iphone pro camera edited lightroom,positive,0.6597,joy,0.6789
1nrx48m,New 100mm lens on iPhone 17 pro max is quite good for what it is,"New 100mm lens on iPhone 17 pro max is quite good for what it is New 100mm lens on iPhone 17 pro max is quite good for what it is Taken in HEIC, just minor color grade changes. This is a type of picture that is exceptionally hard to do well with phone lenses in the past.",iPhoneography,239,12,1758984539.0,https://i.redd.it/y6o79lg40qrf1.jpeg,new mm lens iphone pro max quite good new mm lens iphone pro max quite good taken heic minor color grade changes type picture exceptionally hard well phone lenses past,positive,0.7947,joy,0.4113
1pz24ig,Went on a Christmas photo walk in London. All shot on iPhone 17 Pro Max.,Went on a Christmas photo walk in London. All shot on iPhone 17 Pro Max. Went on a Christmas photo walk in London. All shot on iPhone 17 Pro Max. Link to full photowalk video here : https://youtu.be/UESoZlZPEB4,iPhoneography,188,5,1767051877.0,https://www.reddit.com/gallery/1pz24ig,went christmas photo walk london shot iphone pro max went christmas photo walk london shot iphone pro max link full photowalk video,positive,0.0,joy,0.4665
1pgi7ce,Japan + iPhone 17 pro,"Japan + iPhone 17 pro Japan + iPhone 17 pro My first time in Japan, currently in Tokyo just exploring the city. Took all these photos via iPhone 17 pro. Few adjustments via Lightroom mobile.",iPhoneography,204,6,1765113613.0,https://www.reddit.com/gallery/1pgi7ce,japan iphone pro japan iphone pro first time japan currently tokyo exploring city took photos via iphone pro adjustments via lightroom mobile,positive,0.0,surprise,0.5632
1ousisi,Northern Lights from Alberta Canada. Taken on a IPhone 17 Pro Max.,Northern Lights from Alberta Canada. Taken on a IPhone 17 Pro Max. Northern Lights from Alberta Canada. Taken on a IPhone 17 Pro Max.,iPhoneography,217,8,1762912654.0,https://www.reddit.com/gallery/1ousisi,northern lights alberta canada taken iphone pro max northern lights alberta canada taken iphone pro max,neutral,0.0,neutral,0.8359
1rngybc,iPhone 17 Pro Max,"iPhone 17 Pro Max iPhone 17 Pro Max iPhone 17 Pro Max

Lightroom Mobile",iPhoneography,82,4,1772907183.0,https://i.redd.it/7eup917aznng1.jpeg,iphone pro max iphone pro max iphone pro max lightroom mobile,neutral,0.0,neutral,0.7266
1o6ekuh,"iPhone 17 Pro, no edits, but how would you edit it?","iPhone 17 Pro, no edits, but how would you edit it? iPhone 17 Pro, no edits, but how would you edit it? I don't actually know if I'm satisfied or bored. Not doing this often but loved the color of the sky. But besides the color it's bland in my opinion. What would make this better?",iPhoneography,137,17,1760446123.0,https://i.redd.it/z2m10uaxp2vf1.jpeg,iphone pro no edits would edit iphone pro no edits would edit actually know satisfied bored not often loved color sky besides color bland opinion would make better,negative,-0.449,joy,0.3485
1r1tp1h,My night shots with Iphone 17 pro max,My night shots with Iphone 17 pro max My night shots with Iphone 17 pro max,iPhoneography,106,4,1770805136.0,https://www.reddit.com/gallery/1r1tp1h,night shots iphone pro max night shots iphone pro max,neutral,0.0,neutral,0.8006
1pa0ae7,Autumn vibes. Shot on iPhone 17 PM,Autumn vibes. Shot on iPhone 17 PM Autumn vibes. Shot on iPhone 17 PM,iPhoneography,190,6,1764451621.0,https://www.reddit.com/gallery/1pa0ae7,autumn vibes shot iphone pm autumn vibes shot iphone pm,neutral,0.0,joy,0.4448
1rfnu18,Reflection | iPhone 17 Pro,"Reflection | iPhone 17 Pro Reflection | iPhone 17 Pro I tried playing a bit with reflections and shadows today. First pic is a reflection on water and I like it as it kinda reminds me of impressionist paintings.

All pics shot on ProRaw and edited in Lightroom",iPhoneography,79,4,1772143137.0,https://www.reddit.com/gallery/1rfnu18,reflection iphone pro reflection iphone pro tried playing bit reflections shadows today first pic reflection water like kinda reminds impressionist paintings pics shot proraw edited lightroom,positive,0.6151,neutral,0.5415
1om46mn,iPhone 17 pro max 4x + Lightroom,"iPhone 17 pro max 4x + Lightroom iPhone 17 pro max 4x + Lightroom Rain, window, sunset.",iPhoneography,286,2,1762044950.0,https://i.redd.it/rq4h22pasqyf1.jpeg,iphone pro max lightroom iphone pro max lightroom rain window sunset,neutral,0.0,neutral,0.627
1pc7ns0,Shot on iPhone 17 Pro,Shot on iPhone 17 Pro Shot on iPhone 17 Pro,iPhoneography,194,5,1764679980.0,https://i.redd.it/rxijmldlfs4g1.jpeg,shot iphone pro shot iphone pro,neutral,0.0,neutral,0.671
1nm0wnt,Shooting the Night Sky at the Beach with iPhone 14 Pro Max vs 17 Pro Max,"Shooting the Night Sky at the Beach with iPhone 14 Pro Max vs 17 Pro Max Shooting the Night Sky at the Beach with iPhone 14 Pro Max vs 17 Pro Max Same location, same time, same settings. Both shooting in Raw with 30 seconds exposure. Both with the same profile applied in Lightroom.
Picture 1: iPhone 14 Pro Max - Unedited
Picture 2: iPhone 17 Pro Max - Unedited
Picture 3: iPhone 14 Pro Max - edited
Picture 4: iPhone 17 Pro Max - edited

Edit: Added What Phone each photo is.",iPhoneography,55,29,1758381552.0,https://www.reddit.com/gallery/1nm0wnt,shooting night sky beach iphone pro max vs pro max shooting night sky beach iphone pro max vs pro max location time settings shooting raw seconds exposure profile applied lightroom picture iphone pro max unedited picture iphone pro max unedited picture iphone pro max edited picture iphone pro max edited edit added phone photo,negative,0.0,neutral,0.4435
1r8rucw,No Fusion on iPhone 17 Pro,No Fusion on iPhone 17 Pro No Fusion on iPhone 17 Pro,iPhoneography,92,3,1771482499.0,https://i.redd.it/djvsc2vyaekg1.jpeg,no fusion iphone pro no fusion iphone pro,negative,-0.5267,neutral,0.8269
1r5n75q,Shot with Leica Lux on iPhone 17 pro,Shot with Leica Lux on iPhone 17 pro Shot with Leica Lux on iPhone 17 pro,iPhoneography,64,6,1771182878.0,https://i.redd.it/ubtl5jo1kpjg1.jpeg,shot leica lux iphone pro shot leica lux iphone pro,neutral,0.0,neutral,0.7387
1qu1iu2,iPhone 17 Pro Max,iPhone 17 Pro Max iPhone 17 Pro Max,iPhoneography,68,7,1770053403.0,https://www.reddit.com/gallery/1qu1iu2,iphone pro max iphone pro max,neutral,0.0,neutral,0.8086
1ne29u2,"Hi, I am shooting a lot of concert videos with my iPhone 15 pro max - Do you think it is worth moving to 17 pro to get 8x zoom (numeric?) but going from 5x to 4x (optical) ? Thanks 🫡","Hi, I am shooting a lot of concert videos with my iPhone 15 pro max - Do you think it is worth moving to 17 pro to get 8x zoom (numeric?) but going from 5x to 4x (optical) ? Thanks 🫡 Hi, I am shooting a lot of concert videos with my iPhone 15 pro max - Do you think it is worth moving to 17 pro to get 8x zoom (numeric?) but going from 5x to 4x (optical) ? Thanks 🫡",iPhoneography,86,25,1757575024.0,https://i.redd.it/naxew8uwkhof1.jpeg,hi shooting lot concert videos iphone pro max think worth moving pro get zoom numeric going optical thanks hi shooting lot concert videos iphone pro max think worth moving pro get zoom numeric going optical thanks,positive,0.8225,joy,0.8351
1r97uab,City life | iPhone 17 Pro,"City life | iPhone 17 Pro City life | iPhone 17 Pro Felt like playing with this dark and vintage style with these shots. I tried to apply the “frame within a frame” composition.

Shot on ProRaw and edited in Lightroom Mobile",iPhoneography,77,4,1771527262.0,https://www.reddit.com/gallery/1r97uab,city life iphone pro city life iphone pro felt like playing dark vintage style shots tried apply frame within frame composition shot proraw edited lightroom mobile,positive,0.5106,sadness,0.9682
1oozy00,iPhone 17 pro Max,iPhone 17 pro Max iPhone 17 pro Max iPhone 17 pro Max Kodachrome film simulation,iPhoneography,204,6,1762340723.0,https://i.redd.it/drtj4c4s7fzf1.jpeg,iphone pro max iphone pro max iphone pro max kodachrome film simulation,neutral,0.0,neutral,0.6567
1rj6lu8,Amber fort iPhone 17 PM,"Amber fort iPhone 17 PM Amber fort iPhone 17 PM Wanted the dreamy cinematic look 

Beginner here feel free to advice

Shot on iPhone Pro Max 

Edited on LR",iPhoneography,16,8,1772488667.0,https://i.redd.it/ya1j9hqtepmg1.jpeg,amber fort iphone pm amber fort iphone pm wanted dreamy cinematic look beginner feel free advice shot iphone pro max edited lr,positive,0.5106,joy,0.9423
1oiab40,Tame Impala on iPhone 17 Pro,Tame Impala on iPhone 17 Pro Tame Impala on iPhone 17 Pro,iPhoneography,238,3,1761660376.0,https://www.reddit.com/gallery/1oiab40,tame impala iphone pro tame impala iphone pro,negative,0.0,neutral,0.8372
1ruk8ys,iPhone 17 Pro Max My trip to the zoo.,iPhone 17 Pro Max My trip to the zoo. iPhone 17 Pro Max My trip to the zoo.,iPhoneography,26,4,1773596127.0,https://www.reddit.com/gallery/1ruk8ys,iphone pro max trip zoo iphone pro max trip zoo,neutral,0.0,neutral,0.6519
1qqp0zo,Shot on iPhone 17 Pro Max + Retro Filter,Shot on iPhone 17 Pro Max + Retro Filter Shot on iPhone 17 Pro Max + Retro Filter,iPhoneography,98,3,1769730044.0,https://i.redd.it/r9phyjuzjdgg1.jpeg,shot iphone pro max retro filter shot iphone pro max retro filter,neutral,0.0,neutral,0.7177
1qlly6q,Architecture (shot on iPhone 17),"Architecture (shot on iPhone 17) Architecture (shot on iPhone 17) Apartment buildings in Yekaterinburg, the Ural region, Russia.",iPhoneography,65,7,1769258333.0,https://www.reddit.com/gallery/1qlly6q,architecture shot iphone architecture shot iphone apartment buildings yekaterinburg ural region russia,neutral,0.0,surprise,0.4134
1q7ntvz,First portrait of my dog | iPhone 17 Pro,First portrait of my dog | iPhone 17 Pro First portrait of my dog | iPhone 17 Pro,iPhoneography,125,3,1767905966.0,https://i.redd.it/5c15kco3w6cg1.jpeg,first portrait dog iphone pro first portrait dog iphone pro,positive,0.0,neutral,0.4297
1riad9a,iPhone 17 pro max,iPhone 17 pro max iPhone 17 pro max,iPhoneography,51,3,1772402118.0,https://i.redd.it/at4jsz1h9img1.jpeg,iphone pro max iphone pro max,neutral,0.0,neutral,0.8086
1qg5jot,iPhone 17 Pro Max Street Photography,"iPhone 17 Pro Max Street Photography iPhone 17 Pro Max Street Photography iPhone 17 Pro Max Street Photography

Color graded in Lightroom Mobile",iPhoneography,76,6,1768733141.0,https://www.reddit.com/gallery/1qg5jot,iphone pro max street photography iphone pro max street photography iphone pro max street photography color graded lightroom mobile,neutral,0.0,neutral,0.487
1nv3834,Morning walk with my iPhone 17,Morning walk with my iPhone 17 Morning walk with my iPhone 17,iPhoneography,114,16,1759309490.0,https://www.reddit.com/gallery/1nv3834,morning walk iphone morning walk iphone,neutral,0.0,neutral,0.7206
1qzjj3d,Took my iPhone 17 pro around town,Took my iPhone 17 pro around town Took my iPhone 17 pro around town,iPhoneography,99,1,1770581776.0,https://www.reddit.com/gallery/1qzjj3d,took iphone pro around town took iphone pro around town,neutral,0.0,neutral,0.6646
1r8n3ig,iPhone 17 Pro. Chicago looking south from Vintage Pre-war building.,"iPhone 17 Pro. Chicago looking south from Vintage Pre-war building. iPhone 17 Pro. Chicago looking south from Vintage Pre-war building. NoFusion camera app and apple

photos for some minor tweaks.",iPhoneography,38,5,1771468150.0,https://i.redd.it/ly6u72624dkg1.jpeg,iphone pro chicago looking south vintage pre war building iphone pro chicago looking south vintage pre war building nofusion camera app apple photos minor tweaks,negative,-0.8316,neutral,0.4373
1r8i3uq,"iPhone 17 Pro, on the way back home","iPhone 17 Pro, on the way back home iPhone 17 Pro, on the way back home",iPhoneography,51,4,1771455141.0,https://www.reddit.com/gallery/1r8i3uq,iphone pro way back home iphone pro way back home,neutral,0.0,neutral,0.7923
1rem5fr,"Taken on iPhone 17 Pro, Edited in Lightroom Mobile—Free plan","Taken on iPhone 17 Pro, Edited in Lightroom Mobile—Free plan Taken on iPhone 17 Pro, Edited in Lightroom Mobile—Free plan They’re not perfect, but I just like the observational style.",iPhoneography,41,4,1772045541.0,https://www.reddit.com/gallery/1rem5fr,taken iphone pro edited lightroom mobile free plan taken iphone pro edited lightroom mobile free plan not perfect like observational style,positive,0.3595,sadness,0.6291
1qocz0c,iPhone 17 Pro Max - Hometown underground views and vibes,"iPhone 17 Pro Max - Hometown underground views and vibes iPhone 17 Pro Max - Hometown underground views and vibes iPhone 17 Pro Max

Color graded in Lightroom Mobile",iPhoneography,49,7,1769518247.0,https://www.reddit.com/gallery/1qocz0c,iphone pro max hometown underground views vibes iphone pro max hometown underground views vibes iphone pro max color graded lightroom mobile,neutral,0.0,joy,0.6392
1qgwp2l,Sister took this with iPhone 17 Pro Max at sunrise,Sister took this with iPhone 17 Pro Max at sunrise Sister took this with iPhone 17 Pro Max at sunrise,iPhoneography,111,2,1768804200.0,https://i.redd.it/e2xojzf039eg1.jpeg,sister took iphone pro max sunrise sister took iphone pro max sunrise,neutral,0.0,neutral,0.7929
1px3zcg,"iPhone 17 Pro, random shots. edited in Lightroom","iPhone 17 Pro, random shots. edited in Lightroom iPhone 17 Pro, random shots. edited in Lightroom",iPhoneography,78,8,1766858055.0,https://www.reddit.com/gallery/1px3zcg,iphone pro random shots edited lightroom iphone pro random shots edited lightroom,negative,0.0,neutral,0.5697
1qfsg8l,40x zoom vs 0.5x zoom on the iPhone 17 pro max,40x zoom vs 0.5x zoom on the iPhone 17 pro max 40x zoom vs 0.5x zoom on the iPhone 17 pro max No edits,iPhoneography,41,9,1768692880.0,https://www.reddit.com/gallery/1qfsg8l,zoom vs zoom iphone pro max zoom vs zoom iphone pro max no edits,negative,-0.296,neutral,0.6634
1obpted,iPhone 17 Pro Max,iPhone 17 Pro Max iPhone 17 Pro Max Small edits with EXIFrame and Loomis,iPhoneography,210,4,1760985444.0,https://i.redd.it/xb715t9u9bwf1.jpeg,iphone pro max iphone pro max small edits exiframe loomis,negative,0.0,neutral,0.8616
1rltsw1,Shot on iPhone 17 Pro Max + Telephoto 72mm,Shot on iPhone 17 Pro Max + Telephoto 72mm Shot on iPhone 17 Pro Max + Telephoto 72mm,iPhoneography,22,4,1772744981.0,https://i.redd.it/vo53vpzvkang1.jpeg,shot iphone pro max telephoto mm shot iphone pro max telephoto mm,neutral,0.0,neutral,0.5949
1rum7he,iPhone 17 pro,iPhone 17 pro iPhone 17 pro,iPhoneography,27,2,1773600587.0,https://i.redd.it/w278dot499pg1.jpeg,iphone pro iphone pro,neutral,0.0,neutral,0.8525
1oqol4z,Guess the phone,"Guess the phone Guess the phone I just got the new iPhone 17 pro, which i’m really excited for! But try to guess my old iPhone from these photos I took with it😄",iPhoneography,1311,164,1762502471.0,https://www.reddit.com/gallery/1oqol4z,guess phone guess phone got new iphone pro really excited try guess old iphone photos took,positive,0.4005,surprise,0.5804
1rpyd88,Misty walk - iPhone 17 pro max,Misty walk - iPhone 17 pro max Misty walk - iPhone 17 pro max,iPhoneography,9,4,1773152765.0,https://i.redd.it/n91myybj98og1.jpeg,misty walk iphone pro max misty walk iphone pro max,neutral,0.0,neutral,0.5568
1p81iwm,iPhone 17 Pro Max - Thailand,iPhone 17 Pro Max - Thailand iPhone 17 Pro Max - Thailand,iPhoneography,111,7,1764248118.0,https://www.reddit.com/gallery/1p81iwm,iphone pro max thailand iphone pro max thailand,neutral,0.0,neutral,0.8338
1q4n27i,Full moon shot with iPhone 17 Pro Max,Full moon shot with iPhone 17 Pro Max Full moon shot with iPhone 17 Pro Max I had an Oneplus Open that could take moon shots with the help of AI. iPhone does it better without AI.,iPhoneography,53,8,1767623233.0,https://i.redd.it/hpznorzdjjbg1.jpeg,full moon shot iphone pro max full moon shot iphone pro max oneplus open could take moon shots help ai iphone better without ai,positive,0.6808,joy,0.3581
1py8nt0,My top iphone 17 photos so far.,My top iphone 17 photos so far. My top iphone 17 photos so far.,iPhoneography,84,6,1766971594.0,https://i.redd.it/sth66yiqp1ag1.jpeg,top iphone photos far top iphone photos far,positive,0.3818,neutral,0.5066
1o5nq7j,Autumn in New England on the iPhone 17 Pro Max.,"Autumn in New England on the iPhone 17 Pro Max. Autumn in New England on the iPhone 17 Pro Max. Shot at 100mm on Hobart Pond in Whitman, MA.",iPhoneography,201,3,1760371212.0,https://i.redd.it/dcyo7yw6jwuf1.jpeg,autumn new england iphone pro max autumn new england iphone pro max shot mm hobart pond whitman,positive,0.0,neutral,0.5454
1qo27ry,Not super impressed with iPhone 17 Pro Max image quality I am getting. Any advice?,"Not super impressed with iPhone 17 Pro Max image quality I am getting. Any advice? Not super impressed with iPhone 17 Pro Max image quality I am getting. Any advice? I see so many beautiful and crisp photos people are taking with the iPhone 17 but mine never seem to have that detail especially when zooming in. What am I doing wrong? Photo details: Main Camera 24mm, 12MP",iPhoneography,6,10,1769483761.0,https://i.redd.it/8ij8zgbp7tfg1.jpeg,not super impressed iphone pro max image quality getting advice not super impressed iphone pro max image quality getting advice see many beautiful crisp photos people taking iphone mine never seem detail especially zooming wrong photo details main camera mm mp,negative,-0.8714,surprise,0.9621
1o6n7gs,First photos with iPhone 17 pro Max,First photos with iPhone 17 pro Max First photos with iPhone 17 pro Max Practicing my photography skills 🤌🏻🤌🏻 I still have a lot to learn,iPhoneography,176,6,1760465685.0,https://www.reddit.com/gallery/1o6n7gs,first photos iphone pro max first photos iphone pro max practicing photography skills still lot learn,positive,0.0,neutral,0.4147
1pl2ozc,iPhone 17 Pro is destroying my photos!!!!,"iPhone 17 Pro is destroying my photos!!!! iPhone 17 Pro is destroying my photos!!!! My iPhone 17 Pro keeps wrecking my pictures. They look distorted, smeared, and messed up like old darkroom-damaged photos. My old iPhone 12 was way better. I paid almost 2 k€ for this and the camera is still trash

I even contacted Apple, they told me to restore the phone, and if that doesn’t help, just wait for the next iOS update. So basically I can’t take a proper photo until an update that might come “whenever”?

I already tried all the usual settings (Smart HDR off, Live Photo on/off, etc.)
Is there any way to stop this crazy processing without shooting RAW every time?

(First photo is a screen shot in camera app, it means it’s before processing/wrecking)",iPhoneography,0,17,1765572386.0,https://www.reddit.com/gallery/1pl2ozc,iphone pro destroying photos iphone pro destroying photos iphone pro keeps wrecking pictures look distorted smeared messed like old darkroom damaged photos old iphone way better paid almost camera still trash even contacted apple told restore phone help wait next ios update basically take proper photo update might come whenever already tried usual settings smart hdr live photo etc way stop crazy processing without shooting raw every time first photo screen shot camera app means processing wrecking,negative,-0.7783,sadness,0.7234
1oi20kc,iPhone 17 pro max is killer. No edits!,"iPhone 17 pro max is killer. No edits! iPhone 17 pro max is killer. No edits! No edits, thoughts on the pic?",iPhoneography,108,10,1761632271.0,https://i.redd.it/dbf7krt6psxf1.jpeg,iphone pro max killer no edits iphone pro max killer no edits no edits thoughts pic,negative,-0.9024,neutral,0.7375
1rs6gt9,Shot on iPhone 17 Pro Max using a Telephoto 2x Lens & Retro Filter,Shot on iPhone 17 Pro Max using a Telephoto 2x Lens & Retro Filter Shot on iPhone 17 Pro Max using a Telephoto 2x Lens & Retro Filter,iPhoneography,15,2,1773356943.0,https://i.redd.it/q0s7u6kk4pog1.jpeg,shot iphone pro max using telephoto lens retro filter shot iphone pro max using telephoto lens retro filter,neutral,0.0,neutral,0.6697
1r5hvn8,Looking for advice on iPhone 17 pro add-on lenses for tele and macro.,Looking for advice on iPhone 17 pro add-on lenses for tele and macro. Looking for advice on iPhone 17 pro add-on lenses for tele and macro. Just got my new iPhone 17 pro and looking for advice on the various add-on lenses available. I am also concerned about the quality of the cases needed for those extra lenses (are they strong enough to take a fall). Who enjoys them and who things they are a waste of money. Picture taken with these Add-Ons appreciated,iPhoneography,1,7,1771170552.0,https://i.redd.it/e5phjmzdjojg1.jpeg,looking advice iphone pro add lenses tele macro looking advice iphone pro add lenses tele macro got new iphone pro looking advice various add lenses available also concerned quality cases needed extra lenses strong enough take fall enjoys things waste money picture taken add ons appreciated,positive,0.7964,sadness,0.4499
1rav1mp,iPhone 17 pro 4x lens,iPhone 17 pro 4x lens iPhone 17 pro 4x lens,iPhoneography,17,4,1771690410.0,https://i.redd.it/jsd8ja47hvkg1.jpeg,iphone pro lens iphone pro lens,neutral,0.0,neutral,0.7725
1o97aih,iPhone 17 Pro Max (RAW),"iPhone 17 Pro Max (RAW) iPhone 17 Pro Max (RAW) What do you think? iPhone 17 pro max, default cam app, ProRes RAW, LUTs in Lightroom. simple, cinematic. — Man Mo Temple, Hong Kong",iPhoneography,148,7,1760721398.0,https://www.reddit.com/gallery/1o97aih,iphone pro max raw iphone pro max raw think iphone pro max default cam app prores raw luts lightroom simple cinematic man mo temple hong kong,negative,0.0,neutral,0.5777
1rhp8pa,"First time taking my new iPhone 17 PM on a walk in the city. Bonus dog in the end. [Jakarta, Indonesia]","First time taking my new iPhone 17 PM on a walk in the city. Bonus dog in the end. [Jakarta, Indonesia] First time taking my new iPhone 17 PM on a walk in the city. Bonus dog in the end. [Jakarta, Indonesia]",iPhoneography,46,0,1772343854.0,https://www.reddit.com/gallery/1rhp8pa,first time taking new iphone pm walk city bonus dog end jakarta indonesia first time taking new iphone pm walk city bonus dog end jakarta indonesia,positive,0.7906,surprise,0.5446
1r1t2a7,Took some misty photos with my iPhone 17 Pro,Took some misty photos with my iPhone 17 Pro Took some misty photos with my iPhone 17 Pro,iPhoneography,49,2,1770802891.0,https://www.reddit.com/gallery/1r1t2a7,took misty photos iphone pro took misty photos iphone pro,neutral,0.0,sadness,0.3077
1rg1jbt,Peacock gate iPhone 17 pro max need suggestions,"Peacock gate iPhone 17 pro max need suggestions Peacock gate iPhone 17 pro max need suggestions Any suggestions criticisms, I am very new in photography and editing",iPhoneography,15,3,1772182365.0,https://i.redd.it/5nciqq4140mg1.jpeg,peacock gate iphone pro max need suggestions peacock gate iphone pro max need suggestions suggestions criticisms new photography editing,negative,-0.2263,neutral,0.7494
1rhyyxr,Sparrows Zoom Meeting | iPhone 17 Pro Max,Sparrows Zoom Meeting | iPhone 17 Pro Max Sparrows Zoom Meeting | iPhone 17 Pro Max,iPhoneography,29,1,1772376207.0,https://i.redd.it/w0zv6wdf4gmg1.jpeg,sparrows zoom meeting iphone pro max sparrows zoom meeting iphone pro max,neutral,0.0,neutral,0.5201
1ogk6u2,"Akchour, Morocco, Shot on iPhone 17 Pro","Akchour, Morocco, Shot on iPhone 17 Pro Akchour, Morocco, Shot on iPhone 17 Pro 0,5 x vs 5x lens, just mind blowing",iPhoneography,188,2,1761484113.0,https://www.reddit.com/gallery/1ogk6u2,akchour morocco shot iphone pro akchour morocco shot iphone pro vs lens mind blowing,neutral,0.0,surprise,0.6997
1q2mel2,iPhone 17 Pro Max Pics,iPhone 17 Pro Max Pics iPhone 17 Pro Max Pics Got a new 17 Pro Max a couple days ago and have been using the camera to take some flicks. Don’t know how to utilize it in the best way but these are some pictures I took that I personally think that came out okay. Would love some advice and feedback,iPhoneography,33,8,1767418728.0,https://www.reddit.com/gallery/1q2mel2,iphone pro max pics iphone pro max pics got new pro max couple days ago using camera take flicks know utilize best way pictures took personally think came okay would love advice feedback,positive,0.8834,joy,0.4635
1o76svp,2 weeks in Turkey with iPhone 17 pro,2 weeks in Turkey with iPhone 17 pro 2 weeks in Turkey with iPhone 17 pro,iPhoneography,141,7,1760522244.0,https://www.reddit.com/gallery/1o76svp,weeks turkey iphone pro weeks turkey iphone pro,neutral,0.0,neutral,0.8785
1qtq4k0,iPhone 17 Pro Max,"iPhone 17 Pro Max iPhone 17 Pro Max iPhone 17 Pro Max

Color graded in Lightroom Mobile",iPhoneography,33,4,1770023106.0,https://i.redd.it/smeebv4gr1hg1.jpeg,iphone pro max iphone pro max iphone pro max color graded lightroom mobile,neutral,0.0,neutral,0.5932
1rpc2md,Shot on iPhone 17 pro.,Shot on iPhone 17 pro. Shot on iPhone 17 pro.,iPhoneography,15,1,1773088872.0,https://i.redd.it/koqmbwnjz2og1.jpeg,shot iphone pro shot iphone pro,neutral,0.0,neutral,0.671
1qxmj9r,iPhone 17 pro max mounted on a Celestron 6SE - caught plane flying across moon,iPhone 17 pro max mounted on a Celestron 6SE - caught plane flying across moon iPhone 17 pro max mounted on a Celestron 6SE - caught plane flying across moon,iPhoneography,37,3,1770395830.0,https://i.redd.it/z4zra3yqjwhg1.jpeg,iphone pro max mounted celestron se caught plane flying across moon iphone pro max mounted celestron se caught plane flying across moon,neutral,0.0,surprise,0.5713
1q73c3d,iPhone 17 pro 4x San Francisco new years fireworks show,iPhone 17 pro 4x San Francisco new years fireworks show iPhone 17 pro 4x San Francisco new years fireworks show,iPhoneography,85,2,1767850005.0,https://i.redd.it/jr26n3ep92cg1.jpeg,iphone pro san francisco new years fireworks show iphone pro san francisco new years fireworks show,positive,0.0,joy,0.6475
1rj4jbn,Full moon captured by iPhone 17 PM,Full moon captured by iPhone 17 PM Full moon captured by iPhone 17 PM,iPhoneography,12,2,1772484037.0,https://www.reddit.com/gallery/1rj4jbn,full moon captured iphone pm full moon captured iphone pm,positive,0.0,neutral,0.4279
1qy3jrw,City noir. iPhone 17 pro,City noir. iPhone 17 pro City noir. iPhone 17 pro,iPhoneography,54,1,1770436695.0,https://i.redd.it/b8a5ihf9xzhg1.jpeg,city noir iphone pro city noir iphone pro,neutral,0.0,neutral,0.56
1o6alv8,"Bath, iPhone 17 pro max, edited in lightroom","Bath, iPhone 17 pro max, edited in lightroom Bath, iPhone 17 pro max, edited in lightroom",iPhoneography,125,8,1760433329.0,https://www.reddit.com/gallery/1o6alv8,bath iphone pro max edited lightroom bath iphone pro max edited lightroom,neutral,0.0,neutral,0.7847
1pc9vdt,Shot and edited on iPhone 17 Pro,Shot and edited on iPhone 17 Pro Shot and edited on iPhone 17 Pro,iPhoneography,146,1,1764685771.0,https://i.redd.it/ytca52jsws4g1.jpeg,shot edited iphone pro shot edited iphone pro,neutral,0.0,neutral,0.6976
1rmhz0k,Sunrise beach (shot on iPhone 17 Pro edited in Lightroom),Sunrise beach (shot on iPhone 17 Pro edited in Lightroom) Sunrise beach (shot on iPhone 17 Pro edited in Lightroom),iPhoneography,27,0,1772813047.0,https://i.redd.it/s2vvh2dd7gng1.jpeg,sunrise beach shot iphone pro edited lightroom sunrise beach shot iphone pro edited lightroom,neutral,0.0,neutral,0.5297
1r5idci,UK Sights - iPhone 17 Pro,UK Sights - iPhone 17 Pro UK Sights - iPhone 17 Pro Been learning how to edit photos and I'm really happy with how these turned out,iPhoneography,31,2,1771171698.0,https://www.reddit.com/gallery/1r5idci,uk sights iphone pro uk sights iphone pro learning edit photos really happy turned,positive,0.6115,joy,0.7961
1rcqpy2,iPhone 17 Pro Max [Stepping into the matrix],"iPhone 17 Pro Max [Stepping into the matrix] iPhone 17 Pro Max [Stepping into the matrix] iPhone 17 Pro Max

Color Graded in Lightroom Mobile",iPhoneography,20,2,1771873833.0,https://i.redd.it/qreg5c0mmalg1.jpeg,iphone pro max stepping matrix iphone pro max stepping matrix iphone pro max color graded lightroom mobile,neutral,0.0,neutral,0.725
1o89dxc,iPhone 17 Pro - RAW photos blurry,"iPhone 17 Pro - RAW photos blurry iPhone 17 Pro - RAW photos blurry I have upgraded my 13 Pro version to 17 Pro and still learning how to use its cameras correctly, but I found its 48Mpix RAW files kind of blurry.

Here is an example, shot in RAW, exported from Photos as ""Unmodified originals"" and processed in ACR without any sharpering.

I have posted here as well: [https://www.dpreview.com/forums/thread/4819211](https://www.dpreview.com/forums/thread/4819211)

am",iPhoneography,7,21,1760628866.0,https://www.reddit.com/gallery/1o89dxc,iphone pro raw photos blurry iphone pro raw photos blurry upgraded pro version pro still learning use cameras correctly found mpix raw files kind blurry example shot raw exported photos unmodified originals processed acr without sharpering posted well,neutral,0.0992,anger,0.305
1r4y9g4,iPhone 17 Pro camera bugging out,"iPhone 17 Pro camera bugging out iPhone 17 Pro camera bugging out So, I got my phone last October, ever since I updated to 26.2 the camera quality has gone significantly down and the time it takes to process the lighting has gone up massively. Takes soooo long when lighting isn’t perfect, just starts flicking between light and dark as shown in the video; anyways, main issues are: 

• the low zoom camera ( up to 4x ) has terrible quality, very pixelated, as soon as i switch to 4x and above, quality improves

• when you focus and lighting isn’t optimal, takes ages to correct 

• overall speed of camera app has gone down, can’t take phone out and just snap a pic 

Anyways, videos below to show some examples",iPhoneography,0,5,1771109097.0,https://v.redd.it/qiplm9pmgjjg1,iphone pro camera bugging iphone pro camera bugging got phone last october ever since updated camera quality gone significantly time takes process lighting gone massively takes soo long lighting perfect starts flicking light dark shown video anyways main issues low zoom camera terrible quality pixelated soon switch quality improves focus lighting optimal takes ages correct overall speed camera app gone take phone snap pic anyways videos show examples,positive,0.5859,neutral,0.3643
1nm1r5l,First shots off the iPhone 17 Pro Max + Leica LUX app,First shots off the iPhone 17 Pro Max + Leica LUX app First shots off the iPhone 17 Pro Max + Leica LUX app,iPhoneography,80,15,1758383541.0,https://www.reddit.com/gallery/1nm1r5l,first shots iphone pro max leica lux app first shots iphone pro max leica lux app,positive,0.0,neutral,0.54
1rvv4w8,iPhone 17 Pro Max,iPhone 17 Pro Max iPhone 17 Pro Max,iPhoneography,6,0,1773716774.0,https://i.redd.it/gg09568huipg1.jpeg,iphone pro max iphone pro max,neutral,0.0,neutral,0.8086
1piqgzo,iPhone 17 pro max,iPhone 17 pro max iPhone 17 pro max,iPhoneography,125,1,1765332618.0,https://i.redd.it/9by21jd7ca6g1.jpeg,iphone pro max iphone pro max,neutral,0.0,neutral,0.8086
1q3tcf6,Snowflakes on Glass - iPhone 17 Pro Max - NEEWER 45x microscope lens,Snowflakes on Glass - iPhone 17 Pro Max - NEEWER 45x microscope lens Snowflakes on Glass - iPhone 17 Pro Max - NEEWER 45x microscope lens,iPhoneography,88,1,1767542048.0,https://i.redd.it/tcyia6oytcbg1.jpeg,snowflakes glass iphone pro max neewer microscope lens snowflakes glass iphone pro max neewer microscope lens,neutral,0.0,neutral,0.7186
1qrliv9,Sentieri | iPhone 17 Pro + Lightroom,Sentieri | iPhone 17 Pro + Lightroom Sentieri | iPhone 17 Pro + Lightroom,iPhoneography,44,2,1769815181.0,https://i.redd.it/lau3dzd6lkgg1.jpeg,sentieri iphone pro lightroom sentieri iphone pro lightroom,neutral,0.0,neutral,0.8055
1rvl8fm,iPhone 17 Pro,iPhone 17 Pro iPhone 17 Pro,iPhoneography,3,0,1773692968.0,https://i.redd.it/9glmkv0uvgpg1.jpeg,iphone pro iphone pro,neutral,0.0,neutral,0.8525
1rurf8o,Amsterdam | iPhone 17 | Main Camera (cropped in),Amsterdam | iPhone 17 | Main Camera (cropped in) Amsterdam | iPhone 17 | Main Camera (cropped in),iPhoneography,4,0,1773612559.0,https://i.redd.it/zwl13wiq8apg1.jpeg,amsterdam iphone main camera cropped amsterdam iphone main camera cropped,positive,0.0,neutral,0.6943
1pjzyzx,"iPhone 17 Pro Max, Indigo camera app at 4x, RNI Films presets in Lightroom [OC]","iPhone 17 Pro Max, Indigo camera app at 4x, RNI Films presets in Lightroom [OC] iPhone 17 Pro Max, Indigo camera app at 4x, RNI Films presets in Lightroom [OC]",iPhoneography,66,6,1765466065.0,https://i.redd.it/1j448dptcl6g1.jpeg,iphone pro max indigo camera app rni films presets lightroom oc iphone pro max indigo camera app rni films presets lightroom oc,neutral,0.0,neutral,0.7762
1rug6sv,iPhone 17 - My kitten,iPhone 17 - My kitten iPhone 17 - My kitten,iPhoneography,6,0,1773586725.0,https://i.redd.it/znew786x38pg1.jpeg,iphone kitten iphone kitten,neutral,0.0,neutral,0.8503
1rt6mtn,Last Light - iPhone 17 pro max,Last Light - iPhone 17 pro max Last Light - iPhone 17 pro max,iPhoneography,7,0,1773452922.0,https://i.redd.it/1jfqvyy12xog1.jpeg,last light iphone pro max last light iphone pro max,positive,0.0,neutral,0.8635
