id,title,text,subreddit,score,comments,created_utc,url
1rsdhgk,Samsung S26 Ultra shipped with factory defect,"Samsung S26 Ultra shipped with factory defect Recieved with camera lenses housing lifted.  Has anyone else exerience this on Brand New samsung phones? 

#qualityfail#samsung#service",s26ultra,38,32,1773375601.0,https://www.reddit.com/gallery/1rsdhgk
1rekt3n,Galaxy S26 Ultra preorder offers are now up on Samsung Store,"Galaxy S26 Ultra preorder offers are now up on Samsung Store 6.9” AMOLED 2X, 3120×1440, LTPO 1–120Hz

• Snapdragon 8 Elite Gen 5 for Galaxy

• 12GB or 16GB RAM

• 256GB / 512GB / 1TB storage

• Android 16

• Rear cams: 200MP main (f/1.4) + 50MP ultrawide (f/1.9) + 10MP 5x tele (f/2.4) + 50MP 10x “optical quality” tele (f/2.9)

• 12MP selfie (f/2.2)

• 5,000mAh battery

• Super Fast Charging 3.0 + Super Fast Wireless Charging

• 163.6×78.1×7.9mm, 214g

• Colors: Cobalt Violet, Sky Blue, Black, White, Silver Shadow, Pink Gold",s26ultra,3,4,1772042791.0,http://howl.link/qlg1ycsa3gacb
1rpjptc,Samsung Galaxy S26 Ultra Sky Blue Unboxing,Samsung Galaxy S26 Ultra Sky Blue Unboxing,s26ultra,1,0,1773106964.0,/r/galaxys26ultra/comments/1rpjo7q/samsung_galaxy_s26_ultra_sky_blue_unboxing/
1rg21ai,A new higher level of humiliation previously thought to be scientifically impossible...,"A new higher level of humiliation previously thought to be scientifically impossible... There is no 16Gb/512Gb option for S26U, so the option most people would want doesn't exist. ""I'm fine with 12Gb RAM"" you say? No you shouldn't be okay with 12Gb RAM. Have some self respect...",s26ultra,10,44,1772184137.0,https://i.redd.it/dbumopma90mg1.jpeg
1ruemd7,Best antiglare screen protector,"Best antiglare screen protector I have bought 3 protectors and they all produce tons of glare.

*  Spigen [Glas.tR](http://Glas.tR) EZ Fit Pro Tempered Glass Screen Protector for Samsung Galaxy S26 Ultra
* ESR Accessory Glass by Corning™ 3 Pack 9H+ Glass for Samsung Galaxy S26 Ultra Screen Protector
* WSKEN for Samsung Galaxy S26 Ultra Screen Protector

Is there any that you can recommend that isn't too glarey?",s26ultra,8,22,1773582825.0,https://www.reddit.com/r/s26ultra/comments/1ruemd7/best_antiglare_screen_protector/
1ru3mqv,Any case that makes the back sit flat on a table?,"Any case that makes the back sit flat on a table? Hi guys, i really need the snapdragon 8 elite gen 5, yet I think the galaxy s26 ultra looks butt ugly and disgusting when it comes to the design.

Was tempted by the fold 7 but no pen support and the tech is way too old for the price (battery is meh, cameras are meh, although I don't give a crap about the camera quality,  I expect it to be perfect at the asking price)

Wanted to go redmagic 11pro to have a premium and unique feel, and i think it's the last smartphone that stands out, but the software is a no go. And all other brands are also generic looking.

All and all, stuck with samsung kind of. But the camera island looks as bad as the rounded corners and pertrudes at unacceptable levels instead of having a fatter phone with more battery, ports and s pen functionalities. 

So I'd like to know, are there any cases that don't add bulk to the sides but still fill the useless empty/thin part of the back to level everything with the depth of the camera lenses?

Please guys tell me that such a case exists.

I've always used spigen liquid air cases with previous ultra phones and that was the sweet spot. 

But with the s26u, that case doesn't do the trick anymore.",s26ultra,9,4,1773545612.0,https://www.reddit.com/r/s26ultra/comments/1ru3mqv/any_case_that_makes_the_back_sit_flat_on_a_table/
1reofvm,"P.S. Samsung wont offer double the storage this year. However, Best Buy will, along with trade credit","P.S. Samsung wont offer double the storage this year. However, Best Buy will, along with trade credit Fine print on trade in ad: $900 total savings ($399.99 starting at price) based on trade-in value with Samsung Galaxy Z Fold6 or Samsung Galaxy S25 Ultra applied toward the purchase of Galaxy S26 Ultra 512GB. $700 total savings ($399.99 starting at price) based on trade-in value with Samsung Galaxy S25 Ultra or Samsung Galaxy S25+ applied toward the purchase of Samsung Galaxy S26+ 512GB. $500 total savings ($399.99 starting at price) based on trade-in value with Samsung Galaxy Z Fold6 or Galaxy S25 applied toward the purchase of Samsung Galaxy S26 512GB.",s26ultra,1,4,1772050399.0,https://bestbuycreators.7tiv.net/GalaxyS26Ultra
1rtpqd0,S26 ultra eye strain and dizziness,S26 ultra eye strain and dizziness,s26ultra,0,10,1773510187.0,/r/samsunggalaxy/comments/1rtpm88/s26_ultra_eye_strain_and_dizziness/
1rmgi42,S26 Ultra | Real Life Battery Usage & SOT,"S26 Ultra | Real Life Battery Usage & SOT QHD+ Resolution 
Adaptive Refresh Rate
Adaptive Brightness
Dark Mode
Standard Profile
Privacy Display : Off

Mostly used for Social Media & Routine Tasks.
The device is just one day old, so expecting the battery to give a better backup once it tracks usage patterns, but nevertheless I'm happy.",s26ultra,9,9,1772809740.0,https://i.redd.it/yzr0l9fjxfng1.jpeg
1rlkhjf,Got the S26 Ultra from S23 Ultra,"Got the S26 Ultra from S23 Ultra Soooo, I traded in my S23 Ultra for the S26 Ultra.

Initial Impressions: 

- The shape feels much more comfortable and I can also feel the lightness.

- Already missing the Spen Bluetooth and 10x Telephoto

- A few OS bugs here and there with AOD and other apps.

Will see how it feels after using for a longer time. 

Cheers",s26ultra,39,6,1772724442.0,https://i.redd.it/pe7y7ymwv8ng1.jpeg
1rlkg9a,Got the S26 Ultra from S23 Ultra,"Got the S26 Ultra from S23 Ultra Soooo, I traded in my S23 Ultra for the S26 Ultra.

Initial Impressions: 

- The shape feels much more comfortable and I can also feel the lightness.

- Already missing the Spen Bluetooth and 10x Telephoto

- A few OS bugs here and there with AOD and other apps.

Will see how it feels after using for a longer time. 

Cheers",s26ultra,15,7,1772724359.0,https://i.redd.it/2t1e59mnv8ng1.jpeg
1rr74gr,Joining the S26 Ultra gang from S23 Ultra,Joining the S26 Ultra gang from S23 Ultra Got the S26 Ultra through a review program (half price phone),s26ultra,21,3,1773264669.0,https://i.redd.it/fljkjsq6ihog1.jpeg
1rtymfd,Got my S26 Ultra,Got my S26 Ultra I got my new S26 Ultra today. Oh wait it is actually S25 Ultra because both phones are same!,s26ultra,0,3,1773531516.0,https://www.reddit.com/r/s26ultra/comments/1rtymfd/got_my_s26_ultra/
1rem07k,"S26 Ultra Orders, Shipping, Comparisons, Upgrade Advice Megathread","S26 Ultra Orders, Shipping, Comparisons, Upgrade Advice Megathread Use this thread for all topics which may repeat:

	•	Order status + shipping timelines

	•	comparisons/ upgrade vs wait

	•	Deals, trade-ins, best time to buy

To keep the feed clean, standalone posts about these may be removed and redirected here.

When you comment, include your country + where you ordered from so replies are useful.

More resources will be added later",s26ultra,1,4,1772045257.0,https://www.reddit.com/r/s26ultra/comments/1rem07k/s26_ultra_orders_shipping_comparisons_upgrade/
1roekb5,S26 Ultra Privacy Display test at 45° angle. Massively underwhelming.,S26 Ultra Privacy Display test at 45° angle. Massively underwhelming.,s26ultra,0,2,1772999518.0,https://i.redd.it/pfp0ory4kvng1.jpeg
1rwnnkc,Photos from S26 Ultra under different lighting conditions,Photos from S26 Ultra under different lighting conditions,s26ultra,5,0,1773791018.0,https://www.reddit.com/gallery/1rwnkmy
1rss2nw,S26 ultra câmeras condensando,"S26 ultra câmeras condensando Isso é normal? Não é possível que seja! E outra, com o passar do tempo essa umidade vai pra onde? Vai estragar minhas câmeras? Ou sei lá, tenho ou não a prot IP68? Se um negocio simples assim tá dando umidade pensa molhar… Pensando seriamente em devolver",s26ultra,5,0,1773419328.0,https://v.redd.it/j6k3vtp58uog1
1rvog2y,Looking for case that does not have all the open space around the lenses.,Looking for case that does not have all the open space around the lenses.,s26ultra,5,7,1773699979.0,https://www.reddit.com/gallery/1rvcugm
1rvfwzz,Benks Armor Pro Case,"Benks Armor Pro Case Anyone have this for their S26U? Any fitment issues or compatibility with a screen protector? 

I have a spigen nano pop on order as well, but I think I might go with the Benks as long as their aren't any issues with it. 

Any feedback to share?",s26ultra,4,4,1773681853.0,https://www.reddit.com/r/s26ultra/comments/1rvfwzz/benks_armor_pro_case/
1rnqzvb,I have been using it since the 5th of March.,I have been using it since the 5th of March.,s26ultra,3,5,1772931951.0,https://i.redd.it/nu5ik799ypng1.jpeg
1rk74z0,I Received My Galaxy S26Ultra on 4th March in Singapore!,I Received My Galaxy S26Ultra on 4th March in Singapore! Never thought it'll be so early,s26ultra,18,3,1772585422.0,https://i.redd.it/9kklmz1jexmg1.jpeg
1rv9yqq,OnePlus7T to S26Ultra,"OnePlus7T to S26Ultra Hi all,

I recently upgraded from my OnePlus 7T to a Galaxy S26 Ultra, which I got on March 12. Everything was working fine. On Saturday (March 14), I bought an Anker 70W charger to use with the new phone. I even brought the new phone with me to the GB Labrador Comedy Special on yesterday, March 15.

Today, March 16, I went to PNB to transfer my banking app’s registered device from my OnePlus 7T to the new S26 Ultra. The transfer went through without any issues.

After that, I placed my OnePlus 7T on my desk. A few hours later, when I tried to check something on it, the phone had no power and wouldn’t turn on or charge anymore.

It’s strange because the phone was working normally earlier in the day.

Has anyone experienced something similar where an old phone suddenly becomes unresponsive after transferring apps or after switching to a new device? Could this just be a coincidence, or is there some technical explanation I’m missing?


For context, the OnePlus 7T was still working normally earlier that day and still had battery before I left home. Now it won’t power on or respond to charging at all. I’m not really superstitious, but the timing feels a bit odd. I’m curious if anyone else has experienced something like this.",s26ultra,5,2,1773668972.0,https://www.reddit.com/r/s26ultra/comments/1rv9yqq/oneplus7t_to_s26ultra/
1rj572l,3 in 1 charger recommendations,"3 in 1 charger recommendations Since S26 will also not be getting magnetic charging (similar to magsafe) (due to S-Pen), anyone have any recommendations for a 3-in-1 charger?

I'd like to charge my Watch 7 (no gap bands make this annoying lol) and Galaxy Buds. Maybe a charger that allows the phone to stay flat, but the watch to hang? I supposed i'll get a mag case for the S26 Ultra, to allow magnetic charging.

I believe 25w is the highest QI charging available? Or maybe only 15w if not using magnet.

What's everyone else using?

Edit: I ordered the Spigen Magfit case: https://www.amazon.com/Spigen-Anti-Yellowing-Compatible-Wireless-Charging/dp/B0FVBMNSG3",s26ultra,3,2,1772485478.0,https://www.reddit.com/r/s26ultra/comments/1rj572l/3_in_1_charger_recommendations/
1ri1t45,Is anyone else losing their mind over what Samsung just did at Unpacked??,Is anyone else losing their mind over what Samsung just did at Unpacked??,s26ultra,1,1,1772382932.0,https://i.redd.it/i98i0rzbogmg1.png
1rfgakl,Displayschutz,"Displayschutz Hallo,

Kann man vom S25Ultra das Panzerglas auch für das S26 ultra verwenden? (Form, Größe) 

Oder besser kein Glas aufgrund der Privacy Funktion?",s26ultra,1,1,1772126562.0,https://www.reddit.com/r/s26ultra/comments/1rfgakl/displayschutz/
1rfx528,What S26 Ultra color did you get?,"What S26 Ultra color did you get? I was really wanting the pink gold...but Samsung did not show my phone I wanted to trade in on their selection. So I went through best buy, as they did, and purchases the cobalt violet. 

Next is getting a case and screen protector

**UPDATE** I saw the phone colors today in person ( white, sky blue, violet and black) I ended up canceling pre order for Violet and got the sky blue 🤪🤣. The violet just was too dark blue for me.",SamsungGalaxyS26U,11,71,1772167345.0,https://www.reddit.com/r/SamsungGalaxyS26U/comments/1rfx528/what_s26_ultra_color_did_you_get/
1ru5l2m,Noticed a weird hole under the selfie camera on S26 Ultra,"Noticed a weird hole under the selfie camera on S26 Ultra I just received my S26 Ultra and while I was applying the screen protector, I noticed what looked like a small hole or camera-like dot directly below the selfie camera on the screen.
At first I thought my screen was defective. It’s especially noticeable on a black background and when light hits the screen from certain angles. Honestly it was a bit of an eyesore and I started panicking since the phone is brand new.

So I went down to the Samsung service center to get it checked. The staff there told me it’s actually a privacy sensor component under the display. To confirm, we checked several other S26 Ultra units at the store and they all had the exact same “hole” in the same spot.

Now I’m curious:
Is this really a privacy sensor?
What exactly does it do?
Do all S26 Ultra units have this visible under certain lighting?
It’s not obvious most of the time, but under bright light and certain angles it definitely catches my eye.

Just wondering if other S26 Ultra owners noticed the same thing or if I’m just being overly sensitive to it. 😅",SamsungGalaxyS26U,13,47,1773551787.0,https://www.reddit.com/gallery/1ru5l2m
1rkzw4i,Lo que el Unpacked de Samsung nos dejó: Los trends del Galaxy S26 Ultra que ya son virales🌀✨,"Lo que el Unpacked de Samsung nos dejó: Los trends del Galaxy S26 Ultra que ya son virales🌀✨ Me encanta ver cómo las novedades del Galaxy Unpacked 📱✨ de Samsung no se quedan solo en la presentación, sino que se vuelven virales.

Una de las cosas que más me gustaron fue el nuevo modo de VIDEO SUPER ESTABLE 📸😲. El famoso LOCK HORIZON 😗 que mantiene la imagen perfectamente nivelada, incluso si giras o inclinas el dispositivo hasta 360 grados.📱🌀✨

Vi el trend de grabarte frente al espejo mientras tu S26 Ultra da una vuelta de 360 grados, hasta ahí todo normal... pero parece que algunos usuarios Galaxy llevaron este trend a otro nivel, aquí les muestro algunos ejemplos de usuarios creativos, que llevaron las pruebas más allá 🌀🌀🌀🌀🤣🤣🤣",SamsungGalaxyS26U,192,18,1772663625.0,https://v.redd.it/9ldz2ba2v3ng1
1rmbj6y,"First impressions of S26 Ultra - 1.5 day battery, privacy display","First impressions of S26 Ultra - 1.5 day battery, privacy display **Display Quality:** No problem with outdoor readability. The display is better than my previous phone, the S22+. I had a Vivo X300 Pro for 10 days, and I would say the display is on par with the Vivo. The brightness of the display when viewed at awkward angles (even with Privacy display OFF) is worse than the Vivo, but I can't imagine anyone trying to consume content at those angles.

**Privacy Display:** The privacy display is very useful. I tried it on public transport today, and now I would not be able to use a smartphone without it.

**Photography:** It is not comparable to the Vivo I had for a few days; that phone was a photography champion. I think the 3x telephoto is not suitable for a flagship, and the selfie shooter is also a bit dated. The main camera and the ultra-wide are great. The 5x is also better than expected. I am happy because I upgraded from a very dated phone, but those thinking of upgrading from an S25 Ultra or S24 Ultra may be disappointed.

**Videography:** The S26 Ultra surprised me. It is one of the best phones for video in the Android world, in my humble opinion. A big improvement from both the ancient S22+ and the Vivo X300 Pro is the microphone quality and the stabilization. Selfie video at night and video at 3x zoom remain its weak points.

**Call Quality and Reception:** No issues. Better than my Snapdragon S22+ and on par with the Vivo X300 Pro.

**Speakers:** Less loud, but better speaker than the S22+, and miles better than the Vivo.

**Charging:** The phone arrived with only 32% charge, which surprised me since it is a new phone that was recently launched. However, I was able to charge it to 100% fairly quickly with my 65W charger (around 40 minutes). From 32%, the charging speed never hit 60W; I saw it reach 51W for 30 seconds or so. I will charge from 5% to 100% soon and will update the time. Overnight battery drain was 4%.

**Screen On Time:** It’s been around 21 hours since the first full charge, and I think I will easily get 10, if not 11 hours of SOT. I usually don’t play games - or I play for only 10-15 minutes a day on my office commute - but today I went all out and played for 3 hours in the evening. I got 6 hours and 12 minutes of SOT with 53% battery usage, which corresponds to 11 hours and 41 minutes for 100% charge. I don’t think it will actually last that long, but 10–11 hours is entirely possible. This is clearly a 1.5-day SOT phone. It is a huge upgrade for me from my S22+ (6 hours) and almost equal to the Vivo X300 Pro (11 hours) I had for 10 days.

[SOT](https://preview.redd.it/qstcewotreng1.jpg?width=1080&format=pjpg&auto=webp&s=777b00d5de0a6d27db9224e20821b8c7445201bd)

**Edit:** After 7 hours of SOT, the battery was at 40%. Therefore, 11+ hours of SOT is possible on this phone with a mix of 5G and Wi-Fi (50:50). With 5G only, 9 hours can be expected.

TL;DR: There's a lot of criticism on the battery being rated for 1200 cycles, decreased from 2000 cycles, which is valid. However, at least my experience with Samsung batteries since Note 7 fiasco has been very positive. My 4 year old S22+ is at 94% health by only enabling basic battery protection and disabling super fast charging when not needed.",SamsungGalaxyS26U,39,35,1772796571.0,https://www.reddit.com/r/SamsungGalaxyS26U/comments/1rmbj6y/first_impressions_of_s26_ultra_15_day_battery/
1rw6gl4,S26 Ultra Issues?,S26 Ultra Issues? My phone is FINALLY shipping to come by tomorrow. I've been hearing a lot of issues with the screen and even Samsung is looking into it themselves. Should I even bother setting up my new phone when it comes or just return it and wait until the screen issues get resolved?,SamsungGalaxyS26U,0,24,1773753918.0,https://www.reddit.com/r/SamsungGalaxyS26U/comments/1rw6gl4/s26_ultra_issues/
1rpu4ss,Magsafe ring on s26 ultra is so high near the camera.,Magsafe ring on s26 ultra is so high near the camera. Samsung missed this that your power bank and wallet won't sit flat on the phone. What a dumb idea.,SamsungGalaxyS26U,12,23,1773141331.0,https://www.reddit.com/r/SamsungGalaxyS26U/comments/1rpu4ss/magsafe_ring_on_s26_ultra_is_so_high_near_the/
1rwci3e,New Samsung S26 Ultra.,"New Samsung S26 Ultra. I made a great deal with Samsung Trade. S25 ultra <> S26 Ultra.  $400 total.
1 - The grip is perfect,  the touch, hold smooth sensation feel likes mix of Rubber,  silicon. Amazing. 
2 - lighter and  thinner and the pen fit perfectly.
3 - The color  is amazing.  My is gray. Looks like different level of gray... probably the others color  are amazing. 2 - lighter and thinner and the pen fit perfectly",SamsungGalaxyS26U,65,11,1773767154.0,https://www.reddit.com/gallery/1rwci3e
1rphb3o,S26 Ultra and Buds 4 pro have arrived! Silver shadow😍🙌,S26 Ultra and Buds 4 pro have arrived! Silver shadow😍🙌,SamsungGalaxyS26U,123,6,1773100862.0,https://i.redd.it/edrwag67z3og1.jpeg
1rpnrc6,S26 Ultra Anti Reflective film,"S26 Ultra Anti Reflective film Anyone ordered the Anti Reflective film from Samsung for the S26 Ultra? Is it really helpf or any other screen protector to install? Does it hinder with the privacy mode?

I currently have a Fold 6 and I did use an Anti reflective film for the front display of it. I can't say it provides much protection, but maybe it still helps a bit?",SamsungGalaxyS26U,2,16,1773118325.0,https://www.reddit.com/r/SamsungGalaxyS26U/comments/1rpnrc6/s26_ultra_anti_reflective_film/
1rp4mg2,S26 ultra purple,S26 ultra purple,SamsungGalaxyS26U,51,9,1773073097.0,https://i.redd.it/zrybbczmo1og1.jpeg
1rq6wz9,S26 Ultra vs. the 'Pro Max' competition. The 512GB pricing 'loophole' makes the choice easy.,"S26 Ultra vs. the 'Pro Max' competition. The 512GB pricing 'loophole' makes the choice easy. I was cross-shopping with the other big flagship, but their 512GB model is way more expensive. Samsung giving the 512GB S26 Ultra for ₹1,39,999 seems like a no-brainer. Thoughts?",SamsungGalaxyS26U,12,5,1773171287.0,https://www.reddit.com/r/SamsungGalaxyS26U/comments/1rq6wz9/s26_ultra_vs_the_pro_max_competition_the_512gb/
1rqhmnz,"Samsung S26 ultra , play store license issue?!!","Samsung S26 ultra , play store license issue?!!",SamsungGalaxyS26U,4,4,1773196389.0,https://i.redd.it/wulmec39vbog1.jpeg
1rqhlfx,"Samsung S26 ultra issue with programming car key or NFC reader, has anyone seen this?","Samsung S26 ultra issue with programming car key or NFC reader, has anyone seen this?",SamsungGalaxyS26U,3,4,1773196297.0,https://i.redd.it/4pdftl7zubog1.jpeg
1rq6yfc,Just saw S26 Ultra on Blinkit/Instamart... should I buy or wait for the Samsung Store offers?,"Just saw S26 Ultra on Blinkit/Instamart... should I buy or wait for the Samsung Store offers? I can literally get it in 10 minutes, but am I missing out on the official pre-order benefits if I buy from quick-commerce apps?",SamsungGalaxyS26U,8,2,1773171374.0,https://www.reddit.com/r/SamsungGalaxyS26U/comments/1rq6yfc/just_saw_s26_ultra_on_blinkitinstamart_should_i/
1rt2981,Samsung galaxy ultra s26,Samsung galaxy ultra s26,SamsungGalaxyS26U,10,1,1773441827.0,https://www.reddit.com/gallery/1rt2981
1rtanfw,"How to save the most money on a Galaxy S26 Ultra: trade in, Best Buy, Samsung.com, or Amazon?","How to save the most money on a Galaxy S26 Ultra: trade in, Best Buy, Samsung.com, or Amazon?",SamsungGalaxyS26U,2,1,1773464787.0,/r/samsunggalaxy/comments/1rtacaq/how_to_save_the_most_money_on_a_galaxy_s26_ultra/
1rqa55c,Why samsung is removing in the US  $30 at the checkout when you add the bud4pro with the S26 ultra 1TB?,Why samsung is removing in the US  $30 at the checkout when you add the bud4pro with the S26 ultra 1TB?,SamsungGalaxyS26U,2,1,1773178158.0,/r/samsunggalaxy/comments/1rqa395/why_samsung_is_removing_in_the_us_30_at_the/
1rnm8kj,Meine Erfahrung mit dem S26 Ultra,"Meine Erfahrung mit dem S26 Ultra **First Look**

Ich durfte das S26 Ultra direkt nach dem unpacked in Eschborn bei Samsung anfassen und diese Eindrücke, sowie das was ich im Netz gesehen habe, werd ich hier mal mit euch teilen.

Vorne weg, es fässt sich schon sexy an. 

Der Rahmen ist nun aus Aluminium, warum kann ich nicht sagen, fässt sich aber sehr hochwertig an.

Das Display ist gestochen scharf, wie man es von Samsung kennt. Und Natürlich ordentlich hell.

One UI 8.5 ist schon geil, viele neue Features, die ich in der Beta von 8.5 nicht habe. ZB die super stabilisierung bei Videos was gerade überall gehypte wird. nicht zuvergessen, das Privacy Display. Das haben wir als erstes getestet und da gibt es doch einige Unterschiede in den Einstellungen wie es funktionieren soll, Find ich klasse, so kann es jeder für sich anpassen.

Vorgestellt im unpacked wurde ja auch der neue Unterwassermodus. Dazu haben wir im Anschluss an das unpacked gleich gefragt, welches Case da benutzt wurde, da diese Funktion nur mit einem entsprechenden Case funktioniere. Die Antwort ist man uns noch schuldig.

Heute habe ich wieder etwas neues gelesen zum S26 Ultra, was ich auch ziemlich cool finde. Es soll sich wohl ein 2. NFC Sensor oberhalb im handy befinden, so das man beim bezahlen nur noch den oberen Rahmen anhalten muss und nicht rechts, links hoch und runter mit dem Hany, bis man die Stelle gefunden hat :).

Die Kamerainsel ist jetzt genauso groß wie beim Fold7. Dadurch neigt es noch mehr dazu zu kippeln, wenn es auf dem Tisch liegt.

Abhilfe schafft da nur ein entsprechendes Case oder eigene Modifikationen an einem ""normalen"" Case.

Viele monieren, das der Akku nicht größer geworden ist, nach letzten Erfahrungen was ich gelsen habe, braucht man keinen größeren Akku. Das zusammmenspiel vom neuen Snapdragon und One Ui8.5 machen es noch alltagstauglicher als das S25Ultra. Aber das ist ja immer subjetiv, das jeder sein Smartphone anders nutzt.

Das gesammt Paket aus Software und Hardeware ist stimmig und überzeugt.

Nach dem schreiben hier und was ich so alles gelesen und gesehn habe, überkommt mich der innere Drang es zu wollen.

Früher oder Später werd ich es mir auch Zulegen, das steht fest.



Wie siehts bei euch aus? Habt ihr schon eins oder wollt ihr es euch zulegen?",SamsungGalaxyS26U,8,0,1772919659.0,https://www.reddit.com/r/SamsungGalaxyS26U/comments/1rnm8kj/meine_erfahrung_mit_dem_s26_ultra/
1rpjpho,Samsung Galaxy S26 Ultra Sky Blue Unboxing,Samsung Galaxy S26 Ultra Sky Blue Unboxing,SamsungGalaxyS26U,3,0,1773106941.0,/r/galaxys26ultra/comments/1rpjo7q/samsung_galaxy_s26_ultra_sky_blue_unboxing/
1rqp73k,S26 Ultra coming from S24 Ultra,"S26 Ultra coming from S24 Ultra So, it's a pretty sweet upgrade and I'm stoked about the change.

Here's why:
- Weight & Curved and thinner body: It's just way more comfy to hold. Feels like I'm holding a light S24+, but I still get even more screen than S24 ultra. Honestly, it looks normal in pictures, but in person, it feels ultra.
- Pink gold is an awesome color, the phone looks stunning from the front (that deep black screen contrasting with the copper-like frame). The back isn't anything special though. I'm using a Pitaka case now and it looks even better.
- Display colors feel much better.
- The Samsung screen protector is amazingly smooth and anti-reflective. The S24 Ultra protector was really bad (not smooth).
- Battery: It lasts a bit longer, but the charging speed is way faster, which is what really matters. I have the 45W charger I used for my S24 Ultra, and it used to take about 44 minutes, now it's around 33 minutes to go from ~15% to 90%. It's great that I see a difference even without getting a new 60W charger.

Are these good reasons to upgrade from the already great s24 ultra, not really. But for me, the weight, curve and comfier hold is game changer. 

BTW I still think S24 ultra looks better overall",SamsungGalaxyS26U,1,0,1773221832.0,https://www.reddit.com/gallery/1rqp73k
1rqda9p,"Galaxy S26 Ultra Cheapest Price Guide (LAST MINUTE DEALS) Last Day for Samsung, Best Buy, and Amazon Preorder Deals","Galaxy S26 Ultra Cheapest Price Guide (LAST MINUTE DEALS) Last Day for Samsung, Best Buy, and Amazon Preorder Deals",SamsungGalaxyS26U,0,0,1773185373.0,/r/samsunggalaxy/comments/1rqd2hy/galaxy_s26_ultra_cheapest_price_guide_last_minute/
1rne0kg,S26 Ultra doesn't have a S-View Wallet Cover,"S26 Ultra doesn't have a S-View Wallet Cover It's a shame that the new flag ship of the Samsung doesn't have a S-View wallet cover, that dislike me a lot.",SamsungGalaxyS26U,0,0,1772900352.0,https://www.reddit.com/r/SamsungGalaxyS26U/comments/1rne0kg/s26_ultra_doesnt_have_a_sview_wallet_cover/
1rjkuoy,Samsung S26 Ultra vs Samsung S25 Ultra Camera Test,Samsung S26 Ultra vs Samsung S25 Ultra Camera Test,SamsungGalaxyS26U,1,0,1772529865.0,https://youtube.com/shorts/9YFqKpL1_P8?si=cZMTFtZlyKLmGrCL
1rbuhp7,Samsung Galaxy S26 Ultra Leaks,"Samsung Galaxy S26 Ultra Leaks https://x.com/KaroulSahil


Sahil - Indian Tech Youtuber, currently in Dubai has hands on the device.",SamsungGalaxyS26U,1,0,1771787322.0,https://www.reddit.com/r/SamsungGalaxyS26U/comments/1rbuhp7/samsung_galaxy_s26_ultra_leaks/
1qxgg4o,Samsung Galaxy S26 Ultra,"Samsung Galaxy S26 Ultra Samsung has taken down this render from Twitter.

Source: https://x.com/i/status/2019734178259231226",SamsungGalaxyS26U,5,0,1770381367.0,https://v.redd.it/7wmqn5pqcvhg1
1rqvzlx,I went all out this time around!!,I went all out this time around!! Got the buds for free and got a nice discount off the watch and the phone! It’s been a year since I’ve been away from One UI can’t wait to get back into it and start enjoying the new software.,SamsungGalaxyS26U,152,41,1773240879.0,https://i.redd.it/pqz0caijjfog1.jpeg
1rja7f2,Long awaited upgrade!,Long awaited upgrade! Been nursing my S23U for the last year or so now. tbh I'm kinda regretting going with black over purple after seeing more photos. Very excited to get rid of this curved glass though! I'm a little rough on phones so I went with the Tank. My gf course the green one. or case choices!,SamsungGalaxyS26U,25,33,1772497175.0,https://www.reddit.com/gallery/1rja7f2
1rjn7lm,S26 is NOT 10 bit,S26 is NOT 10 bit https://www.sammobile.com/news/samsung-galaxy-s26-plus-ultra-doesnt-feature-10-bit-displays/,SamsungGalaxyS26U,4,36,1772538358.0,https://www.reddit.com/r/SamsungGalaxyS26U/comments/1rjn7lm/s26_is_not_10_bit/
1rikayq,Trading my s25 ultra for this,Trading my s25 ultra for this,SamsungGalaxyS26U,40,30,1772429194.0,https://i.redd.it/68a12mizhkmg1.jpeg
1rpfyb8,Who else got this offer?,"Who else got this offer? Saw this deal on the Samsung website.

Too good to be true?",SamsungGalaxyS26U,11,32,1773097583.0,https://i.redd.it/7tctdd6gp3og1.png
1rjsren,Shipping date,Shipping date Official s26 ultra shipping confirmation date,SamsungGalaxyS26U,17,30,1772552860.0,https://i.redd.it/rcxukxkppumg1.jpeg
1rlz62l,Finally here S26U! 🫡🔥,"Finally here S26U! 🫡🔥 Pre-ordered Feb 25, received it today March 5 in Toronto. This is the way. 🔥",SamsungGalaxyS26U,70,16,1772757638.0,https://i.redd.it/e4wm5hcmmbng1.jpeg
1rg6jzz,Placed my preorder!,Placed my preorder! looking forward to the bigger storage as well.,SamsungGalaxyS26U,32,22,1772198640.0,https://i.redd.it/b53iy7hfg1mg1.jpeg
1rqolqh,Made a boo boo today,Made a boo boo today Instead of s26 ultra i ordered the base s26 anti reflective screen film and worst part is its non refundable ):,SamsungGalaxyS26U,14,20,1773219631.0,https://i.redd.it/5sccgbucsdog1.jpeg
1rndmbg,S21 fe to S26u,"S21 fe to S26u Everything except the Galaxy Watch Ultra was given as a gift along with the phone by Samsung. I think there was a 15-day promotion. I only learned about it when I went there. They also gave me a nice case and a pair of earbuds. Previously, I was using the Galaxy S21 FE, and honestly it didn’t have much storage. So the 1 TB Galaxy S26 Ultra will probably make things much easier for me",SamsungGalaxyS26U,71,13,1772899412.0,https://i.redd.it/yc2fekk6cnng1.jpeg
1rj2wds,Just visited at the S26 in-store and I get it.,"Just visited at the S26 in-store and I get it. I just got back from the Samsung store. I wanted to see the  S26 Ultra. 

The main thing I wanted to see was that Privacy Display everyone’s chatting about. I thought it’d be some mid software update, but it’s legit. I turned on the privacy toggle and had the store worker stand next to me. From his angle, the screen looked like it was turned off. We swapped and then I couldn’t see it",SamsungGalaxyS26U,32,17,1772480474.0,https://www.reddit.com/r/SamsungGalaxyS26U/comments/1rj2wds/just_visited_at_the_s26_instore_and_i_get_it/
1rexgcn,No Samsung promo for free memory upgrade 😑,"No Samsung promo for free memory upgrade 😑 A little disappointed that Samsung is not offering a free memory upgrade for the S26 Ultra. I found that Best Buy is offering the free upgrade. I may end up buying from them.
Edit: I am in the US.",SamsungGalaxyS26U,19,17,1772071595.0,https://www.reddit.com/r/SamsungGalaxyS26U/comments/1rexgcn/no_samsung_promo_for_free_memory_upgrade/
1rlk53g,Also confirmed (coming from California),Also confirmed (coming from California) I preordered around the first hour of launch day. Anyone got the same? Omgggg I cannot wait for the new phone to arrive.,SamsungGalaxyS26U,15,16,1772723610.0,https://i.redd.it/zv2ktorft8ng1.jpeg
1rmjm21,I got it!!,I got it!! Finally received my phone plus my freebies (except for the buds)🥹❤️🫶🏾,SamsungGalaxyS26U,39,11,1772816619.0,https://i.redd.it/5letsswzhgng1.jpeg
1rm0wye,Camera vs S25 Ultra,"Camera vs S25 Ultra Got my S26 Ultra today and just wanted to confirm to those wondering that it is a pretty significant upgrade to the camera from my S25 Ultra. I've never been a fan of the way Samsung handles low light and always found it too saturated and over sharpened once the conditions become dim. The wider aperture on the S26U makes a big big difference and I've been testing them side by side. Pictures are much clearer, more natural looking and it keeps the details a lot better. Honestly a bigger upgrade than I was expecting it to be",SamsungGalaxyS26U,15,13,1772762205.0,https://www.reddit.com/r/SamsungGalaxyS26U/comments/1rm0wye/camera_vs_s25_ultra/
1rorfxh,Charger and Case options for S26U,"Charger and Case options for S26U I've finally preordered the S26 Ultra to finally replace my Galaxy Note 9 but since now no charger were included i wondered what charger supports the Samsung Super Fast Charging 2.0?  
I was down to 2 brand which is Ugreen 100W GAN Nexode Pro and Anker B121B but i do not know if they support the phone charging modes.  
As for case i opt for I-Blason Armorbox + Tempered Glass, but i havent found any videos or info that show that the I-Blason Armorbox for S26 Ultra can be used with tempered glass once the build in plastic screen protector removed.  
So any advice regarding the charger and case is appreciated. Thanks",SamsungGalaxyS26U,2,13,1773033384.0,https://www.reddit.com/r/SamsungGalaxyS26U/comments/1rorfxh/charger_and_case_options_for_s26u/
1rp947k,Samsung and Apple are disgusting,Samsung and Apple are disgusting Why do people deal with this??,SamsungGalaxyS26U,0,10,1773082529.0,https://www.reddit.com/gallery/1rp947k
1rsu6ch,Do not buy the Samsung Rugged Case.,Do not buy the Samsung Rugged Case. The Samsung Rugged Case does not hug the s26 ultra. BE CAREFUL. MINE SLIPPED OUT.,SamsungGalaxyS26U,2,9,1773423779.0,https://www.reddit.com/r/SamsungGalaxyS26U/comments/1rsu6ch/do_not_buy_the_samsung_rugged_case/
1rn4vs6,Camera Protection,"Camera Protection Hi 👋 

What is everyone using to protect their Ultra 26 cameras? Is something like this worth buying?

Also, I noticed that most people are buying phone cases from different brands. However, when I placed my order, I got the Samsung screen protector and phone case. So, what has your experience been with Samsung’s official cases and screen protectors?",SamsungGalaxyS26U,1,8,1772872595.0,https://i.redd.it/sfm9yd4g4lng1.jpeg
1rm6zrd,AT&T shipped!,"AT&T shipped! I checked the shipping number and says it will be here Today, March 06, between 1:45 P.M. - 4:45 P.M. Woo!",SamsungGalaxyS26U,6,7,1772780250.0,https://i.redd.it/qg1y6huuhdng1.jpeg
1rtw9bh,About Samsung messages app and passcode 4 digit without tap ok,"About Samsung messages app and passcode 4 digit without tap ok I used to have Samsung message app  and passcode 4 digit without tap ok on my s25+

But now I have s26 ultra I couldn’t find Samsung message app in Galaxy store and it’s not work passcode 4 digit without tap ok on it

I don’t like Google messages 🥲",SamsungGalaxyS26U,1,5,1773525620.0,https://www.reddit.com/r/SamsungGalaxyS26U/comments/1rtw9bh/about_samsung_messages_app_and_passcode_4_digit/
1rtylnb,Verizon making me wait,"Verizon making me wait I pre ordered the S26 ultra 1 TB from Verizon towards the middle of febuary
(Before anyone gives me flack, I tried with Samsung but they kept giving me an error message to go directly to Verizon so thats what I did) 
And got confirmation it would be in on march 20th even though I live in Texas. 

I got the cases and accessories I want for it but have to wait lol.",SamsungGalaxyS26U,0,5,1773531458.0,https://www.reddit.com/r/SamsungGalaxyS26U/comments/1rtylnb/verizon_making_me_wait/
1rs7tov,Wireless Charging around 6w,"Wireless Charging around 6w I have tried 2 different cases and both have maxed out around 6ish watts. My phone says fast wireless charging, but at 35% battery says 1h 55m until full. 

The cases are the Torras Q3 spin and the Ringke UX Magnetic.

The charger is this one: [Amazon.com: 25W Magnetic Wireless Charger for Samsung Galaxy S26 Ultra & 45W Adapter, 3 in 1 Charging Station Design for MagSafe Samsung Charger for S25/Z Fold7, Charger Stand for Galaxy Watch Ultra 8, for Buds : Cell Phones & Accessories](https://www.amazon.com/dp/B0GK5P1PNZ?ref=ppx_yo2ov_dt_b_fed_asin_title&th=1)

The app I was using the ampere app and battery guru.

  
All the things for fast charging are turned on in settings. 

Is this normal far the the time til full? I don't think either case is qi2.2, but believe they might be regular qi2.",SamsungGalaxyS26U,2,4,1773360153.0,https://www.reddit.com/r/SamsungGalaxyS26U/comments/1rs7tov/wireless_charging_around_6w/
1rsk71a,S26Ultra camera - lack of detail against S24U,"S26Ultra camera - lack of detail against S24U https://preview.redd.it/lh758bvklsog1.jpg?width=3433&format=pjpg&auto=webp&s=a54715accff45455ca3c341e3ab00078c3931ab1

https://preview.redd.it/ezfkdavklsog1.jpg?width=3433&format=pjpg&auto=webp&s=37afa441031bad629b349a61cabb2065567e8042

https://preview.redd.it/u14gnbvklsog1.jpg?width=3433&format=pjpg&auto=webp&s=0ee12b5e423ddbc53e1d66a9df37779878e2505f

https://preview.redd.it/gpc4ebvklsog1.jpg?width=3433&format=pjpg&auto=webp&s=d6efb6bce40fccb9adb745b8315d72b30ddc94c4

I have been comparing my old S24U with the new S26U since I got as I felt something was off. I have a feeling that either Samsung is over-compressing photos or there is something wrong.

I finally had the time to create a quick side by side comparison. First, compression, S26U photos are roughly 35% smaller in size in comparison to the S24U.  
I have to say that Samsung appears to be doing something magical, with that much smaller file size there is still a lot of detail.. just not as much as in the photos with the S24U though.  
And this lack of detail is obvious when looking at the photos side by side across all lenses.

I am aware that the higher aperture will mean softer edges, I have zoomed in/focused all images in the center for comparison.

What are you doing Samsung?",SamsungGalaxyS26U,0,3,1773399516.0,https://www.reddit.com/r/SamsungGalaxyS26U/comments/1rsk71a/s26ultra_camera_lack_of_detail_against_s24u/
1rq9k45,O melhor recurso da linha S,"O melhor recurso da linha S Estava pesquisando aqui quais as inovações (da Samsung) dos últimos 10 anos e não achei uma que se compara a privacidade da tela que chegou com o lançamento do S26 Ultra.

A tela de privacidade é uma das grandes inovações, porquê transforma o que antes era apenas um acessório físico em um recurso nativo do hardware.

Como esse recurso vai ajudar no dia dia? Adeus películas!

Todo mundo sabe que no mercado, há centenas de películas a venda. Mas se te uma coisa que me incomoda nas películas é a compatibilidade com o aparelho. 

Películas que não cobrem a tela, que não colam ou soltam com facilidade; películas que atrapalha o leitor biométrico, tudo isso se transforma em dor de cabeça, principalmente se o produto for caro.

Com a chegada deste recurso, simplesmente não preciso me preocupar com essas questões.

Um ponto chave deste recursos é você poder se resguardar de olhares curiosos. No meu trabalho, é comum na minha função operar com dados sensíveis; nomes de fornecedores, dados bancários, boletos etc. É inegável que isto traz um pouco de conforto, saber que esses dados possui mais uma camada de proteção.


No transporte público lotado, incomoda aquela sensação de estar sendo observado e está é mais uma camada para me deixar mais confortável.

Além dos benefício citados acima, outro benefício é extremamente importante. O benefício ótico. Livrar-se das películas físicas significa manter o painel antirreflexo de fábrica 100% funcional. Na prática, isso vai entregar cores mais vivas, imagens nítidas e uma tela muito mais brilhante quando você estiver na rua.

#GalaxyS26Ultra 
#TeladePrivacidade
#Galaxy
#FeitoComGalaxy",SamsungGalaxyS26U,2,1,1773176916.0,https://i.redd.it/dahfoxec9aog1.gif
1riagun,Has Samsung abandoned flip cases?,"Has Samsung abandoned flip cases? I can't find any flip case for Samsung galaxy s26 ultra in the store, is it too soon?",SamsungGalaxyS26U,1,0,1772402360.0,https://www.reddit.com/r/SamsungGalaxyS26U/comments/1riagun/has_samsung_abandoned_flip_cases/
1qq1rp7,👋Welcome to r/SamsungGalaxyS26U - Introduce Yourself and Read First!,"👋Welcome to r/SamsungGalaxyS26U - Introduce Yourself and Read First! Hey everyone! I'm u/KateriNaveen, a founding moderator of r/SamsungGalaxyS26U.
This is our new home for all things related to Samsung Galaxy S26 Ultra. We're excited to have you join us!

What to Post
Post anything that you think the community would find interesting, helpful, or inspiring. Feel free to share your thoughts, photos, questions, tips & tricks.

Community Vibe
We're all about being friendly, constructive, and inclusive. Let's build a space where everyone feels comfortable sharing and connecting.

How to Get Started
1) Introduce yourself in the comments below.
2) Post something today! Even a simple question can spark a great conversation.
3) If you know someone who would love this community, invite them to join.
4) Interested in helping out? We're always looking for new moderators, so feel free to reach out to me to apply.

Thanks for being part of the very first wave. Together, let's make r/SamsungGalaxyS26U amazing.",SamsungGalaxyS26U,2,1,1769670703.0,https://www.reddit.com/r/SamsungGalaxyS26U/comments/1qq1rp7/welcome_to_rsamsunggalaxys26u_introduce_yourself/
1rtl3xx,I’ve been playing with s26 ultra for three days now,"I’ve been playing with s26 ultra for three days now I trade from s25+ to s26 Ultra it’s my first time with ultra I’ve been use galaxy (plus) whole my life 

Battery, camera quality, screen etc is amazing ! It’s blow my mind and with privacy display off , I don’t see any issues on it so far it just look fine with me i believe they’re either hating , jealous or Apple users I feel like they’re lying to people so they wouldn’t buy s26 ultra 😂 no issues on my s26 ultra not even one just don’t listen haters and go see it for yourself but for me definitely worth every penny ! If anyone have questions about s26 ultra let me know",SamsungGalaxyS26U,181,47,1773499181.0,https://www.reddit.com/gallery/1rtl3xx
1rgqyl8,Which color did you end up ordering for your S26 Ultra?,Which color did you end up ordering for your S26 Ultra?,SamsungGalaxyS26U,15,60,1772246727.0,https://www.reddit.com/r/SamsungGalaxyS26U/comments/1rgqyl8/which_color_did_you_end_up_ordering_for_your_s26/
1rhcsy2,Shot on S26 Ultra,"Shot on S26 Ultra Just wanted to share some shots, using 24MP mode with photo shooter.",SamsungGalaxyS26U,70,48,1772309815.0,https://www.reddit.com/gallery/1rhcsy2
1rlki86,Got the S26 Ultra from S23 Ultra,"Got the S26 Ultra from S23 Ultra Soooo, I traded in my S23 Ultra for the S26 Ultra.

Initial Impressions: 

- The shape feels much more comfortable and I can also feel the lightness.

- Already missing the Spen Bluetooth and 10x Telephoto

- A few OS bugs here and there with AOD and other apps.

Will see how it feels after using for a longer time. 

Cheers",SamsungGalaxyS26U,96,37,1772724490.0,https://i.redd.it/t6yzxmp1w8ng1.jpeg
1rftnxf,Is it s26 ultra too expensive and overrated ?,Is it s26 ultra too expensive and overrated ?,SamsungGalaxyS26U,8,38,1772157531.0,https://www.reddit.com/r/SamsungGalaxyS26U/comments/1rftnxf/is_it_s26_ultra_too_expensive_and_overrated/
1rmgil7,S26 Ultra | Real Life Battery Usage & SOT,"S26 Ultra | Real Life Battery Usage & SOT QHD+ Resolution 
Adaptive Refresh Rate
Adaptive Brightness
Dark Mode
Standard Profile
Privacy Display : Off

Mostly used for Social Media & Routine Tasks.
The device is just one day old, so expecting the battery to give a better backup once it tracks usage patterns, but nevertheless I'm happy.",SamsungGalaxyS26U,9,34,1772809768.0,https://i.redd.it/h07go7imxfng1.jpeg
1reujoa,I pre-ordered the s26 ultra from the s22 ultra. I am happy about the upgrade what about you guys?,I pre-ordered the s26 ultra from the s22 ultra. I am happy about the upgrade what about you guys?,SamsungGalaxyS26U,23,32,1772064185.0,https://www.reddit.com/r/SamsungGalaxyS26U/comments/1reujoa/i_preordered_the_s26_ultra_from_the_s22_ultra_i/
1ri5o9g,"Another chance to win Galaxy S26 Ultra, a pair of Galaxy Buds4 Pro, and 1 year Spotify Premium membership","Another chance to win Galaxy S26 Ultra, a pair of Galaxy Buds4 Pro, and 1 year Spotify Premium membership",SamsungGalaxyS26U,25,26,1772391500.0,https://v.redd.it/vhs5azuuchmg1
1rodybw,Ultra slim case for S26 Ultra?,"Ultra slim case for S26 Ultra? Hi, I'm looking for an ultra slim case for Galaxy S26 Ultra. I bought the official Slim Magnet Case for A LOT of money and it's so cheaply made, even the magnet doesn't work. Any suggestions?",SamsungGalaxyS26U,5,24,1772998147.0,https://www.reddit.com/r/SamsungGalaxyS26U/comments/1rodybw/ultra_slim_case_for_s26_ultra/
1rom7fp,Diplay is bad on new S26 Ultra,"Diplay is bad on new S26 Ultra Today I went to my closest bestbuy store to see with my own eyes if it was true that the S26 Ultra display was that bad or social media was just exaggerating about it. I brought my S25 Ultra to compare it and I can say that the S26 Ultra display is worse compare to the s25 ultra, even with the privacy display option off, the display looks bad, yo can literally see the sharpness of the icons and some parts of the OS even with QHD+ enable, I was going to trade my s25 ultra for the s26U but definitely now that I saw the s26U display I'm not gonna do that. Imma keep it or maybe trade it for a pixel 10 pro xl since i never had a Pixel, hopefully they improve it next year. If you already own it lemme know what you think.",SamsungGalaxyS26U,0,18,1773018218.0,https://www.reddit.com/r/SamsungGalaxyS26U/comments/1rom7fp/diplay_is_bad_on_new_s26_ultra/
1rphj01,My Pink Gold 1TB S26 Ultra & Buds 4 Pro arrived today <3,"My Pink Gold 1TB S26 Ultra & Buds 4 Pro arrived today <3 I have not seen many with this color yet. I love the 1TB Pink Gold S26 Ultra and matching Buds 4 Pro. Photos just don't do this phone color justice, its such a pretty iridescent color.  I have 2 cases for it so far.",SamsungGalaxyS26U,36,12,1773101399.0,https://www.reddit.com/gallery/1rphj01
1roek0l,S26 Ultra Privacy Display test at 45° angle. Massively underwhelming.,S26 Ultra Privacy Display test at 45° angle. Massively underwhelming.,SamsungGalaxyS26U,0,12,1772999499.0,https://i.redd.it/pfp0ory4kvng1.jpeg
1rrtqay,TORRAS S26 ULTRA,TORRAS S26 ULTRA You guys gonna like this especially the fit.,SamsungGalaxyS26U,8,9,1773329074.0,https://i.redd.it/7aa6c4astmog1.jpeg
1rk4tow,S26 ultra best buy,"S26 ultra best buy I'm buying an s26 ultra and trading in my s25 ultra.  on the best buy app, it shows I can buy an unlocked version where ""they can help me"" connect to my Verizon account for $1199 with 512 gb.  will my Verizon bill be affected if I swap the sim card myself?  it just seems like 512gb at 1199 seems cheaper than anywhere I've seen with a trade in allowance of $900.  any help is appreciated!!!",SamsungGalaxyS26U,5,8,1772579578.0,https://www.reddit.com/r/SamsungGalaxyS26U/comments/1rk4tow/s26_ultra_best_buy/
1rtsaqq,Love my S26 Ultra but hate the new camera bump...,"Love my S26 Ultra but hate the new camera bump... Found a case that fits perfectly and gets rid of the annoying new camera bump, so I can keep using the accessories I had already purchased for my S23U",SamsungGalaxyS26U,10,6,1773516142.0,https://i.redd.it/n0xos8jo92pg1.jpeg
1rixx51,S26 Ultra Screen Analysis,"S26 Ultra Screen Analysis https://youtu.be/RR6gK8TnfkQ

probably the only video you need to watch to decide on the S26ULTRA screen discussions.",SamsungGalaxyS26U,10,7,1772469871.0,https://www.reddit.com/r/SamsungGalaxyS26U/comments/1rixx51/s26_ultra_screen_analysis/
1rvwrjo,A few small issues with S26 Ultra,"A few small issues with S26 Ultra I have had this phone for a few days and I really like it overall. Came from S23 Ultra which was still doing great but I like to upgrade every couple years. The only problems are these:

1. When scrolling between images my screen flickers, mainly on Reddit.

2. When I try to take a long screenshot by clicking the down arrows, often it says ""Scroll capture not supported. Full page captured instead."" Seemingly at random. And the capture it does take is not good. This is annoying for me because I take lots of scrolling screenshots.

3. The cameras keep jumping between lenses and overall image quality doesn't seem as good as S23 Ultra. 

Any advice for these?",SamsungGalaxyS26U,3,5,1773721617.0,https://www.reddit.com/r/SamsungGalaxyS26U/comments/1rvwrjo/a_few_small_issues_with_s26_ultra/
1rts6ps,Bank canceled my S26 ultra 512GB Amazon order,Bank canceled my S26 ultra 512GB Amazon order So my bank just canceled my order apparently suspecting fraudulent activity for the order I placed. The 512 GB + 200 gift card is now expired and idk what to do. Suggestions on how to get them to issue me the initial offer ? Or are there any other offers running similar or better than what Amazon was offering for people with no trade ins ?,SamsungGalaxyS26U,0,5,1773515879.0,https://www.reddit.com/r/SamsungGalaxyS26U/comments/1rts6ps/bank_canceled_my_s26_ultra_512gb_amazon_order/
1rpqmex,Anong thoughts mo? S23ultra video better than s26 ultra?,Anong thoughts mo? S23ultra video better than s26 ultra?,SamsungGalaxyS26U,1,5,1773128485.0,/r/AnongThoughtsMo/comments/1rpqlt7/anong_thoughts_mo_s23ultra_video_better_than_s26/
1rs07ln,Galaxy S26 Ultra Preto + Spigen 🔥,Galaxy S26 Ultra Preto + Spigen 🔥,SamsungGalaxyS26U,24,2,1773343013.0,https://i.redd.it/rv5cx7n6znog1.jpeg
1rq6xmf,How are you guys planning to buy the S26 Ultra? Outright or EMI?,How are you guys planning to buy the S26 Ultra? Outright or EMI? Thinking about the Ultra but ₹1.4L is a big hit. Are the No-Cost EMI options on the official site actually legit or are there hidden processing fees?,SamsungGalaxyS26U,2,4,1773171325.0,https://www.reddit.com/r/SamsungGalaxyS26U/comments/1rq6xmf/how_are_you_guys_planning_to_buy_the_s26_ultra/
1rtsdxc,Best offers for getting S26 Ultra 512gb with no trade ins,Best offers for getting S26 Ultra 512gb with no trade ins Please share your suggestions on the best offers running for the 512gb for someone with no trade in.,SamsungGalaxyS26U,6,3,1773516354.0,https://www.reddit.com/r/SamsungGalaxyS26U/comments/1rtsdxc/best_offers_for_getting_s26_ultra_512gb_with_no/
1rpq57m,Sunday vibes at the harbor ⚓️ (S26 Ultra),"Sunday vibes at the harbor ⚓️ (S26 Ultra) Just a quick point-and-shoot. No edits, straight out of the camera. The colors and details are amazing!",SamsungGalaxyS26U,14,2,1773126644.0,https://i.redd.it/p7yaz0km36og1.jpeg
1rs7vhf,The camera bump on the S26 Ultra,The camera bump on the S26 Ultra,SamsungGalaxyS26U,0,3,1773360279.0,https://i.redd.it/q3njr9fjepog1.jpeg
1ri720o,S26 Ultra powerbank,S26 Ultra powerbank Which powerbank are you going to use with the s26 ultra?,SamsungGalaxyS26U,3,3,1772394547.0,https://www.reddit.com/r/SamsungGalaxyS26U/comments/1ri720o/s26_ultra_powerbank/
1r7drds,Looks like Benks is ready for the S26 Ultra...,Looks like Benks is ready for the S26 Ultra...,SamsungGalaxyS26U,5,4,1771351767.0,https://www.reddit.com/gallery/1r7dneb
1rwdwda,s26 ultra camera lag,s26 ultra camera lag,SamsungGalaxyS26U,2,0,1773770023.0,/r/samsunggalaxy/comments/1rt0gz5/s26_ultra_camera_lag/
1rwu8z2,Switching from Z Fold 7 to S26 Ultra,Switching from Z Fold 7 to S26 Ultra,SamsungGalaxyS26U,1,0,1773808657.0,/r/samsunggalaxy/comments/1rwu8gv/switching_from_z_fold_7_to_s26_ultra/
1rwt7jw,Flashing T-Mobile FW onto Unlocked Galaxy S26 Ultra,Flashing T-Mobile FW onto Unlocked Galaxy S26 Ultra,SamsungGalaxyS26U,1,0,1773805535.0,/r/samsunggalaxy/comments/1rwt76p/flashing_tmobile_fw_onto_unlocked_galaxy_s26_ultra/
1rh1ghv,Some of the best ways you can get the new S26 ultra without overspending.,Some of the best ways you can get the new S26 ultra without overspending.,SamsungGalaxyS26U,2,2,1772281841.0,/r/samsunggalaxy/comments/1rh1ert/some_of_the_best_ways_you_can_get_the_new_s26/
1rvbilj,Galaxy S26 Ultra Delivery Delayed in India,Galaxy S26 Ultra Delivery Delayed in India,SamsungGalaxyS26U,0,0,1773672505.0,/r/samsunggalaxy/comments/1rvbi1m/galaxy_s26_ultra_delivery_delayed_in_india/
1rtzdzj,S25 ultra por 4500 ou S26 ultra por 5600,S25 ultra por 4500 ou S26 ultra por 5600,SamsungGalaxyS26U,1,0,1773533486.0,/r/samsunggalaxy/comments/1rtzd8u/s25_ultra_por_4500_ou_s26_ultra_por_5600/
1rtutgp,Loving my New Samsung Torras S26 L1 case.,"Loving my New Samsung Torras S26 L1 case. I just received my Torras Samsung S26 L1 case in Black.  It is very nice looking and I really like the feel in my hand..The frosted back allows just enough of the phone color to peak through. The black around the edges gives you a nice grip and helps to keep it from falling out of the hand. The raised area around the camera lenses are nice to keep them from getting scratched. I also like the padded corners just incase I would drop it. The fit is perfect, yet not difficult to remove to change the color of the volume and power buttons. The magnetic ring on back allows for quick charging, even in my car. The best part is the L1 Torras case is affordable. 
Carrymenew
Jim",SamsungGalaxyS26U,1,0,1773522087.0,/r/TORRAS_Official/comments/1rtur3l/loving_my_new_samsung_s26_l1_case/
1rmb419,"Audio on S26 ultra.. anyone notice a difference on the sound between 23U & up? Sound is important to me. I bought the ultra, hoping it would have or retain the sound better. Does it come through nice and clear? Mine was shipped this morning. Thank you for any input.","Audio on S26 ultra.. anyone notice a difference on the sound between 23U & up? Sound is important to me. I bought the ultra, hoping it would have or retain the sound better. Does it come through nice and clear? Mine was shipped this morning. Thank you for any input. While using the S26U without Bluetooth, with speakerphone etc? I noticed the overall LUFS are reported to be lower sound volume at -26.2 (good) where the prior models were considered (very good) at .. for example  25 SU -24.6 LUFS & the 24 SU  -24.6 LUFS and the 23 SU -25.6 LUFS.. My question is to clarify if it's clean and clear on different levels if anyone could provide some feedback that would be great.",SamsungGalaxyS26U,0,1,1772795167.0,https://www.reddit.com/r/SamsungGalaxyS26U/comments/1rmb419/audio_on_s26_ultra_anyone_notice_a_difference_on/
1rs2yzp,Disappointed with the screen of S26 ultra,Disappointed with the screen of S26 ultra,SamsungGalaxyS26U,0,0,1773348988.0,/r/samsunggalaxy/comments/1rs2snm/disappointed_with_the_screen_of_s26_ultra/
1rs2t0q,Disappointed with the screen of S26 ultra,Disappointed with the screen of S26 ultra,SamsungGalaxyS26U,0,0,1773348626.0,/r/samsunggalaxy/comments/1rs2snm/disappointed_with_the_screen_of_s26_ultra/
1rqvm3h,Updated Galaxy S26 Ultra deal guide after preorder promos ended,Updated Galaxy S26 Ultra deal guide after preorder promos ended,SamsungGalaxyS26U,1,0,1773240055.0,/r/samsunggalaxy/comments/1rqvhip/updated_galaxy_s26_ultra_deal_guide_after/
1rqomor,S26 Ultra vs S23 Ultra – Why does the S26 look warmer? Panel issue or normal?,S26 Ultra vs S23 Ultra – Why does the S26 look warmer? Panel issue or normal?,SamsungGalaxyS26U,1,0,1773219715.0,/r/galaxys26ultra/comments/1rqolzh/s26_ultra_vs_s23_ultra_why_does_the_s26_look/
1roffto,Galaxy S26 Ultra Cheapest Price Guide (FINAL UPDATE),Galaxy S26 Ultra Cheapest Price Guide (FINAL UPDATE),SamsungGalaxyS26U,2,0,1773001523.0,/r/samsunggalaxy/comments/1rofemb/galaxy_s26_ultra_cheapest_price_guide_final_update/
1rj1960,Are there actually display issues with the S26 Ultra?,Are there actually display issues with the S26 Ultra?,SamsungGalaxyS26U,0,1,1772476936.0,https://x.com/tarunvats33/status/2028435779371102454?s=61&t=G-en8Hk55jY9061iB6SxmA
1ro1ylj,Hi! Just wanna do a little fun poll. I got both these cases for my S26 Ultra which will be here within 48 hours. Would love to know which on yall would pick out of the 2. Both will be used to the max!,Hi! Just wanna do a little fun poll. I got both these cases for my S26 Ultra which will be here within 48 hours. Would love to know which on yall would pick out of the 2. Both will be used to the max!,SamsungGalaxyS26U,1,0,1772967240.0,https://i.redd.it/63xwh1auxsng1.jpeg
1rgxkh0,Samsung S26 series PWM frequency?,Samsung S26 series PWM frequency?,SamsungGalaxyS26U,0,1,1772268121.0,https://i.redd.it/m4w9r2dw67mg1.jpeg
1rm6onf,Updated Galaxy S26 Ultra discount list from user feedback. Best stackable ways to save,Updated Galaxy S26 Ultra discount list from user feedback. Best stackable ways to save,SamsungGalaxyS26U,2,0,1772779224.0,/r/samsunggalaxy/comments/1rm6m32/updated_galaxy_s26_ultra_discount_list_from_user/
1rn4yyu,"Upgrading from the S20+ to the S26 Ultra: The Good, The Bad, and the ""Privacy Display""","Upgrading from the S20+ to the S26 Ultra: The Good, The Bad, and the ""Privacy Display""",SamsungGalaxyS26U,0,0,1772872909.0,/r/samsunggalaxy/comments/1rn4vef/upgrading_from_the_s20_to_the_s26_ultra_the_good/
1rm2q0t,Search for eSIM option missing on S26 Ultra,"Search for eSIM option missing on S26 Ultra Is anyone aware if this option has been disabled? I can still see it on my older S21+. Currently, there's only a QR code scanning option, and Airtel doesn't provide one. The eSIM transfer option isn't working either.",SamsungGalaxyS26U,1,0,1772767068.0,https://i.redd.it/dvn29379ecng1.jpeg
1rfm4xm,Reedem your Samsung Rewards credits at 2x value for S26 and receipt confusion,Reedem your Samsung Rewards credits at 2x value for S26 and receipt confusion,SamsungGalaxyS26U,0,0,1772139345.0,/r/samsunggalaxy/comments/1rfm473/reedem_your_samsung_rewards_credits_at_2x_value/
1qquw9i,Leaked Samsung Galaxy S26 teaser launch event date revealed.,Leaked Samsung Galaxy S26 teaser launch event date revealed. [https://x.com/evleaks/status/2016989387272192230?s=20](https://x.com/evleaks/status/2016989387272192230?s=20),SamsungGalaxyS26U,1,0,1769745491.0,https://www.reddit.com/r/SamsungGalaxyS26U/comments/1qquw9i/leaked_samsung_galaxy_s26_teaser_launch_event/
1rkgn74,Cant wait to replace s25u with s26u …the other two will stay (:,"Cant wait to replace s25u with s26u …the other two will stay (: S25 ultra oneplus 15 and 17 pro max

Primary sim is in oneplus

Secondary is always in iphone

Samsung is sitting simless for now till my s26u arrives on 5th or 6th march cant wait",SamsungGalaxyS26U,25,43,1772615057.0,https://i.redd.it/bqspatdnuzmg1.jpeg
1rutg2q,Finally broke my Technology Diet,"Finally broke my Technology Diet After 4 years, I'm parting from my S22U and GW , great phone and watch, never had any troubles. I'm really excited for this new experience.",SamsungGalaxyS26U,104,10,1773617543.0,https://i.redd.it/d24lph3knapg1.jpeg
1rj86yd,Switching to Android !!!!,"Switching to Android !!!! I have finally made de decision to change my iPhone for the new s26 ultra! Can’t wait to finally use something different!

I wonder if anyone has some good tips and how to transfer everything over ! Specially the passwords!",SamsungGalaxyS26U,13,18,1772492332.0,https://www.reddit.com/r/SamsungGalaxyS26U/comments/1rj86yd/switching_to_android/
1rv4wre,Fingerprints Scanner and Screen Protector,"Fingerprints Scanner and Screen Protector Fingerprint Scanner and Screen Protector

Is anyone else having difficulty with the fingerprint scanner after applying a screen protector? I had the Magic John privacy protector on my S26 Ultra and every couple of tries my phone would not recognize my fingerprint. I removed that and installed the Zagg and the same thing is happening. I did remove and re-register my fingerprints each time as well. Thanks in advance for any advice or solutions you may have! Other than this small thing, I am really enjoying this device!",SamsungGalaxyS26U,1,14,1773653801.0,https://www.reddit.com/r/SamsungGalaxyS26U/comments/1rv4wre/fingerprints_scanner_and_screen_protector/
1rjb5hd,Best charger for s26u?,"Best charger for s26u? Returning my Anker ""65w"" charger since it doesn't support some Samsung standard for max charging.  

What fast charger are you going with that will support 60w max charging for s26??

Was looking at Anker but there are Soo many variants that I'm confused.  Also they are pricey, don't want to deal with returns.  

I have some 45w wireless charger from Samsung that is in the mail (but I believe the max output via wireless for that is 25w)..

Looking forward to recommendations",SamsungGalaxyS26U,4,15,1772499611.0,https://www.reddit.com/r/SamsungGalaxyS26U/comments/1rjb5hd/best_charger_for_s26u/
1rx02qt,Joined the Club this morning,"Joined the Club this morning I went from S22 Ultra to this beast and so far I am impressed. What a leap from Exynos to Snapdragon.

My question is regarding the new Samsung charging speed.
Do I need the 60w brick since I already have the 45w from the S22 Ultra?",SamsungGalaxyS26U,34,9,1773829463.0,https://i.redd.it/3zcqhpep5spg1.jpeg
1rk75j5,I Received My Galaxy S26Ultra on 4th March in Singapore!,I Received My Galaxy S26Ultra on 4th March in Singapore! Never thought it'll be so early.,SamsungGalaxyS26U,47,9,1772585463.0,https://i.redd.it/06zhv0inexmg1.jpeg
1rkjbvx,Screen Protector,"Screen Protector I'm currently using an S21 Ultra, which came with a screen protector pre-installed. I've now ordered an S26 Ultra and would like to get a screen protector for it as well. Which screen protector would you recommend? Spigen? Torras?",SamsungGalaxyS26U,2,14,1772624724.0,https://www.reddit.com/r/SamsungGalaxyS26U/comments/1rkjbvx/screen_protector/
1rsgo3i,Super Fast charging 3.0,"Super Fast charging 3.0 Will my anker 67w ganprime A2669 will show super fast charging 3.0 on my s26 ultra? Some people are saying it wound need PD 3.1 Some are saying it would need PD 3.0 20V=5A If it is below that it won't show 3.0

So confused",SamsungGalaxyS26U,2,12,1773386513.0,https://www.reddit.com/r/SamsungGalaxyS26U/comments/1rsgo3i/super_fast_charging_30/
1rrmuki,Chose white for the first time in 13 years 🤍,"Chose white for the first time in 13 years 🤍 I finally got this phone and chose white instead of the purple one (which is my favorite color) and i don't think i'm regretting at all! The phone on the right is my first touchscreen phone which is the samsung mega, i don't know which version this is though cause appearantly there are two. It still works but lags and very outdated. 

I used to dislike having a white phone so i started getting colored phones, baby pink, gold 3x, rose gold, black, and lavender which is my s23 ultra. Now i think i'm going to start liking white now.",SamsungGalaxyS26U,44,7,1773310548.0,https://www.reddit.com/gallery/1rrmuki
1rrgthl,Best charging cycle?,Best charging cycle? Should I charge my S26 Ultra till 90% or 85%?,SamsungGalaxyS26U,3,12,1773288863.0,https://www.reddit.com/r/SamsungGalaxyS26U/comments/1rrgthl/best_charging_cycle/
1rop0uf,Is there someone here using it right now ?,Is there someone here using it right now ?,SamsungGalaxyS26U,2,12,1773025899.0,https://i.redd.it/qf1dfklasxng1.jpeg
1rug67e,Sky blue case,"Sky blue case If you got the sky blue s26 ultra, what case did you get?",SamsungGalaxyS26U,7,10,1773586686.0,https://www.reddit.com/r/SamsungGalaxyS26U/comments/1rug67e/sky_blue_case/
1ruedqa,What do you think of the Samsung S26U compared to the S25U? I've already got one.😍,What do you think of the Samsung S26U compared to the S25U? I've already got one.😍,SamsungGalaxyS26U,0,9,1773582196.0,https://i.redd.it/ytbkj01gx1og1.jpeg
1rlmo2d,Xfinity preorders,"Xfinity preorders This thread is for any US bases xfinity preorders on the S26 [base plus and ultra]. 

Placed my order last night, on the 4th, and just trying to see who got an update, and also when if they received it early. 

Also very hyped. I have the z fold7 but over time just dont use the folding screen as much as I was hoping I did so I used my elite upgrade to get the s26u purple 512gb. Ooowweeeee im excites.",SamsungGalaxyS26U,2,10,1772729463.0,https://www.reddit.com/r/SamsungGalaxyS26U/comments/1rlmo2d/xfinity_preorders/
1rf1q7f,Trade in Note20 Ultra?,Trade in Note20 Ultra? Love my note20 ultra but if I upgrade to a s26 ultra I get $900 credit. The Note has done well but may be time to retire it. What do you all think? Yay or nay?,SamsungGalaxyS26U,3,11,1772083816.0,https://www.reddit.com/r/SamsungGalaxyS26U/comments/1rf1q7f/trade_in_note20_ultra/
1rp08a8,Sample portrait photos,Sample portrait photos Can I just say how amazing the camera of S26 Ultra is? I mean you can see all the details of my cat's fur.,SamsungGalaxyS26U,31,5,1773062975.0,https://www.reddit.com/gallery/1rp08a8
1rhz47e,Can't wait!,Can't wait! Will pass my s25u to my boy while he upgrades from the s21u.,SamsungGalaxyS26U,22,7,1772376585.0,https://i.redd.it/tmdybguj5gmg1.jpeg
1romzdk,Airdrop Compatibility,Airdrop Compatibility Does the S26 Ultra have airdrop compatible quickshare? Is anyone tried it yet?,SamsungGalaxyS26U,2,7,1773020293.0,https://www.reddit.com/r/SamsungGalaxyS26U/comments/1romzdk/airdrop_compatibility/
1rwq358,Super Fast charging 3.0,Super Fast charging 3.0 will anker 70w nano show super fast charging 3.0 on galaxy s26 ultra any one there using it or who can confirm ?,SamsungGalaxyS26U,3,5,1773797100.0,https://www.reddit.com/r/SamsungGalaxyS26U/comments/1rwq358/super_fast_charging_30/
1rizfon,Doesn't all Samsung phones come with a screen protector already on the phone?,Doesn't all Samsung phones come with a screen protector already on the phone? Maybe I'm tripping but I have the S25U and it has a screen protector already on it. I am getting the S26 next week and I swear the phone comes with a screen protector already on it.,SamsungGalaxyS26U,0,7,1772473081.0,https://www.reddit.com/r/SamsungGalaxyS26U/comments/1rizfon/doesnt_all_samsung_phones_come_with_a_screen/
1rwad6v,Honest Criticism,"Honest Criticism I'm sad samsung is now trying to get their own wallet garden in a way, specifically with their headphones and audio codecs. I get that I probably can't tell much of a difference between regular AAC and aptX HD and snapdragon sounds etc but why the hell can we not get the same wide variety of codecs that OnePlus gets and other android phones? It's not a big enough deal to draw me to one of those phones yet but its really irritating that they are pulling an apple in that category. I love my S26 so far but while the battery life is good, why can't we get a bigger silicon carbon battery like those phones at this price point?",SamsungGalaxyS26U,6,4,1773762670.0,https://www.reddit.com/r/SamsungGalaxyS26U/comments/1rwad6v/honest_criticism/
1rufv1e,60 Watt Car Charger,60 Watt Car Charger I bought the ugreen nexode 90watt but it's only charging my s26 ultra at 20-22 watts (tested using accubattery at 8%).  Does anyone know what car chargers work to get the full speed?,SamsungGalaxyS26U,1,4,1773585925.0,https://www.reddit.com/r/SamsungGalaxyS26U/comments/1rufv1e/60_watt_car_charger/
1rru3jh,Message Theme Question,"Message Theme Question Sorry, new to all this Samsung Ultra stuff. I've tried locating Samsung messages in Samsung App store and Google App store. Did they get rid of it? Or am I just derp? 🤣🤣.

I am not in dark mode and everything else is working...but messages. 

Thanks!!",SamsungGalaxyS26U,1,4,1773329888.0,https://www.reddit.com/r/SamsungGalaxyS26U/comments/1rru3jh/message_theme_question/
1rrptcr,Pairing mess,"Pairing mess Finally able to pair a Felix 7x solar with new s26 ultra…had to do a reset on watch to get them to pair, now wondering how long before the watch behaves in terms of giving sleep scores and training readiness? One night obviously not enough? Thanks in advance!",SamsungGalaxyS26U,0,3,1773319622.0,https://www.reddit.com/r/SamsungGalaxyS26U/comments/1rrptcr/pairing_mess/
1roa1me,Transferring from Verizon S23U to Unlocked S26U on Verizon questions,"Transferring from Verizon S23U to Unlocked S26U on Verizon questions I've always had Verizon installed Galaxys but was tired of all the bloat ware from them on the phone so I went for the Unlocked directly from Samsung this time.

Question 1: how do I transfer the number from the S23 to S26?  Is it just a physical Sim card switch?  Do I have to activate it through Verizon or can I just switch the physical sim and it will work?

Question 2: Can I keep my grandfathered in free Disney+ plan because I didn't do financing through Verizon and my S23 is paid off too and I wouldn't have to do their normal plan switch when upgrading through them if the plan is no longer offered? 

Question 3: I've read that Verizon Visual Voicemail won't install or at least won't work on an Unlocked phone. Is this the case and if so are there alternatives instead of having to call in to get yoir voicemail with another app?  I also have Verizon's call filter.  Does this still work or will I just stop paying for the Verizon upgraded one and get a different one?",SamsungGalaxyS26U,4,3,1772989350.0,https://www.reddit.com/r/SamsungGalaxyS26U/comments/1roa1me/transferring_from_verizon_s23u_to_unlocked_s26u/
1rtrf8j,So did they give us 60w charging to compensate how fast the battery drains?,"So did they give us 60w charging to compensate how fast the battery drains? I'm getting very confused why my 3 day old 26 ultra drops battery like a dead fly. I'm doing door dash and been on the phone for 3 hours with my uncle, nothing different than I would have on my 25 ultra and I'm down to 45% but only been dashing for an hour. I get they are bigger battery draining tasks but still my 25 ultra would have been at 70% or better and the iPhone 17 pro max I had would have been 80% or better yet",SamsungGalaxyS26U,0,2,1773514093.0,https://www.reddit.com/r/SamsungGalaxyS26U/comments/1rtrf8j/so_did_they_give_us_60w_charging_to_compensate/
1ruauft,Migration process from Pixel to S26U,"Migration process from Pixel to S26U Hi guys,

I'm in the process of moving from Pixel 7 Pro to a Galaxy S26 Ultra.  
I don't get exactly what is handled within the android system backup.

Will I recover my apps when I connect ? With or Without data ?

in the good old days I rooted my phones and used titanium backup to get the job done but I didn't want to root my pixel.  
I'm also concerned for most mfa tools like google auth and microsof authenticator.

Are there tools / steps useful for data migration from phone to phone ?

Many thanks for your help / feedback",SamsungGalaxyS26U,3,1,1773571194.0,https://www.reddit.com/r/SamsungGalaxyS26U/comments/1ruauft/migration_process_from_pixel_to_s26u/
1rr0w2a,RCS Transfer from Pixel,"RCS Transfer from Pixel I'm picking up my S26 Ultra in about an hour, coming from a Pixel 9 Pro.  I'm wondering if RCS and RCS Group Chats can be transferred?  I have a lot of history in those messages and search history often to find things.  Is that an option?",SamsungGalaxyS26U,1,1,1773251446.0,https://www.reddit.com/r/SamsungGalaxyS26U/comments/1rr0w2a/rcs_transfer_from_pixel/
1rx325r,Problem: magnetic powerbank,"Problem: magnetic powerbank Hey everyone!

​I recently picked up a Samsung S26u! I know it's a beast, but I'm trying to keep the setup clean and functional.

​I’m looking for some accessory advice, specifically for MagSafe compatibility. I need two things:
- ​A MagSafe Power Bank: I need something budget-friendly that does not interfere with the massive camera bump. I've seen some that sit too high and won't stick flat. Something slim but reliable is the goal.
- ​A Flat MagSafe Case: I’m looking for a case that has the magnets built-in but stays completely flat on the back. I hate those cases with a protruding lip around the magnets or the cameras that make the phone wobble or prevent the power bank from making full contact.

​Does anyone have recommendations for a combo that works?
-​ Power bank that fits perfectly below the camera island?
-​ A slim, flat MagSafe-compatible case (TPU or silicone is fine)?
- ​Ideally, brands that won't break the bank (Anker, Baseus, etc.)?
- ​Also, if you have any other ""must-have"" budget accessories for the S26, let me know!

​Thanks in advance!",SamsungGalaxyS26U,1,0,1773838386.0,https://www.reddit.com/r/SamsungGalaxyS26U/comments/1rx325r/problem_magnetic_powerbank/
1rq2xjk,Ram plus feature!,"Ram plus feature! Hello everyone,  
I recently bought S26 Ultra and wanted to know what is Ram plus feature?  
Should I turn it off?",SamsungGalaxyS26U,1,1,1773162894.0,https://www.reddit.com/r/SamsungGalaxyS26U/comments/1rq2xjk/ram_plus_feature/
1rwbar4,No me aparecen notificaciones,"No me aparecen notificaciones Para resumir. En mí A56 con la pantalla apagada, cuando me entraba una notificación me aparecía pequeño el ícono de la aplicación, ahora con el S26 ultra no. Tengo que tocar 2 veces la pantalla para ver qué me llegó. Cómo puedo configurar eso?",SamsungGalaxyS26U,1,0,1773764628.0,https://www.reddit.com/r/SamsungGalaxyS26U/comments/1rwbar4/no_me_aparecen_notificaciones/
1rijjpu,96 Hours with Galaxy S26 Ultra,"96 Hours with Galaxy S26 Ultra Here are my major deciding factors if I were considering to upgrade. To kick things off as a Samsung Partner I got to try out the device in person at Galaxy Unpacked. 

1. Privacy Display: The tech behind this is crazy good! It’s one thing to say “you can get the same from a privacy screen protector” you CAN’T! Because this feature lets you control if you want to only block notifications from certain apps or when you’re scrolling certain apps like your bank apps but you can also turn it on for the whole display. Or turn it off when you want as someone that has tried privacy screen protectors and hates how deem it makes my screen in all scenarios I welcome this new technology and I hope it hey add it to their laptops because that would be amazing!

2. Recording to external drive with the new APV codec and having cinematic looks right out the phone is amazing and as a content creator I will be using this feature often.

3. There’s also new improved camera sensors that let more light in and capture more detail, as a point and shoot kind of girl I couldn’t welcome this more!",samsunggalaxy,157,106,1772426826.0,https://www.reddit.com/r/samsunggalaxy/comments/1rijjpu/96_hours_with_galaxy_s26_ultra/
1reteq5,S26 Ultra’s 'Privacy Display' has a permanent HARDWARE flaw nobody is talking about,"S26 Ultra’s 'Privacy Display' has a permanent HARDWARE flaw nobody is talking about While everyone is hyped about the built-in Privacy Mode, I think Samsung made a huge compromise on display quality that isn't being mentioned in some reviews.


**1. The Resolution & Brightness Hit (When ON):**

When Privacy Mode is ON, the panel uses a ""Sub-pixel Masking"" technique. Half the pixels are effectively disabled or dimmed to narrow the light path and viewing angles. 

The result? A noticeable drop in peak brightness and a lower resolution because now only half the pixels work.


**2. The ""Permanent"" Hardware Tax (When OFF):**

This is the real deal-breaker. Even with Privacy Mode OFF, the viewing angles are objectively worse than the S25 Ultra. Why? Because the dedicated ""Directional Pixels"" have a physical light-shielding layer.
This means:

* Color Shift: Even at slight tilts, you see a shift in whites.

* Side-view Dimming: If you’re showing a photo to a friend next to you, the screen looks as dim to him as it you when you turn the Privacy Mode ON because both of you in these situations will only see half the pixels. 


**In addition:** the new Anti-reflective coating seems to be worse than the S25U


These are my thoughts, what do you guys think? Am I overreacting or is this a deal-breaker for you too?",samsunggalaxy,1297,538,1772061499.0,https://www.reddit.com/gallery/1reteq5
1rlg9rb,S26 Ultra Return due to display,"S26 Ultra Return due to display I pre-ordered the S26 Ultra the same day it was released in the UK. Thought that the privacy feature was really cool and I really didn't have any issues with the following:

1. Reduced resolution during privacy mode
2. Reduced brightness during privacy mode
3. Slightly less viewing angle in normal mode

None of the above really hampered my usage or affected my desire to buy the phone.
I also didn't care about it being 8 bit + plus FRC.

Then at an airport I happened to check it out. As soon as I laid my eyes on it I could see hazy edges around UI elements and text with fringes around the border.
I checked and the privacy mode was switched off.
There was no issue with pictures and videos, in fact I thought they were quite vibrant but even next to my old S21 Ultra I could definitely see that the whole screen really looking pixelated.

Then I read about the reports of eye strain and grainyness on the display and I could definitely concur. The text especially seems odd and edges of boxes and boundaries seemed to diffract in away that seemed 'wavy' for a want of a better word and also pixelated.

I also requested my brother to check and he saw the demo unit at two different places and said the exact same thing!

I don't know why reviewers are not pointing this out, maybe me and my brother are more sensitive to these display aberration compared to previous Samsung displays.
To point out, we love Samsung displays, I have been waiting to upgrade my S21 Ultra for 5 years now and was really excited but this really was a deal breaker.

And I think its not because of the anti reflective coating, I firmly beleive the alternating pixel sizes/shape and the arrangement is causing this viewing experience even with privacy mode off. The brightness also seems to have taken a hit with the private mode off.

I have cancelled my order for these reasons. Thought I'd share our experiences if it helps anyone making a decision on these new phones.",samsunggalaxy,153,261,1772713474.0,https://www.reddit.com/r/samsunggalaxy/comments/1rlg9rb/s26_ultra_return_due_to_display/
1rdlq0s,Why is everyone acting like the S26 Ultra is a disaster already?,"Why is everyone acting like the S26 Ultra is a disaster already? i think this wil get a lot of downvotes but 

Honestly, I feel like a lot of the criticism around the S26 Ultra is being blown way out of proportion.

People keep talking about the new lens as if it’s automatically going to be worse, but the reality is: nobody actually knows yet. Rumors about a smaller sensor or different hardware don’t instantly translate to bad image quality. Samsung has tweaked camera setups before with perfectly fine results.

The same goes for charging. If 60W charging gets you to \~80% in around 30 minutes (still unconfirmed of course), paired with a 5000mAh battery… does this really matter that much in day-to-day use? Most people charge overnight or top up during the day anyway.

And the privacy display is actually a genuinely interesting innovation, yet that barely gets any credit compared to the endless nitpicking.

It just feels like people are obsessing over spec sheet details that, for the vast majority of users, won’t make any meaningful difference in real life. 

Almost nobody truly needs the extreme, over-the-top features people keep demanding.

Curious if others feel the same, or if I’m missing something here.",samsunggalaxy,342,472,1771952274.0,https://www.reddit.com/r/samsunggalaxy/comments/1rdlq0s/why_is_everyone_acting_like_the_s26_ultra_is_a/
1rerilg,Galaxy S26 is a big disappointment,"Galaxy S26 is a big disappointment In my opinion with the new phones it’s just a 2026 version of last year’s models. The only thing that’s interesting to upgrade for is Privacy Display. S26 & S26+ cost $100 more and bring nothing new, S26 Ultra bring nothing new except for Privacy Display. What in the world Samsung is doing now

Pre-ordered also a mess. No free storage upgrades either in the US. I guess all good things come to an end and this is it. S26 bring nothing new which is crazy from Samsung. They are good phones of course but nothing new from last year’s models. That’s all I’m saying",samsunggalaxy,1924,1069,1772057199.0,https://i.redd.it/lua3m6uurplg1.jpeg
1rq9b1l,Samsung S26 Ultra First 24-Hours Impressions,"Samsung S26 Ultra First 24-Hours Impressions I got the S26 Ultra few days early, which was a very nice surprise. I gave it a full 24 hours, made a video about it, and came to these conclusions so far:

* It doesn't feel much heavier than the S25 Edge, but need more handling of it over a longer period of time.
* Privacy Display is very nice for 1.0 tech, just requires the Maximum Protection setting to be on, which I would assume majority will turn on. I have it on for all my work apps, which is working great. I haven't felt bothered by the shift in colors when this is on, given I only have it on for certain conditions.
* The zoom on the camera is incredible. This is my first Ultra, and it came out with some fantastic zoom photos. I can only compare it to the Pixel 10 Pro, which also does great with zoom, but their ""processing"" of zoomed photos is definitely different.
* Front facing camera and video recording is not bad, but I honestly was hoping for a ""center stage"" clone from the latest iPhone models.
* Horizon Lock is cool also, but I'm still trying to see if this will be useful to me vs. regular active stabilization.
* I'm very sad there's no Qi2 magnets built into the phone, but I was also surprised to see a notification pop-up on screen that said my magsafe phone case could interfere with the S-Pen. Maybe this is why Samsung is having difficulties with built-in magnets?

I'm also not sure yet if I'm a fan of this purple....felt like a good idea at the time of ordering it, but I haven't yet adjusted to it.

I'm waiting for those Galaxy Buds Pro4 to arrive tomorrow. I'll then compare those against the Pixel Buds Pro 2, OnePlus Buds Pro 3, and Sony WF-1000XM5s.

Anyway, if interested, I posted my experience here: [https://youtu.be/7B-OTmWlM78?si=4VgcKYQT0tZaarmS](https://youtu.be/7B-OTmWlM78?si=4VgcKYQT0tZaarmS)",samsunggalaxy,140,102,1773176390.0,https://i.redd.it/hqcdqlqo7aog1.jpeg
1rohjro,So disappointed. Was looking forward to S26 Ultra.,"So disappointed. Was looking forward to S26 Ultra. I have an S21 Ultra, so am forced to upgrade. (Honestly wouldn't need to, but I'm not getting security updates.)

I was waiting for the S26 Ultra because I really wanted the magsafe feature.  Of course they didn't include it. Then they add this shitty privacy screen which reduces the resolution by half when it's on and it makes the regular display worse even when it isn't.

MKBHD basically ripped this phone to shreds saying the only thing Ultra about it was the price. 

I had so been looking forward to upgrading and I'm so familiar with the Samsung ecosystem that I don't want to switch but I feel I almost have to. 

I don't like to reward bad behavior and Samsung has just made one horrible decision after another with this phone.

What's the most premium phone that's available these days that isn't a Samsung?",samsunggalaxy,0,21,1773006509.0,https://www.reddit.com/r/samsunggalaxy/comments/1rohjro/so_disappointed_was_looking_forward_to_s26_ultra/
1rn9ydv,Galaxy S26 Ultra: After One Day,"Galaxy S26 Ultra: After One Day Coming from an Iphone 15 PM user, I was getting tired of IOS interface and wanted something new. Got this pre ordered beautiful S26 Ultra in blue. I put a benks armor case on it. The display is simply beautiful, if you have any tips for users switching from iphone or any cool tips lmk. Loving it so far tho.",samsunggalaxy,771,430,1772890034.0,https://www.reddit.com/gallery/1rn9ydv
1qp8ki5,Exclusive: Samsung S26 Ultra Introduces Localized Privacy Screen Technology,"Exclusive: Samsung S26 Ultra Introduces Localized Privacy Screen Technology The Samsung S26 Ultra takes privacy far beyond a traditional full-screen privacy mode. Instead of dimming or restricting the entire display, it introduces localized privacy control, protecting only the content that actually needs to stay private.

How it works:

	•	You can apply privacy protection to specific areas of the screen, such as message notifications or sensitive pop-ups.

	•	From your direct viewing angle, the content remains fully visible and clear.

	•	From side angles, the protected area turns completely black, making it unreadable to others.

	•	Meanwhile, the rest of the screen stays normal, bright, and unaffected.

Why this is a big deal:

	•	No more darkening or limiting the entire display just for one private message.

	•	Offers precise, content-level privacy instead of blanket screen restrictions.

	•	Highly practical in public environments like elevators, metros, queues, and cafés.

	•	Improves real-world usability without compromising visibility for the user.

This feels like a genuinely smart and practical privacy upgrade one that protects sensitive content with precision while keeping the rest of the screen fully usable.",samsunggalaxy,3282,301,1769598820.0,https://www.reddit.com/gallery/1qp8ki5
1r3jmes,Samsung Galaxy S26 Series is coming soon!,Samsung Galaxy S26 Series is coming soon!,samsunggalaxy,1526,814,1770970421.0,https://i.redd.it/rpu8x5csz7jg1.png
1qsutxn,Official images of the Galaxy S26 Ultra are finally out,"Official images of the Galaxy S26 Ultra are finally out Samsung just dropped the official image of the Galaxy S26 Ultra, and it looks… very familiar, yet refined.

Flat edges, massive camera rings, and the S Pen still here. The camera module looks cleaner and more confident, less cluttered than before. Samsung clearly isn’t reinventing the design, just polishing what already works.

Thoughts? Is this premium minimalism or playing it too safe for an Ultra flagship?",samsunggalaxy,1392,523,1769941012.0,https://i.redd.it/9cffufbczugg1.jpeg
1r58rgs,Difference between Samsung S25 Ultra & S26 Ultra,"Difference between Samsung S25 Ultra & S26 Ultra Galaxy S25 Ultra → Galaxy S26 Ultra

• 6.86"" M13 → 6.89"" M14  
• Anti reflective Coating → 3rd Gen Anti reflective Coating  
• N/A → Privacy Display  
• SD 8 Elite → SD 8 Elite Gen 5  
• 9.6Gbps → 10.7Gbps RAM speed  
• 5000mAh + 45W → 5000mAh + 60W  
• 15W wireless → 25W wireless  
• 200MP HP2 f/1.7 → 200MP HP2 f/1.4  
• 50MP 5x f/3.4 → 50MP 5x f/2.9  
• 10MP (1/3.52) 3x → 10MP (1/3.94) 3x.                                                                                                                                       • Samsung 80 degree FOV in Selfie Cam → Sony 85 degree FOV in Selfie Cam  
• Boxy Frame → Rounded Frame  
• 8.2mm → 7.9mm  
• 218gm → 214gm  
• Titanium → Aluminium",samsunggalaxy,1181,630,1771141470.0,https://i.redd.it/1kskmkrn4mjg1.jpeg
1rnugcx,From S23 Ultra to S26 Ultra - My impressions,"From S23 Ultra to S26 Ultra - My impressions So, I took the plunge, pre-ordered the S26 Ultra, 512GB in Silver Shadow and used it for a day. I was skeptical reading through reddit, about how ""not so great"" the new phone is. How bad the display is.

However, these are my observations in this short time.

* The display is as sharp as the S23 Ultra. There is no problem with text or anything. It is fine. Privacy display tech is worth the hype. It's nice to have. Not a ""must have"". But not a degradation of the current display either. As a mediocre user, I find the display reasonably good!
* The phone is lighter. It can be felt. But the build quality is like a flagship, nonetheless. I haven't used the Titanium phones, but coming from the S23 Ultra, there is no lack of build quality.
* Screen is flat. So, now I get to use the tempered glass protectors, something I never succeeded with my previous phone.
* Fingerprint scanner is way faster than the S23U.
* The phone is much much snappier to use. The difference in speed is easily noticeable. Apps install faster, open faster, load up faster.
* Cameras seem to be fine.
* Battery definitely is stronger. Of course, compared to a 2.5yr old phone, any new phones' battery should feel better. I do not see worrying about the battery anytime soon.
* Also bought the 60W Samsung charger and it is the same size as the 45W charger.
* The phone came with a USB cable capable of 3A charging (as mentioned in the leaflet). It is thinner than the cable that was included with the old 45W charger.
* Viewing angles, when the phone while it is kept flat on a desk and while looking at it from an angle, it has a slight discoloured hue. But I personally never found myself doing that in real life. So, it's something that doesn't bother me.
* I don't usually use AI stuff much, so I don't have anything to comment on it.
* The phone is more uneven than the S23 Ultra, it does move more when on a table without a case.

Overall, it is a lot of money for an upgrade. But it does give a faster and more slightly more refined experience. Should you upgrade from the S23U ? *I think* if you love the way your phone works for you, you can wait. If you want a faster but similar experience, get the new one. Prices have gone up anyway, they will remain high for generations to come. I wouldn't be surprised if they go up further too. Samsung started it, the rest will continue.

Images were captured on the S23Ultra. Case and screen protector are both from ESR.",samsunggalaxy,1353,381,1772941874.0,https://www.reddit.com/gallery/1rnugcx
1rv9h1d,Samsung is offering small refund if you try to return your S26 ultra,Samsung is offering small refund if you try to return your S26 ultra,samsunggalaxy,1000,464,1773667778.0,https://i.redd.it/dn8084jusepg1.png
1r17exs,Samsung Galaxy S26 Series Full Specs,"Samsung Galaxy S26 Series Full Specs Ladies and Gentlemen here are the full Specs of S26 Series leaked;

Are you planning to upgrade?

via u/WinFuture

[https://x.com/WinFuture](https://x.com/WinFuture)",samsunggalaxy,806,575,1770745186.0,https://i.redd.it/74xlr4gjepig1.jpeg
1q8z2vi,Samsung Galaxy S26 Ultra reportedly charges 0-75% in 30 minutes (60W),"Samsung Galaxy S26 Ultra reportedly charges 0-75% in 30 minutes (60W) * Official test results reportedly show the Samsung Galaxy S26 Ultra can charge from 0-75% in 30 minutes with its new 60W charging.
* These results were tested under Samsung's controlled conditions.
* In real-world use, charging time may be longer or shorter depending on various factors.

**Source:** [Ice Universe (X)](https://x.com/UniverseIce/status/2009257679580221607)

**Image credit:** [Steve H.McFly (X)](https://x.com/OnLeaks/status/2005973943585497152)",samsunggalaxy,979,338,1768034441.0,https://i.redd.it/qz08ajaphhcg1.png
1rkput2,Just got my s26 ultra ama,Just got my s26 ultra ama,samsunggalaxy,583,494,1772641394.0,https://www.reddit.com/gallery/1rkput2
1n9y5x2,Samsung S26 Ultra first look. What do you think?,Samsung S26 Ultra first look. What do you think?,samsunggalaxy,1132,575,1757161271.0,https://i.redd.it/t9dp671mejnf1.jpeg
1q40d5g,S26 Ultra colors,"S26 Ultra colors (Rumored) leaked S26 ultra colors.                               
neither of these four colors has ‘Titanium’ in its name, That could mean that Samsung is ditching the titanium frame for the ultra, and it will use aluminum once again.",samsunggalaxy,1351,200,1767557839.0,https://i.redd.it/92kbxk0y4ebg1.jpeg
1rox6u4,S26 Ultra is very refined but with disappointing display quality,"S26 Ultra is very refined but with disappointing display quality I don't want to get too repetitive since everything has been covered already pretty much. Phone feels very quick and snappy, battery life is amazing, definitely the most refined ultra to date but there is one ""but"", Display...

Not sure where to begin. The moment I turned it on, something was off. It's hard to explain and can't be captured on photo, you have to see it. When looking at letters, I've noticed this type of oily/fuzzy, shimmering type of effect around edges. I didn't experience any eye strain necessarily but text is no longer crisp as you got used to see on S25U or previous Ultras. I adjusted resolution to QHD+, played with vivid / natural modes and nothing really helped. The easiest way to spot it was on the settings panel (when reading labels) or when reading any type of article / book with white letters for example, visible on blue button labels on openlibrary.org for example. Just to note: I have no problems with view angles. They are totally fine. 

Pretty distracting and disappointing experience. I can understand why some people with too sensitive eyes can get a headache or eye strain. There has been plenty of reports already. Samsung pretty much sacrified entire quality and crispiness of display to release this gimmicky privacy display feature with wide and narrow pixels that are primary cause of the personal issue I described. 


Before Samsung knights come here to defend, just want to clarify this is my personal experience and your mileage may vary of course. 
My eyesight is perfectly fine and I don't suffer from 480hz PWM as well. 
Also as someone who used S23U, S25U and S24U for a bit, even with its grainy / mura infamous [display panel](https://www.reddit.com/r/GalaxyS24Ultra/s/wm4w7FxjnW) I'm pretty much sure S26 Ultra's display panel has probably the worst viewing experience and it's an absolute downgrade vs S25U to be honest. 
S26U is going back, just sucks because other than display, phone is very solid.",samsunggalaxy,492,375,1773054196.0,https://www.reddit.com/gallery/1rox6u4
1req9zw,Samsung Galaxy S26 Ultra over 3 DOWNGRADES vs S25 Ultra,"Samsung Galaxy S26 Ultra over 3 DOWNGRADES vs S25 Ultra 1st - lower battery cycles from 2000 to just 1200

2nd - 3x camera has now smaller sensor 1/3.94"" vs bigger in S25U 1/3.52""

3rd - Display has bigger bezels \~90.7% screen-to-body ratio vs smaller in S25U \~92.5%

Infamous mentions:

\- downgraded to just aluminium from titanium in old S25 Ultra

\- dodgy Exynos in S26

\- It is only thinner because... it is taller and wider

\- it has same 12GB RAM as two years old Pixel 9 (non Pro) which has just 128GB storage

\- battery smaller than even Pixel 10 Pro XL

\- no Qi2 magnets

\- dark display 2600nits vs 2700nits in ancient MIDRANGE Pixel 9 (non-Pro)

IF this so-called flagship S26 is Ultra - then Pixel 9 Pro should be named Pixel 9 Turbo Jet and Pixel 10 Thunder Lightning

\---------

UPDATE:

\------------

Additionally  it has OLD Bluetooth 5.4 vs Pixel 10 and low end Pixel 10a has BT 6.0 which will be more helpful for trackers for precision tracking like Apple has",samsunggalaxy,549,295,1772054438.0,https://www.reddit.com/r/samsunggalaxy/comments/1req9zw/samsung_galaxy_s26_ultra_over_3_downgrades_vs_s25/
1rbehkq,Final Difference Between Samsung S25 Ultra and Samsung S26 Ultra,"Final Difference Between Samsung S25 Ultra and Samsung S26 Ultra Galaxy S25 Ultra → S26 Ultra

• 6.9” M13 QHD+ Dynamic Amoled Display → 6.9” M14 QHD+ Dynamic Amoled Display  
• 8-bit display → 10-bit display  
• n/a → CoE panel  
• n/a → Privacy Display  
• 2nd gen Anti Reflective Coating → 3rd gen Anti Reflective display Coating  
• f/1.7 → f/1.4 Main aperture  
• f/3.4 →f/2.9 Periscope aperture  
• 12/50/200mp → 12/24/50/200mp main resolution options  
• Samsung Selfie → Sony Wider Selfie Camera  
• Gorilla Glass Armor 2 → Higher Strength Gorilla Glass  
• SD 8 Elite for Galaxy → 8 Elite Gen 5 for Galaxy  
• Vapor Chamber → Bigger Vapor Chamber  
• 5000 with 45w Wired Charging →5000 with 60w Wired Charging  
• 15w Wireless Charging → 25w Wireless Charging  
• 8.2mm thin → 7.9mm thin  
• 218g (Ttitanium frame with Boxy design) → 214g (Aluminum frame with Rounded design)  
• Limited 16/1TB → Global 16/1TB model  
• 8.5Gbps ram speed → 10.7Gbps ram speed.",samsunggalaxy,489,306,1771741584.0,https://i.redd.it/anmtsdexozkg1.jpeg
1rud4dp,Should I wait for Samsung to fix the S26 ultra display issue or resell it?,"Should I wait for Samsung to fix the S26 ultra display issue or resell it? It’s been a week since I started using this device, and it’s giving me eye strain and headaches. My old device, the Moto Edge 60 Pro, which is 5× cheaper than the S26 Ultra, actually has a better display when playing HD videos side by side. Don’t get me wrong—the phone is great. The camera, software, and performance are top-notch, but the display looks dull. I even went to the Samsung service center, and they told me they don’t have any return policy. I was really excited about this device and even bought two years of insurance. Now that I’ve posted it for sale, people are offering very low price. It's really frustrating",samsunggalaxy,343,367,1773578706.0,https://i.redd.it/kigfush2g7pg1.jpeg
1rwllym,I work as a Samsung Promoter. Here is my 100% honest review about the S26 ULTRA.,"I work as a Samsung Promoter. Here is my 100% honest review about the S26 ULTRA. Hello everyone,
Since I work in Samsung as a Promoter.. and I've been a Samsung user since many years.. Here is my honest review about the S26 ULTRA after using it for 15 days.

• First let's start talking about the previous S series that were doing perfect.. especially the S24 ULTRA which felt the peak of what a smartphone could be. Now it feels like companies are just trying to add those extra layers to reach ""Absolute perfection"" and ofc sacrificing some things (eg: Bluetooth in S PEN, Titanium frame...) 

• The main marketing hook this year is the privacy screen.. and we can say that the screen technologies are a Samsung thing.. From a sales prescriptive the feature is a massive selling point and some customers are buying specifically for that feature.. But for me I don't even use it unless I customise it for PINs, Passwords...etc. Since it's a trade-off (slight brightness, less quality).. I  really prefer to have them more than the privacy feature. 

• Things that I like :

- Performance.
- The video capturing especially if u dive into the PRO settings.
- The Ai image editing (text to image)  is unlimited.
- The colors look more vivid.
- It feels premium more than the S25 Ultra.

• Things that I don't like: 

- Lack of big innovation.
- No battery improvements.
- Long usage of the camera, gaming can lead to the heating issue even though the vapor chamber is bigger now.",samsunggalaxy,504,176,1773786389.0,https://i.redd.it/wqh88ndmlopg1.jpeg
1rswapo,Ngl samsung has lost a lot of design aura when it comes to their ultra phones.,"Ngl samsung has lost a lot of design aura when it comes to their ultra phones. S26 ultra looks like most blandest , forgettable Cookie cutter flagship phone I've seen in a long time. Bland design that looks like its a A series phone ,Extremely bland muted colors( Even iphone has that vibrant orange now and more design language). The last looking ultra was s24 ultra and am gonna die in this hill.",samsunggalaxy,589,148,1773428326.0,https://www.reddit.com/gallery/1rswapo
1rqrh3y,US region - free storage upgrade is being offered right after pre-order period ended for S26 Ultra 💀,"US region - free storage upgrade is being offered right after pre-order period ended for S26 Ultra 💀 What a shady move by Samsung. That moment pre-order period ended they started offering a free storage upgrade 😂 

Compare what you paid before March 11 and now. If you didnt do trade-in, you definitely got screwed by $260 or more if you got $1T version. With trade-in I think price is cheaper too now, by ~$50 or more if you got 1T version, since they lowered trade in values but you still end up paying a bit less with free storage upgrade promo.",samsunggalaxy,252,289,1773229483.0,https://i.redd.it/8hqwmmpnleog1.jpeg
1qbicgu,"If this S26 Ultra orange colour option turns out to be true, Samsung’s design team ought to be ashamed of themselves.","If this S26 Ultra orange colour option turns out to be true, Samsung’s design team ought to be ashamed of themselves. https://www.androidcentral.com/phones/samsung-galaxy/s26-ultra-thinborne-case-leak

The titanium frame, the 3rd gen Samsung earbuds, the price alignment of the ultra devices with the pro max line, the galaxy watch ultra and now the same orange colour (yes Samsung has had a Samsung store limited orange variant but it clearly wasn’t this shade/finish and it certainly wasn’t a mainline SKU) - I genuinely don’t know why they continue to do pull this crap.",samsunggalaxy,627,151,1768280095.0,https://i.redd.it/q5rb7exks1dg1.jpeg
1qsr4hz,Official promo images of Galaxy S26 Ultra began to emerge online! It's so exciting 😀,Official promo images of Galaxy S26 Ultra began to emerge online! It's so exciting 😀,samsunggalaxy,405,201,1769928170.0,https://i.redd.it/6zxvrad5xtgg1.jpeg
1rdryjd,The 3x telephoto sensor of S26 Ultra is this small (almost ten times smaller) compared to Find X9 Ultra's.,The 3x telephoto sensor of S26 Ultra is this small (almost ten times smaller) compared to Find X9 Ultra's. samsung really fell off this time,samsunggalaxy,435,162,1771965522.0,https://i.redd.it/y9rzw5z87ilg1.jpeg
1ot5lpo,"BREAKING: Samsung Galaxy S26 series may launch in January 2026, first sale in February!","BREAKING: Samsung Galaxy S26 series may launch in January 2026, first sale in February! Samsung may have been reconsidering the launch timeline of the Galaxy S26 series in 2026. A recent report hinted at a 4-week delay in the unveiling, but the latest report suggests there will be no delay.

Korea’s credible media outlet Chosun reports that Samsung is preparing to launch the Galaxy S26 series as early as late January 2026. The company is aiming to start the first sale of the new flagships in February.

Now, a source familiar with Samsung Electronics stated,

“The removal of the Edge and addition of the Plus model lengthened the hardware verification period, which nearly delayed the launch, but this issue was resolved, making the February launch next year possible.”

If we go by the previous reports, the official launch was anticipated to land on February 25, 2026. After a two-week pre-order period, the public sale was expected in the first week of March in dozens of countries worldwide.

The report reiterates that the S26 Edge plans were scrapped due to low sales of the S25 Edge. Samsung had to revive the S26 Plus as the difference in sales volume was huge, and it could have caused a big loss in revenue.",samsunggalaxy,523,173,1762752583.0,https://i.redd.it/1eb39nbg8d0g1.jpeg
1pzh6v4,First hands-on video of the Samsung Galaxy S26 Ultra,First hands-on video of the Samsung Galaxy S26 Ultra **Source:** [Steve H.McFly (X)](https://x.com/OnLeaks/status/2005976193062035804),samsunggalaxy,419,162,1767098632.0,https://v.redd.it/ez00obca7cag1
1p0e6dm,Is it worth upgrading to the S25 Ultra now or wait till the S26 ultra,"Is it worth upgrading to the S25 Ultra now or wait till the S26 ultra Currently i have the S24+ i have always wanted the ultra phones for the pen, enhances battery and camera but never have because of the square corners but now they are rounded i really want one but i have told myself to have my S24+ for 2 years as it is and still is a fantastic phone but it is dying. I am a chronic phone user with severe anxiety and ADHD so i am constantly playing games on my phone while watching TV as i just can't sit and concentrate on something - good for the brain bad for the phone battery as i am constantly on it to keep my mind occupied or doom scrolling at 3am. My S24+ contract is now over as i paid it off and i have had it for 21 months which is the longest i have had a phone cause i have loved it so much. But do i wait for the S26 ultra just to see if something better is about it as the comparison from the S23 -S24-S25 ultra enhancements have been minimal but no other phone offers the battery to amazing camera levels as this. Unless anyone else can recommend something completely different and with the new phone coming out soon this is a good deal at the moment as well - I have stalked this page for 6 months and legit seen the prices going down not just black friday bullshit deal.",samsunggalaxy,330,221,1763478083.0,https://i.redd.it/g8chrhfl412g1.png
1oj3opu,first look to s26 ultra (black),first look to s26 ultra (black) s26 ultra official look! samsung is curving the corners more for better comfort witj curved spen (reminds me of note series) 😢,samsunggalaxy,378,202,1761742317.0,https://i.redd.it/m4r694zes1yf1.png
1rdqc5o,S26 Ultra in Cobalt Violet,S26 Ultra in Cobalt Violet Leaked Real photo of Galaxy S26 Ultra unit in Cobalt Violet color.,samsunggalaxy,736,62,1771962026.0,https://i.redd.it/f1rt98quwhlg1.jpeg
1riyx87,Best Samsung Galaxy S26 Ultra Case?,"Best Samsung Galaxy S26 Ultra Case? I’m picking up the Galaxy S26 Ultra next week and I’m already stressing about the case

Every clear case I’ve had on past Samsung phones turns yellow after a few months, and the super “protective” rugged ones always make the phone look like some kind of construction equipment. I don’t want my S26 Ultra looking like a brick.

I’ve been digging through a bunch of Samsung cases S26 Ultra listings, but it’s hard to tell what’s actually good vs. just hyped. I’m basically trying to find the best Samsung cases S26 Ultra owners would actually recommend after using them for a while.

I’d love a leather option if there’s a good one out there. Has anyone found a Samsung Galaxy S26 Ultra case in leather that doesn’t start peeling or looking rough after a few weeks? I’m fine paying more if it actually lasts. A nice S26 Ultra phone case that ages well would be ideal.

If not leather, I’m open to other ideas too. Just want a case Galaxy S26 Ultra users feel confident about something slim, protective, and not ugly.

What are you all going with?",samsunggalaxy,148,176,1772471994.0,https://www.reddit.com/r/samsunggalaxy/comments/1riyx87/best_samsung_galaxy_s26_ultra_case/
1ptp77r,S26 Ultra might be a pass for me. First in 10 years,"S26 Ultra might be a pass for me. First in 10 years I have the S24u and before that the s22u and s20 ultra and the s9. Usually upgrade ever 2 years. But I keep getting disappointed when it comes to camera upgrades. It seems like they have been stagnant since the s23 ultra. 

I dont care about a super fast processor for gaming. 

I dont care about extra AI fiddling with my pictures. 

I dont care about 60 watt charging if its still a gimmick that only charges the first 30% that way. So it may drop Charing down from 60 min to 50 minutes? Wow impressive. slow 👏 increase the battery size then.

I do care about capturing a image when I press the shutter. Something instant on iPhone, but lagging on Samsung. 

I do care about increase ram with all the things going on in the phones these days, so I hope they will up to 16gb, unless they cheap out again with 12.

I might we swayed if they rumors of a 1.4 f stop on the main camera pan out. 

Does Samsung not care about fixing their cameras? It seems like all these companies are leaning on AI hype and AI slop. Its like new gpus every refresh. 8 to 10% improvements and people jump

Updated: I went with the Google 10 pro XL. My wife has the 10 pro and the cameras are amazing. I dont trust Samsung to improve much on the S26U. I will still keep my S24U, my young daughter has been bugging me for it. Plus I got a good boxing day plan with my provider for $25 per month for 24 months and the phone is mine. Which is a good deal for the Xl with 512gb. There are things I dont like about pixel camera app, like the inexplicable in ability to switch from rear to front camera will filming. Its obvious just a software thing. Plus I will miss the pen a bit, but since it was already nerfed by Samsung after s24u, maybe I wont.",samsunggalaxy,189,210,1766479929.0,https://www.reddit.com/r/samsunggalaxy/comments/1ptp77r/s26_ultra_might_be_a_pass_for_me_first_in_10_years/
1rtg9lh,"S26 ultra condensation/moisture in lens. Samsung admitted fault, replaced unit. New unit same issue!","S26 ultra condensation/moisture in lens. Samsung admitted fault, replaced unit. New unit same issue! For some reason after 100k views the mods decided to delete my post? Hmm. Interesting...

Samsung admitted a fault and replaced my phone with a new unit, same fault appears. Condensation/moisture inside the lens when Air-conditioning is on in the car. 

Original post:
https://www.reddit.com/r/samsunggalaxy/s/mJtYipeduv",samsunggalaxy,235,121,1773485122.0,https://i.redd.it/vawcfrrspzog1.jpeg
1rmsh7w,My galactic journey takes another step S3→S7→S20+→S26 Ultra,"My galactic journey takes another step S3→S7→S20+→S26 Ultra I've travelled the smartphone road in a Samsung for quite some time. I no longer have my original S3, but all the others are still with me. I tend to use them for years past their prime & trade-in value; flagships are built to last.

My S26U 1TB Cobalt Violet Unlocked arrived today. Now I guess I know what I'll be working on this weekend. 🤓

PS: Order fulfillment was ahead of estimate. Ordered on Tuesday, expected next week, received same week Friday.",samsunggalaxy,343,95,1772836602.0,https://i.redd.it/3pk4ynii3ing1.jpeg
1rf39h2,S26 Ultra Shipping/Delivery Dates,S26 Ultra Shipping/Delivery Dates I’m guessing we will see tracking numbers start to come out this weekend with shipments going out Monday for Wednesday delivery. Just my guess based on past pre orders. Samsung orders generally arrive about a week before the actual “get it by” date,samsunggalaxy,18,281,1772088992.0,https://www.reddit.com/r/samsunggalaxy/comments/1rf39h2/s26_ultra_shippingdelivery_dates/
1rlwob6,Improved Colors! Galaxy S26 Ultra.,"Improved Colors! Galaxy S26 Ultra. The Galaxy S26 Ultra is on top, Galaxy S25 Ultra on bottom.

This clearly shows the benefits of Samsung's new screen optimization using 8-bit + FRC to simulate 10-bit.

Reddit dramatically compresses the images so you can have a look at them in full quality here:

[https://quickshare.samsungcloud.com/a59n9frkyAYf](https://quickshare.samsungcloud.com/a59n9frkyAYf)

  
Watch this video for more details:

TechTalkTV [https://youtu.be/pC6rGfuQ9t0?si=6xeUN-FlEk6O-Nt3](https://youtu.be/pC6rGfuQ9t0?si=6xeUN-FlEk6O-Nt3)",samsunggalaxy,126,174,1772751540.0,https://www.reddit.com/gallery/1rlwob6
1ruztr3,"I love the S26 Ultra, and I also ended up returning it","I love the S26 Ultra, and I also ended up returning it This isn't a post to shit all over the S26 Ultra or go against those who love it and have no issues with it, I have used exclusively Samsung smartphones for the past decade and I even think the S26 Ultra is a fantastic smartphone and I applaud Samsung for experimenting with new features and technologies. 

But after buying and using the S26 Ultra for a few days, I returned it and got a refund. For reasons I don't understand, the privacy display feature, especially when set to max, messed with my eyes and gave me eye strain and a bit of nausea and tiny head aching. And, considering the privacy display is the headlining feature, I couldn't justify keeping the phone. I hope the technology continues to improve, and I envy those of you who can use the feature as-is and not be bothered by it physically.",samsunggalaxy,154,141,1773635331.0,https://www.reddit.com/r/samsunggalaxy/comments/1ruztr3/i_love_the_s26_ultra_and_i_also_ended_up/
1rl31tl,S26 Ultra - coming from Fold 7,"S26 Ultra - coming from Fold 7 Just got the S26 Ultra, have had most of the Folds and Ultras released over the last 6 years or so.

Happy with the phone so far. Only disappointment is that the cases I ordered are both hard cases and feel very cheap. Going to return one and order some other cases off Amazon instead. The screen protector was quite good and always appreciate Samsung's install hardware for screen protectors - makes installation pretty easy.",samsunggalaxy,240,114,1772671375.0,https://www.reddit.com/gallery/1rl31tl
1lpttyo,Fresh Galaxy S26 Ultra battery capacity leak is a total disappointment 😫,"Fresh Galaxy S26 Ultra battery capacity leak is a total disappointment 😫 It’s a bad day for those waiting for solid information on the Galaxy S26 Ultra phone’s battery capacity. A genuine source has just dropped a bombshell: Samsung is not going to bring a real battery upgrade to its next Ultra.

Samsung may repeat the 5000mAh battery capacity in its next Ultra, the Galaxy S26 Ultra. This information is coming from Netherlands-based news outlet GalaxyClub, which has a solid track record of revealing Samsung phone specs early.

The report claims that the Galaxy S26 Ultra will pack a 5000mAh battery. If true, it’s going to be the sixth year of Samsung’s stall on the Ultra battery. Also, it will be another year of relying on software and AI for battery improvements.",samsunggalaxy,276,287,1751457139.0,https://i.redd.it/vf8wl2la9gaf1.jpeg
1qxju0d,"""Samsung will copy Apple with Orange colour on their S26 Series""","""Samsung will copy Apple with Orange colour on their S26 Series"" I deleted my last post as I wanted to add few more Samsung phones in Orange colorway. To show Apple didn't just straight up invent Orange Colour in phones.

The Devices shown:

1: Galaxy Corby —  (2009)

2: Galaxy S4 Active —  (2013)

3: Galaxy S23 FE —  (2023)

4: Galaxy F55 5G — (2024) (Although India only it still counts.)

5: Galaxy Z Flip 6 —  (2024)

6: Galaxy S24 Ultra — (2024)",samsunggalaxy,629,54,1770389890.0,https://www.reddit.com/gallery/1qxju0d
1rp83za,The S26 Ultra display is worse than my 1934 cathode-ray tube TV by Telefunken,"The S26 Ultra display is worse than my 1934 cathode-ray tube TV by Telefunken That's it guys, I don't know how Samsung managed to do this but I will buy my 4th Vivo x300 to compensate my internal suffering. 

Just a glance at my S26 Ultra screen makes me vomit, I can't stand it, the pixels are so big I am seeing Jack Black and a guy named Steve next to me. 

The battery barely lasts 2 days, and it's not silicon carbon, I mean even my nephew toy car is powered by 10.000.000mAh SiC battery, Samsung really settled on this. 

The camera, don't let me start on the camera, it's like my 1998 Pocket Camera by Nintendo no it's even worse. I can't even shoot Jupiter properly! 

So overall guys, I'm returning my S26 Ultra but before that I shoved the, mind you, bluetooth-lacking S Pen up my ass so the Samsung engineers will get the message. 

I hope you all do the same.",samsunggalaxy,279,86,1773080367.0,https://www.reddit.com/r/samsunggalaxy/comments/1rp83za/the_s26_ultra_display_is_worse_than_my_1934/
1rl9zip,"Got my s26 ultra, upgrading from s23ultra.","Got my s26 ultra, upgrading from s23ultra. Been using s23ultra since the release and thought its time for an upgrade because of the limited software support. My s23ultra is still running strong. I have no complaints. I will have it as my back up phone.",samsunggalaxy,257,82,1772691270.0,https://i.redd.it/utxv7sd956ng1.jpeg
1r7u30v,Anyone buying S26 Ultra?,"Anyone buying S26 Ultra? This year I am thinking to move away from Samsung (time will tell), I have been on S23 Ultra since release, S26 Ultra still does not feel like a big upgrade and OS update as usual are getting frustrating for me lately, they are still not interesting in bring more countries into beta testing and even after waiting months for new release, the experience is still not the best.

My Pixel 6 pro with a lot poor hardware has a better software experience overall specially how fluid it feel, my Iphone 16 is always on beta testing and though there are issues, I am glad to at least test out new stuff rather than waiting for months.

With One UI 8.5, they are gonna start rolling out once S26 Ultra is released and I am sure my S23 Ultra would be months down the line to get it. So I am pretty much done with Samsung at this point unless S26 Ultra impresses me in someway",samsunggalaxy,55,162,1771391274.0,https://www.reddit.com/r/samsunggalaxy/comments/1r7u30v/anyone_buying_s26_ultra/
1rjgnfg,First camera impressions (with photos) S24 Ultra vs. S26 Ultra,"First camera impressions (with photos) S24 Ultra vs. S26 Ultra First impressions: S26 Ultra vs S24 Ultra

I was pretty skeptical about upgrading because I was totally fine with my S24 Ultra. The main reason I switched was the cameras. I expected some improvement, but I was also a bit worried it wouldn’t be that noticeable.

Performance-wise, the S26 Ultra feels faster and smoother right away. Everything is more fluid and responsive, so the new processor difference is definitely noticeable.

Camera-wise, one big improvement I didn’t expect is focusing speed. It’s much more efficient than on the S24U. Photos get captured in clear quality much faster. On my S24U I often had to “hunt” for focus, tap multiple times, or refocus to get the perfect shot. Sometimes it would randomly focus on something in the background instead of what I was actually trying to capture. That seems significantly improved here.

I uploaded side-by-side comparison photos for anyone who’s on the fence and really cares about camera quality (like I do). There’s a clear improvement in fine details, especially with animal hair and texture. Night mode shows better detail as well, which makes sense with the bigger aperture letting in more light. Light glare in bright night scenes also seems better controlled.

Video so far has a slightly grayish tone on both cameras. I’m guessing that could get tuned with updates. The front camera is definitely better overall, although I think sharpness could still use a bit more refinement.

One complaint so far: in the Settings menu, the subcategories seem to be removed or reorganized in a way that’s less intuitive. I used to quickly go to storage under Device Care, but now you either have to remember exactly where it is or just use the search bar. It’s not a huge issue, but it’s a bit annoying. If anyone knows how to bring back the old-style layout, please share.

As for the S Pen, it’s noticeably thinner and less ergonomic compared to my S24U pen. The older one sat nicely between the fingers and had a slightly tacky texture that made it easier to grip. The new one feels smoother and can slip more easily. Because it’s so thin, it just doesn’t sit as comfortably between the fingers. That’s definitely a downgrade in terms of feel. That said, I didn’t use the S Pen that much on my S24U, so it’s not a dealbreaker for me personally.

I went with the violet color. It was a hard choice because the sky blue looked really nice in person too.

I was lucky to find it in stock at my local carrier even though their website didn’t show availability yet, so it might be worth checking directly if you’re still waiting.",samsunggalaxy,171,99,1772514813.0,https://www.reddit.com/gallery/1rjgnfg
1r32kmt,I expect that Samsung will remove the S Pen from the S27 Ultra What do you think?,"I expect that Samsung will remove the S Pen from the S27 Ultra What do you think? The release of the S26 is approaching and a year later the S27 series will come out For the record Samsung has basically set a record for the device whose battery capacity hasn’t changed for six years So they’re facing two options either use lithium silicon batteries
which is unlikely or remove the S Pen to increase the battery capacity
Also the fact that they didn’t include magnets for MagSafe in the S26 is one reason why I think this way I don’t find it convincing to say that if the magnets are in a case just a few millimeters away they won’t cause interference but if they’re inside the device they will That’s another argument for removing the S Pen to add MagSafe
So you would lose the pen in exchange for a bigger battery and MagSafe and I’m confident they’re going to do that",samsunggalaxy,95,137,1770923771.0,https://i.redd.it/v1q8a1qi54jg1.jpeg
1olh8mo,Samsung Galaxy S26 Series full specs list has leaked (subject to change),"Samsung Galaxy S26 Series full specs list has leaked (subject to change) **Galaxy S26 Ultra:**

* Exynos 2600 (selected regions, subject to change) / Snapdragon 8 Elite Gen 5
* 6.9"" QHD M14 OLED + AI privacy display
* 200MP main camera (updated sensor)
* 50MP ultra-wide camera (updated sensor)
* 50MP 5x telephoto camera
* 12MP 3x (1/2.55”) or 50MP 3x or bigger 12MP 3x camera (not confirmed)
* 5400mAh battery (last-minute change, not guaranteed)
* S Pen

**Galaxy S26+:**

* Exynos 2600 (selected regions) / Snapdragon 8 Elite Gen 5
* 6.7"" QHD M14 OLED display
* 50MP main camera (updated sensor: 1/1.3"" or 1/1.56"")
* 50MP ultra-wide camera
* 12MP 3x telephoto camera (1/2.55”)
* 4900mAh battery

**Galaxy S26:**

* Exynos 2600 (selected regions) / Snapdragon 8 Elite Gen 5
* 6.3"" QHD M14 OLED display
* 50MP main camera (updated sensor: 1/1.3"" or 1/1.56"")
* 50MP ultra-wide camera
* 12MP 3x telephoto camera (1/2.55”)
* 4200–4300mAh battery

**Galaxy S26 Edge (cancelled):**

* Exynos 2600 (selected regions) / Snapdragon 8 Elite Gen 5
* 6.7"" QHD M14 OLED display
* 200MP main camera (same as S25 Edge)
* 50MP ultra-wide camera
* 4300mAh battery

**Galaxy S26 'more slimmer' model (status: unknown):**

* Exynos 2600
* 6.6"" QHD M14 OLED display
* 50MP main camera
* 50MP ultra-wide + telephoto camera
* ≥4300mAh battery

**Source:** [Fadhel (X)](https://x.com/lafadhel/status/1984032559903256754)

**Updates:**

1. Added the Galaxy S26 Ultra processor info.
2. Source: As someone pointed out in the comments.",samsunggalaxy,150,177,1761979907.0,https://i.redd.it/izyda482elyf1.png
1rlzfem,S26 ultra Samsung exclusive Silver Shadow color,"S26 ultra Samsung exclusive Silver Shadow color Looks pretty good, I didn't expect it to look much different than just a regular grey finish",samsunggalaxy,259,71,1772758294.0,https://www.reddit.com/gallery/1rlzfem
1rpqzfr,One big pro and one big con s26 ultra vs s24u,"One big pro and one big con s26 ultra vs s24u Pro: Samsung has finally upgraded their speakers!!! Being somewhat of a audiophile this stereolike sound was what I missed from iPhone! Another small pro, it feels great on my hand and is better rounded on corners vs my s24u.

Cons: the display is like everyone has noted it's a huge downgrade, I expected it be minor issue but it is bigger than I thought 😢. Eveything is blurry or pixelated is the best way I can describe it from text to pictures and even videos. Am a heavy phone user literally 10hrs+ usage daily. So this got to be huge let down.

Now I am also in the same boat thinking about returning this phone. Damn it! I like the free case too lol. This new upgraded speaker is making this choice so hard.

  
Edit: decided to return it. The pixels and fuzziness, smudge or pixelation or whatever the scenario on the display is unbearable. It's outweighs the better hand feel and better speakers because it is making me dizzy 😵",samsunggalaxy,103,104,1773129874.0,https://i.redd.it/p7azzjn0c6og1.jpeg
1rjsyjd,"Samsung has lied to consumers and the media, it's 8 Bit.","Samsung has lied to consumers and the media, it's 8 Bit. Major media sources were told that Samsung's display for the S26 Ultra is 10 bit and they obvs trusted Samsung.

  
Apparently, after launch and preorders, Samsung decided to reveal that it's actually 8 bit.

  
Most scummy marketing I've seen in a while.",samsunggalaxy,3009,563,1772553314.0,https://i.redd.it/l10qp40tqumg1.png
1rh1ert,Some of the best ways you can get the new S26 ultra without overspending.,"Some of the best ways you can get the new S26 ultra without overspending. Hello everyone. If you’re about to buy an S26 Ultra, here’s how to save a lot of money. 

These method are only for Non-Trade ins.

Method 1 (Best overall):

Buy from Samsung’s website. Add the earbuds + case bundle since it’s basically free with the $150 promo.

At checkout:

Use **PAYPAL50** for $50 off

Use **ref-10f9lv** for 5% off

or new code:**ref-2o56wj**

Pay with PayPal

Also install Capital One Shopping. You might get up to $390 cash back (or less) for spending $650+ on Samsung’s site. If you get that offer, this is easily the best deal.

Method 2:

Amazon has the S26 Ultra with a $200 gift card. Not bad, but you can only use it on Amazon.

Method 3:

Google Fi has it for $999. If you just want the phone, this is a great option.

Drop your codes in the comments if you want 👍",samsunggalaxy,31,129,1772281690.0,https://www.reddit.com/r/samsunggalaxy/comments/1rh1ert/some_of_the_best_ways_you_can_get_the_new_s26/
1rdd6m0,Samsung S26 Ultra vs iQ00 15 Ultra Display Comparison. Both are M14 2K Resolution anc Samsung having Extra Brightness features also. Which one you think is better ?,Samsung S26 Ultra vs iQ00 15 Ultra Display Comparison. Both are M14 2K Resolution anc Samsung having Extra Brightness features also. Which one you think is better ?,samsunggalaxy,128,91,1771930780.0,https://i.redd.it/53xv5nvxbflg1.jpeg
1rpddms,Samsung’s New Galaxy S26 Ultra Gamble Pays Off Early,Samsung’s New Galaxy S26 Ultra Gamble Pays Off Early,samsunggalaxy,65,102,1773091719.0,https://www.forbes.com/sites/jaymcgregor/2026/03/07/samsung-galaxy-s26-ultra-gamble-works-record-preorder-sales/
1rrrqhp,"Quick Review: S26 Ultra (Blue, 1TB, 16GB RAM)","Quick Review: S26 Ultra (Blue, 1TB, 16GB RAM) I picked up the phone, a screen protector, and a case yesterday.
First off, I have to admit I was very hesitant about this purchase, given all the negative comments regarding the screen (specifically reports of eye strain, headaches, and nausea).
My previous phones include the Galaxy S8, Galaxy Note 9, iPhone 13 Mini, iPhone 15 Pro Max, and the Galaxy Z Flip 7. This S26 Ultra is my first ""Ultra"" model from Samsung.

Display Considerations:
In short: I think it’s EXCELLENT! I didn’t feel any discomfort at all, even after using it for several hours straight (Reels, videos, games, etc..). I’m not bothered by how the screen looks at certain angles because, let’s be honest... who actually uses their phone sideways? I understand there are specific situations where that might happen, but in my case, it doesn’t affect anything. The only thing I noticed is that it has slightly less ""glow"" than my Z Flip's screen, but it’s a very minor difference.
The Privacy Mode makes the screen more opaque, but it’s very easy to use and I really like it. So far, I’ve only used it in crowded places while chatting or for banking apps. This mode didn't cause any symptoms either.
I even used the phone while traveling (which usually makes me nauseous quickly since I suffer from motion sickness) but the device didn't make it any worse.

Camera Considerations
I’m really enjoying the camera setup on this model. My previous one was honestly terrible! I like the colors; they look more natural. I’m a big fan of the Pro Mode cause I can experiment with different capture settings. The zoom is excellent too! The only area that could use improvement, in my opinion, is the front camera; while it’s very good, it gets a bit grainy in low-light photos.
Soon, if you guys are interested, I can share some thoughts on the battery life or post some sample photos for anyone who has doubts.
Feel free to ask me anything here! Overall, I am loving my new phone!!!",samsunggalaxy,229,60,1773324508.0,https://www.reddit.com/gallery/1rrrqhp
1rhuttn,S26 ultra,S26 ultra should I upgrade from s25 ultra to s26 ultra?,samsunggalaxy,46,99,1772363768.0,https://i.redd.it/m5gamtuf3fmg1.jpeg
1oky5ka,Disclaimer! Samsung will use exynos on all of their S26 lineup (Including S26 ultra!),Disclaimer! Samsung will use exynos on all of their S26 lineup (Including S26 ultra!) The new Exynos 2600 with some amazing features 👌 but We doubt it gets too hot or inefficient. howewer its rumored to have 2nm progress rival to snapdragon 8 elite gen 5and a19 pro 🍎. It will have 6x better npu than a19 pro and 38% better gpu benchmark than snapdragon 8 elite gen 5. We hope samsung finally makes a good exynos progressor🙏,samsunggalaxy,132,126,1761925676.0,https://i.redd.it/b8mtc7wmxgyf1.png
1rbuizh,"This guy is leaking EVERYTHING from the S26 Ultra right now, wtf Samsung?","This guy is leaking EVERYTHING from the S26 Ultra right now, wtf Samsung?",samsunggalaxy,110,79,1771787401.0,https://x.com/karoulsahil/status/2025645326426898636?s%3D12%26t%3D8bLEw07fhyEufA7GXFZGHQ
1res1db,Anyone else disappointed by the new S26 Ultra?,"Anyone else disappointed by the new S26 Ultra? Everything but the privacy screen was a software feature that will most likely be seen on the older phones in the future. Even the camera upgrades were software based, as there is no new change to the actual hardware. The design is a bit more curved, and the camera bump has gone back to having something around it (like the S21-22 series of phones did), but I personally don't like it. The sharp design of the S23 and S24 Ultra made it distinct looking, mature, a bold statement. And do not get me started on the boring colours. Do we live in a black and white world Samsung? Give us bold colours! There's also the privacy screen. For some people, they will like it, but me personally, I really don't care about what people see on my phone. I would still use it IF it weren't at the cost of the screen quality. Lastly, the battery. We live in a world where silicon carbon batteries now exist, giving us so much more battery power, yet Samsung decided that what mattered more was how thin the phone is. Who literally cares about how thin the phone is, if its battery lags behind technologically?

I am severely disappointed by Samsung with this phone. There are actual things that they could improve, like how the camera system lags behind the iPhones, or the battery tech, or what colours are available. And also, having to pay for a storage upgrade is disgusting.

P.S: Partnering with Perplexity for Bixby? More like stupidity (Mrwhosetheboss made an AI video comparing the big 4).

Edit: Yes, it's a good phone if you have a 3+ year old one. I won't deny that. However, I personally was just expecting more.",samsunggalaxy,28,99,1772058378.0,https://www.reddit.com/r/samsunggalaxy/comments/1res1db/anyone_else_disappointed_by_the_new_s26_ultra/
1rmk6nn,Gsmarena s26 ultra review,"Gsmarena s26 ultra review ""And if the vivo X300 Pro and the Oppo Find X9 Pro's camera performance is of any indication, the X300 Ultra and the X9 Ultra will likely blow the S26 Ultra out of the water. We already reviewed the Xiaomi 17 Ultra, and it outperforms the S26 Ultra in key aspects such as camera and battery life, to name a few.""

""the S26 Ultra struggles to stand out against its Android rivals in several key areas. For instance, the subtle camera downgrades we see this year are particularly puzzling, considering that the S25 Ultra was already trailing some competing flagships in camera performance. The relatively limited battery capacity is another concern Samsung may need to address sooner rather than later, as marginal gains in endurance are no longer enough at this level.""

So like myself and others have been saying, Samsung is behind where it matters. But at least you can AI edit photos!",samsunggalaxy,60,83,1772817857.0,https://m.gsmarena.com/samsung_galaxy_s26_ultra-review-2939.php
1rekw3b,Galaxy S26 Ultra preorder offers are live on Samsung USA ( up to $900 trade in),Galaxy S26 Ultra preorder offers are live on Samsung USA ( up to $900 trade in),samsunggalaxy,0,108,1772042962.0,http://howl.link/qlg1ycsa3gacb
1rqn7c7,Samsung now offers double storage on S26 Ultra after preorder,"Samsung now offers double storage on S26 Ultra after preorder Samsung punishing early preorders by offering better discount afterwards. Now with double storage, the 1TB is $300 off + $75 EPP +  $30 credit and still offers T-Mobile EIP with up to $1,300 trade-in.

Those who preordered got robbed. If your order hasn't shipped there's still time to cancel and those who received it got 15 days to return. 

My EIP goes down from $25 to $13

Capital One Shopping also up to 8%
Top Cash Back 15% (First Samsung Purchase)

EDIT: This is in the US. A lot of comments referring to Unlocked trade-in going down, yes. My post is referring to EIP with carrier to stack with double storage. 

My order through samsung via carrier EIP

1TB EIP is only $13.54 (from $25) after $1,100 S23+ trade in $75 edu $300 double storage FINAL price $324.99 for 1TB +$30 credit towards accessories or buds

512GB EIP $5.62 (From $13) after similar discounts. $1,100 trade in $65 edu $200 double storage FINAL Price $134.99 for 512GB +$30 credit towards accessories or buds

EDIT: Unfortunately for unlocked trade in values went down, but for carrier trade-in its a lot better cause you can stack the trade in up to $1,300 depending on plan, double storage discount up to $300, EDU up to $75, $30 credits, bundle discount with accessories + 15% buds and 8-15% cash back",samsunggalaxy,53,78,1773214241.0,https://www.reddit.com/gallery/1rqn7c7
1rvmqk0,"A week with the S26 Ultra, and I just want to complain about Samsung","A week with the S26 Ultra, and I just want to complain about Samsung The phone is fine. It's great, even. Screen is bright and clear, UI feels quick and responsive, pictures and videos look good. But we've reached the point where the phone has been reduced to just an elite CPU/GPU, elite screen, and elite software. While those are arguably the most important features, everything else feels gutted. 

My biggest issue is with Samsung's general trajectory. They constantly live in Apple's shadow and it shows in their decision making. They've also been stripping important features while the ""Ultra"" moniker carries less weight each year.

I've used the Note 20U and the Iphone 15PM for the past few years, but honestly I still consider my first Samsung phone, the Note 9, the holy grail of slab phones. Samsung over the years for various reasons removed the headphone jack, Bluetooth from Spen, MST, variable aperture, the IR blaster, and most egregiously external storage. They also haven't meaningfully upgraded camera sensors or the battery for years, while also recently downgrading from Titanium. 

In the smartphone market, comparison isn't just a thief of joy, it's the only metric we have to truly understand a phones value. Comparing the S26U to its competition and even it's own legacy, it becomes clear that every lost feature was a calculated trade-off in a lopsided pursuit of reduced phone weight, peak silicon performance, and ultimately higher margins. 

My experience with the S26U so far has been great. Especially upgrading from the Iphone 15PM, everything just feels better. But it's just hard not to lament at the potential, what this device *could* have been. We've seen Samsung's ""everything ***and*** the kitchen sink"" era so we know they're capable making something with peak utility. Samsung's decisions with their galaxy line in general feels like watching a world class athlete play it safe to squeak out a win. I mean it's still a win, but everyone knows they're holding back. 

  
**TL;DR:** This is a very high quality device, but I feel disappointed by Samsung's constant stripping of features.",samsunggalaxy,120,59,1773696221.0,https://www.reddit.com/r/samsunggalaxy/comments/1rvmqk0/a_week_with_the_s26_ultra_and_i_just_want_to/
1q1edz8,"Samsung prepares to break 5,000mAh battery barrier with Galaxy S26 Ultra","Samsung prepares to break 5,000mAh battery barrier with Galaxy S26 Ultra Link in Spanish: https://www.movilzona.es/noticias/rumores/samsung-galaxy-s26-ultra-bateria-5200-mah/

(The website is on Spanish. You need to translate it).

TL;DR, I don't know about you, but knowing that Samsung is at the top of the smartphone market and that there are other brands like OnePlus, whose OnePlus 15 has a 7,300 mAh battery, or Realme, whose Realme GT7 Pro has a 6,500 mAh battery, I feel that Samsung is falling short when it could already be offering at least 6,000 mAh with the Samsung S26. This is putting aside its rather unappealing design compared to other phones on the market. 

I know Samsung offers very good stuff, but because of things like this that make it seem slow to adapt, it's impossible not to notice other phones that we couldn't even consider competition from big brands like Samsung or Apple a while ago. 

In short, in my opinion, 5,000 mAh is quite low for a high-end phone these days, and not doing a design change when the direct competition has already does, makes you look slow, especially for a brand as big as Samsung.",samsunggalaxy,104,88,1767299839.0,https://www.reddit.com/r/samsunggalaxy/comments/1q1edz8/samsung_prepares_to_break_5000mah_battery_barrier/
1rj7qwf,Samsung S26 Ultra 512GB Best Price - Outright Purchase With Trade In,"Samsung S26 Ultra 512GB Best Price - Outright Purchase With Trade In Initially I put my order in with Samsung and it looked like this:

S26 Ultra 256GB $1299  
S23 Ultra Trade In -$650  
3% Education Discount (easy to get with any .edu email - they don't verify) -$19  
PayPal Payment (use PAYPAL50 code at checkout) -$50  
Total before tax for 256GB model = $580 ( I also got $30 bonus credit on an accessory - a case, that I didn't really want that was $41-30 = $11 more, there wasn't any other accessories I wanted/needed)

Now even though I had 512GB S23U due to the free memory upgrade, I noted I never went over 200GB usage so I was okay with 256GB, but obviously 512GB is more valuable and could be useful when shooting 8K video.

Best Buy + Rakuten Deal

S26 ULTRA **512GB** $1299 (why Samsung is letting retailers offer the free mem upgrade and they aren't is beyond me)  
S23 Ultra Trade In **-$700** **(better than Samsung!)**  
Rakuten cash back -$13  
Rakuten new user signup first purchase bonus  -$50 (you can use code CONTAC11015 for the $50 bonus [here](http://www.rakuten.com/r/CONTAC11015?eeid=28187))  
Total before tax for 512GB model = $536 (basically $244 cheaper than buying the 512GB model through Samsung)

Note, if you are trading an S25 Ultra, net cost is about $250. Not bad if you really want the latest model with the privacy screen feature, faster lenses and faster charging.

Note if you don't have a trade the Amazon deal for $1299 512GB but includes a $200 Amazon gift card is the best deal effectively making the phone $1099 as long as you have legitimate need to purchase $200 worth of other stuff on Amazon.

[https://a.co/d/0a9nA4Yc](https://a.co/d/0a9nA4Yc)

YMMV on the Best Buy deal depending on what phone model you are trading.

EDIT: Canceled Best Buy.  Discovered a trick with Google Fi. If you are willing to sell your old phone (if it's in decent condition) on Ebay, this Google Fi deal is the best and you can even keep using the carrier you already have.

[Upgraded from S23 Ultra to Factory Unlocked S26 Ultra for $339 : r/samsunggalaxy](https://www.reddit.com/r/samsunggalaxy/comments/1rksrxz/upgraded_from_s23_ultra_to_factory_unlocked_s26/)",samsunggalaxy,36,84,1772491302.0,https://www.reddit.com/r/samsunggalaxy/comments/1rj7qwf/samsung_s26_ultra_512gb_best_price_outright/
1rkaon8,Can we STOP fighting about nanometers and focus on the REAL S26 Ultra tragedy? 👃🧤,"Can we STOP fighting about nanometers and focus on the REAL S26 Ultra tragedy? 👃🧤 Honestly, I’m fed up. I scroll through this sub and all I see is: ""The Exynos 5500 runs 2% hotter than the Snapdragon Gen 5"" or ""The 12,000 nit screen blinded me but the blacks aren't deep enough."" 

While you guys are bickering over whether the 200x zoom is good for spotting neighbor's pores or not, nobody is talking about the elephant in the room. The true paradigm shift Samsung has forced upon us this year.

Let’s talk about the S Pen’s lack of Bluetooth connectivity and the death of its scent.

As all connoisseurs know, the S Pen isn't just a stylus; it’s an olfactory experience. That intoxicating perfume of ""burnt-but-premium plastic,"" that hint of ""roasted integrated circuit with base notes of ozone and technological despair""... it’s what separates us from Apple users who only smell like boring minimalism.

My theory is terrifying: Without the Bluetooth module generating residual heat inside the titanium-vibranium chassis, how is the aroma supposed to ""cook""?

Is anyone else considering canceling their pre-order over this, or am I the only one here with standards?",samsunggalaxy,134,56,1772595011.0,https://www.reddit.com/r/samsunggalaxy/comments/1rkaon8/can_we_stop_fighting_about_nanometers_and_focus/
1nsec25,"S26 Ultra will have a 5,500 mAh battery","S26 Ultra will have a 5,500 mAh battery Source: [Mashable](https://mashable.com/article/everything-we-know-about-samsung-galaxy-s26-so-far)",samsunggalaxy,240,83,1759030770.0,https://i.redd.it/ma2r8mkgttrf1.jpeg
1rgu47k,Note 3 -> Note 8 -> S22 Ultra -> S26 Ultra,"Note 3 -> Note 8 -> S22 Ultra -> S26 Ultra My Samsung phone history and I have been using Samsung phones for 10 years+. Ignored all the noises and already pre-ordered S26 Ultra, can't wait!",samsunggalaxy,203,43,1772256140.0,https://i.redd.it/om26c7qe76mg1.png
1rfl03m,"Samsung, you had a whole year and this is what you came up with","Samsung, you had a whole year and this is what you came up with",samsunggalaxy,1466,712,1772136795.0,https://www.reddit.com/gallery/1rfl03m
1relfyr,"Almost every storage tier of every Samsung Galaxy S26 phone got a price increase, except the base 256gb S26 Ultra.","Almost every storage tier of every Samsung Galaxy S26 phone got a price increase, except the base 256gb S26 Ultra.",samsunggalaxy,43,75,1772044079.0,https://www.reddit.com/gallery/1relfyr
1rsjl95,5 days since I got my S26 Ultra (moved from S24U),"5 days since I got my S26 Ultra (moved from S24U) This are my unbiased thoughts about the new S26U as a consumer (not a reviewer or influencer)
Being honest I think this is a good phone and worth the switch if you've got a very good deal on it (esp. trade-in). 
From the S24U there is slightly noticeable difference in screen pixels, I could tell my icons on the 24 have a little more colour density than the 26 but the 26 is 0.1 inch bigger so not much talk there (this you would never know if you don't look deeply,  my gf didn't really see it😅).
The 26 screen is sharp when viewing, I don't use the privacy screen feature much just for notifications. The speakers are good, phone is fast and the camera are actually good for the same module and just aperture difference.
The phone doesn't run hot and the battery takes me the whole day  I'm currently on 9% since a midday charge yesterday 🙃.

The free case that came from samsung is just cheap plastic that doesn't offer good enough protection, waiting on a caudabe sheath case(best cases btw)

This is a worth-it switch for me from the S24U for £600 and the S26U is premium enough for a smartphone.

BUDS 4 PRO
Clear and balanced sounds, not the loudest but it is good especially if you're protecting your ears.
Mid level volume is good enough.
The ambient sound that switches on when voice is detected feels like a feature that would wear the tweeters on the buds out, as it kills the bass completely and plays off the tweeters in a low volume. I rather turn this feature off and take out one of my buds when having a conversation instead of developing continuous hissing sounds in the future like my buds 2 pro. 
Battery on buds and case are incredible just 2 case charges in 5 days.
Comfortability; the buds are very comfy you could even forget if you're not listening to anything, that you have them on. You could jog comfortably with them or do any physical activities.
Phone calls over the buds are good and clear, not gotten a complain about someone not hearing properly.

For the price of £156 it was a good buy for me.

All of these are my personal thoughts and I think some people complaining are just over-exaggerating, even in comparison to S25U",samsunggalaxy,113,53,1773397438.0,https://www.reddit.com/gallery/1rsjl95
1rtpm88,S26 ultra eye strain and dizziness,"S26 ultra eye strain and dizziness Hello guys, so I bought this phone yesterday but I have this deal braking issue with the screen. I can't look at it for more than 15 minutes because my eyes literally hurt and I became dizzy. Does anyone else have the same problem? I already contacted samsung support but they don't give a damn so I'm left with this very expensive paper weight. It's insane because I've never had any problems when looking at modern OLED screens. Samsung F up something hardware wise and they don't want to admit it. I don't know what to do because my local store don't won't to take the return since I bought it physically and opened the phone (the law is on their side unfortunately) and I don't won't to get another unit because it's probably going to be the same..",samsunggalaxy,3,76,1773509916.0,https://www.reddit.com/r/samsunggalaxy/comments/1rtpm88/s26_ultra_eye_strain_and_dizziness/
1remlnt,Samsung S26 Series,"Samsung S26 Series Boring Galaxies of all time we should name them, why? Bez of the Below Points:

  
\* S26 and S26 Plus got $100 price increase with no such of a difference. 

\* S26 Ultra comes with a downgraded Amor Aluminium Frame.

\* Battery Cycle counts goes from 2000 to 1200 in the whole S26 Series 

\* No Major Camera Changes and its disappointing 

\* Same Battery Capacity for S26 Plus and S26 Ultra

\* Same Peak brightness compared to its Predecessor. 

\* Corners are now Rounded instead of Boxy design for S26 Ultra 

\* Same 25w Wired Charging for S26 and 45w Wired Charging on S26 Plus

\* No Privacy Display on S26 and S26 Plus

\* No UWB on Regular S26",samsunggalaxy,28,73,1772046480.0,https://www.reddit.com/r/samsunggalaxy/comments/1remlnt/samsung_s26_series/
1r117vx,S26 Ultra Pre Reserve starts from feb 11?,S26 Ultra Pre Reserve starts from feb 11?,samsunggalaxy,70,67,1770731339.0,https://www.reddit.com/gallery/1r117vx
1r45ocb,Should I upgrade to S26 ultra?,"Should I upgrade to S26 ultra? Hey guys,
I need some insight. 
I am currently using the S9+, I bought it when it came out. It's been really good to me and I love it. 
But this year I started using it without a case and just yesterday it slipped out of my hand and broke the back glass.
Now my question is, should I pre-order the S26 ultra in less than two weeks for $1300 + tax or should I just get S25 ultra for $997 + tax that I'm get from Samsung right now? Would it be worth the extra $300?
I have the money to spend, I'm just wondering if it's worth it.

Please let me know. Thank you guys so much.",samsunggalaxy,80,59,1771027996.0,https://www.reddit.com/gallery/1r45ocb
1rk7z9w,New display concerns with the S26 Ultra panel emerge,New display concerns with the S26 Ultra panel emerge As reported by Phone Arena there are new display issues with the S26 Ultra's panel. Leaker Ice Universe says that he doesn't feel that this is a minor issue...,samsunggalaxy,30,65,1772587635.0,https://i.redd.it/pi964dg1lxmg1.png
1rnyjlh,S26 Ultra from the S23 Ultra: My thoughts,"S26 Ultra from the S23 Ultra: My thoughts Preodered the S23 Ultra from launch and it's a super solid device. Probably wouldn't have thought to upgrade if not for the back cover slowly coming off, and charging port getting loose. I also preordered the 12/512 version of the S26U.

I'm glad I did though, cos this 26 Ultra is awesome. This is the first time I upgrade my Samsung (coming from the S6 edge - 7 edge - 8 plus - 9 plus - Note 20U - 23U) and it feels like I actually changed phones. Most times the software isn't too far away from each other that it always feels the same, but it's different this time. Some differences I noticed immediately:

1. Weight: Even with a case on, it still weighs less than the 23 Ultra. Not sure I like it as I prefer my phones to have some ""density.""

2. Overall screen quality: Zero idea what changed since the panels are comparable (maybe I'm wrong), but the screen on the S26 Ultra looks and feels really good at first glance. It has a ""soft"" quality about it I wasnt able to replicate on my 23U even with the same screen settings. 

3. Screen issue: As cool as the screen on the 26U looks, there's something off about it. My eyes just slide all over the place while looking directly at bold texts. Can't place it. Gotten used to it now, but it's there. 

4. Still on the screen: The S23U seems to have better pixel density. The difference is obvious whenever I pick up the 26U after a prolonged use of the 23U. It's not bad, just something I noticed. 

5. Battery: I've seen enough battery tests and I think those guys aren't telling the full truth, cos how are they getting 9 - 12 hours SOT when I can barely get 7? Best I've seen so far is 7.5hrs SOT. It's really good, but my S23U had around that or better at launch. So a tad disappointed. Maybe it'll improve, I've had the phone for only 3 days.

6. Camera: Haven't had time to test out the camera extensively, but the few times I have, it's nothing special compared to the 23U. Most shots are similar, except in niche conditions and sometimes the 23U has better clarity at some zoom ranges. Can't wait to prove myself wrong on this with a proper test.

7. Speed: One UI 8.5 is snappy. Everything feels superfast, and I already thought the 23U was snappy enough. Animations are also nicer (they weren't bad before, but this is just better).

8. Speakers: Damn, I don't see anyone saying anything about the speakers on the 26U. They're ridiculously gooooodddd. Like miles better than my 23U. I dont play music out loud, my buds are too good for that, but I've found myself doing that lately just to hear this phone sing. Awesome stuff. 

9. Privacy display: Don't upgrade because of this if you're always alone like me. It's meaningless for how I use my phone, but it works very well. Super cool feature to brag about, but not much else. Although it did come in really handy while I was using my bank app in public one time. 

The overall experience is definitely improved, not enough that the S23U feels much older, but good enough that the 26U doesn't feel like the exact same phone with newer parts. Knowing what I know now using the 26U, I think I probably would still have upgraded without the issues on the 23U prompting me, too. 

P.S: the buds 4 pro is great, too. I prefer the older designs cos of them blade lights, but the ANC on these are just phenomenal.",samsunggalaxy,45,58,1772954924.0,https://www.reddit.com/r/samsunggalaxy/comments/1rnyjlh/s26_ultra_from_the_s23_ultra_my_thoughts/
1rsctev,Upgraded from S24 Ultra to S26 Ultra,"Upgraded from S24 Ultra to S26 Ultra For those who care to read another comparison. 

BLUF. The S26 Ultra is the better phone hands down. Worth the upgrade if you get rebate etc. Feel free to ask questions.

Screen
- Can't notice or see the screen ""blurriness"" some users report. I have 20/10 vision. Doesn't mean other haven't. Maybe I'm not sensitive to it.
- The S26 Ultra screen is noticeably brighter and more vivid with better colors.
- S26 privacy display is amazing if you don't mind the drop in resolution and brightness. Not a problem since I use it some a handful of apps and notifications.
- Yes, viewing angle is technically worse but only noticeable when you have the phones side by side. Doesn't matter in real world use.
- Anti reflective properties are a downgrade for sure. Not a problem for me since I use a glass screen protector (also the ESR corning anti reflective screen protector actually has anti reflective properties. Highly recommend)
- I have experienced issues with some pictures and images looking straight up bad and pixelated. Almost as if the privacy display feature was on for a profile pictures for example. The same way its on for notifications popups. The it goes away after a second. Seems to be a software thing for sure. Hopefully they fix that. 

Physical feel
- S26 is noticeably lighter which I like. The S24 is a chunker. I use the Torras air case also highly recommend.
- If you use the phone naked, the S24 feels better holding from the side but the S26 has better grip form the square profile.
- The extra .1in bigger screen is noticeable yet the handling of the phone is better due to the rounded edges. Visually the S24 looks better with the square look but it is more uncomfortable to use. I'm more of a function over form kind a guy.

Performance 
- S26 is king no questions. Everything is faster. I use the split screen and floating video apps alot and the 2 jump in generations in processor is crazy! 
- Battery performance is way better. 
- Never cared for the Bluetooth in the S-pen. I use my watch for remote Camara shutter. I always forgot in the moment the S-pen had this feature. I blame Samsung for trash marketing of their own features.
- 60w and 25w charging is also great. 

Camara 
- Main reason I upgraded since I have a newborn and want the best pictures a modern phone can take.
- All 4 S26 camaras are considerably better especially at night. 
- I wouldn't say a generational leap but definitely much better. 
- It's a toss up between my wife's 17pro. Some times the 17pro is better and sometimes the S26

Software 
- Won't spend to much here. One UI 8.5 is better but most phones will get it at some point. 

Edited grammar.",samsunggalaxy,49,56,1773373582.0,https://www.reddit.com/r/samsunggalaxy/comments/1rsctev/upgraded_from_s24_ultra_to_s26_ultra/
1qt0fo5,Is anyone really looking forward to the s26 Ultra?,"Is anyone really looking forward to the s26 Ultra? Im always happy to see the new flagship, but it sucks to know its just the same ol' same ol'....

I still use my s23 ultra. Since the 22/23, they have continually taken away good qualities of the phone, like the s pen functionality (among others.) And replaced it with, in my opinion gimmicky abilities like the new 'privacy screen' coming with the s26. Or fricken AI.

The battery gets maybe a little better, the cameras get maybe a little better (which usually only ends up being on the software end), and the chip slightly better etc...

Wish we got something new that was actually gunna useful.

Waiting to upgrade when something awesome comes out from Samsung or apple, or really anyone at this point.",samsunggalaxy,9,79,1769957491.0,https://www.reddit.com/r/samsunggalaxy/comments/1qt0fo5/is_anyone_really_looking_forward_to_the_s26_ultra/
1qu1rje,"Samsung Galaxy S26, S26 Plus and S26 Ultra prices","Samsung Galaxy S26, S26 Plus and S26 Ultra prices *Another price-related leak about the upcoming Galaxy S26 series came in today and it contradicts the rather suspicious previous one. According to industry sources talking to Tech Maniacs, the pricing of all three models will remain virtually unchanged.*",samsunggalaxy,113,53,1770053919.0,https://m.gsmarena.com/samsung_galaxy_s26_s26_plus_and_s26_ultra_prices_leak-news-71367.php
1rom62w,"S26 Ultra, PixelSnap, and 25W Wireless Charging","S26 Ultra, PixelSnap, and 25W Wireless Charging Another arbitrary S26 Ultra in-real-world post from me, but since no other reviewer seems to be testing every weird thing that I am:

Can absolutely confirm that the 25W Google ""PixelSnap"" charger, does charge the S26 Ultra at 25 watts.

That is all. Hello Googlers from the future.

Ed: as in comments, it seems that 25W pull at the wall will not result actually on 25W charging on the phone. HOWEVER, I left this photo setup for another few minutes, it does eventually show 29W from the wall (and charges at the Samsung advertised time).",samsunggalaxy,76,50,1773018116.0,https://i.redd.it/bmastbg15xng1.jpeg
1rh94xt,"Shutter lag, moving objects, and the S26 Ultra. Still not good, unfortunately","Shutter lag, moving objects, and the S26 Ultra. Still not good, unfortunately For those like me that love Samsung Galaxy Ultra but hate shutter lag... It seems this is still not fixed:

[https://youtu.be/B3mwR53MctA?t=1027](https://youtu.be/B3mwR53MctA?t=1027)

&&

[https://youtu.be/nG\_auOEOchQ?t=294](https://youtu.be/nG_auOEOchQ?t=294)

  
Frustrating. Why is this so difficult for Samsung to get right?",samsunggalaxy,39,59,1772301266.0,https://www.reddit.com/r/samsunggalaxy/comments/1rh94xt/shutter_lag_moving_objects_and_the_s26_ultra/
1rfp5rh,My S26 ultra has shipped apparently (Canada) coming tomorrow 02/27/26.,My S26 ultra has shipped apparently (Canada) coming tomorrow 02/27/26.,samsunggalaxy,8,67,1772146179.0,https://i.redd.it/ulwmj1kd4xlg1.jpeg
1rjopfe,To the people saying it isn't a big deal that the S26 Ultra uses an 8 bit screen....,"To the people saying it isn't a big deal that the S26 Ultra uses an 8 bit screen.... [Lower bit panels cause color banding](https://www.reddit.com/r/samsunggalaxy/s/UYTZU5cKKt

But also, it's just insane that Samsung charges a premium price for midrange hardware. Sad that they just don't care and even sadder that people will defend this choice or say it doesn't matter.",samsunggalaxy,0,66,1772542831.0,https://www.reddit.com/r/samsunggalaxy/comments/1rjopfe/to_the_people_saying_it_isnt_a_big_deal_that_the/
1nj0ozi,New S26 Ultra case leak. What do you think of this design?,"New S26 Ultra case leak. What do you think of this design? Personally I think it looks pretty similar to the S25 Ultra and the corners aren't as round as initial rumors would have me believe, so it still looks quite premium and distinctive. However, I'm worried about the camera bump because based on this image, it looks like even with a case, the bump will still protrude and cause the phone to wobble when place flat on a table.

([Source](https://www.sammobile.com/news/new-galaxy-s26-ultra-case-leak-sheds-light-phones-design/))",samsunggalaxy,188,71,1758074673.0,https://i.redd.it/zh8o8aa6umpf1.png
1rq2m6c,Moved to s26 ultra from s24 ultra...a little buyer's remorse,"Moved to s26 ultra from s24 ultra...a little buyer's remorse With ram and memory prices on the rise, I took the leap to lock in the top of the line 1TB version of the S26 ultra, moving up from my S24 ultra.  I've spent time moving all my apps and photos over, and while the positives are that it's blazing fast and nothing has slowed it down, the negative side is that when i look at the screen colors (yes, with privacy screen turned off), it seems much less punchy and more washed out than the S24 ultra.  I am not just talking about HDR videos or photos, but even just opening the google messaging app, the blue chat bubbles are a richer blue on my S24 ultra than on the S26 ultra. The difference isn't subtle, it's tangible.

Moving up the vividness slider in settings didn't seem to do anything, so I moved it back to the neutral (middle) position.  Curious if this phone was intentionally tuned for more muted colors, or if it's just a panel issue due to the new privacy mode features (even when they're not turned on).  I am not a samsung galaxy forum expert, so I'm guessing there's a lot more knowledge you all have than I do.  Curious on your thoughts.",samsunggalaxy,36,53,1773162244.0,https://www.reddit.com/r/samsunggalaxy/comments/1rq2m6c/moved_to_s26_ultra_from_s24_ultraa_little_buyers/
1i4c9h8,"S26 ultra to ""POSSIBLY"" change battery size after 6 years since the s20 ultra ","S26 ultra to ""POSSIBLY"" change battery size after 6 years since the s20 ultra  After 6 years since the s20 ultra. Samsung will possibly change the battery size LOL

It took them 6 years to finally make a change. Yet this is just a rumour. I wouldn't be surprised if they still users the same 5000ma battery.

Samsung is becoming a JOKE",samsunggalaxy,168,144,1737220561.0,https://i.redd.it/7ze6vy6ncsde1.jpeg
1ijp4ta,I designed the next Galaxy S26 Ultra,I designed the next Galaxy S26 Ultra,samsunggalaxy,337,86,1738911386.0,https://i.redd.it/8ln9c4jb0ohe1.png
1okgxnm,first look to S26 ultra design!,"first look to S26 ultra design! Samsung makes some design changes. Expecting to have new magic pixel tech on s26 ultra with 'MAYBE' Bluetooth spen (Because of hate is going on with s25 ultra) But, But it might have the same battery capacity 5000mah and 'Maybe' same camera system measured in megapixels. Whats your opinions? Comment below 👇👇👇",samsunggalaxy,76,80,1761871814.0,https://i.redd.it/vh6t4s4hhcyf1.png
1rgin5c,Samsung galaxy S26 shipping details,"Samsung galaxy S26 shipping details When and where did you order your s26? 
Which color and varient? 
Which region? 

I ordered my silver shadow S26 ultra from Samsung store online on 25th of February at 6pm and my second s26 ultra at 9pm, it was a pink gold 512gb varient. 


Update as of today(March 04th)
Both my orders have been picked up and will be delivered tomorrow.",samsunggalaxy,5,60,1772225769.0,https://www.reddit.com/r/samsunggalaxy/comments/1rgin5c/samsung_galaxy_s26_shipping_details/
1rw285w,Disappointed with the S26 Ultra,"Disappointed with the S26 Ultra Hi, how are you?

I don't usually leave comments, but this time I felt like it.

I've had a Samsung Galaxy Note 9 for 8 years now.

It's starting to show its age, so I was patiently waiting for the new models after the S25.

When the S26 was announced, I found the design generally successful (except for the cameras, which I don't like).

I bought it on March 7th and received it on March 11th. I got the S26 Ultra Rose Gold 1TB 16GB. I treated myself, hoping this phone would last as long as the Note 9.

Once I received and unboxed it, I was happy with the quality and the color.

When I turned it on, I was impressed by the phone, considering the difference compared to my old one. Everything about the S26 makes it a very good phone.

 What follows tells the story of how this S26 Ultra went from very good to mediocre.

The first day of use was strange; something was bothersome, but I couldn't pinpoint what.

The following days, the initial novelty wore off.

I used it for an hour a day; the rest of the time it sat on my desk. In the end, I spent more time on my old phone than the new one.

March 14th and 15th were spent comparing the screen with my old phone.

This allowed me to identify what bothered me about the S26 Ultra. It was the screen; a strange effect was present, especially when reading text.

It was only by searching on YouTube, the internet, Reddit, and X that I saw other users had this issue.

Today, March 16, 2026, after thinking about it all day, I decided to return the S26 Ultra to Samsung. 

It bothers me, but I can't imagine using a phone for at least 5 or 6 years with a screen that bothers me.

Perhaps it's a software issue and an update will fix it. The worst-case scenario would be a hardware problem, meaning it would be permanent.

Since I still had the 14-day return period, I prefer not to take any risks and lose my money.

That concludes my adventure with this S26 Ultra, which was supposed to be my replacement. I'll wait another year or two before trying it again.

Thanks for reading, sorry for the mistakes.

Have a good day or evening.",samsunggalaxy,0,55,1773741483.0,https://www.reddit.com/r/samsunggalaxy/comments/1rw285w/disappointed_with_the_s26_ultra/
1rmjhps,S22 Ultra -> S26 Ultra 😌😁😁😁,"S22 Ultra -> S26 Ultra 😌😁😁😁 About time!  
So excited to be upgrading from my green S22 Ultra 256GB, to S26 Ultra Shadow Sliver 1TB.

Bought the Torras Ostand Q3 Spin case (£34) and Spigen EZ Fit Anti Reflective screen (£28) protector (I didn't have one on the S22, when I did try to add one, didn’t like it, but since the phone is new didn't want to risk it.)

Hope this should last just as long.

Ordered on 4th March arrived today 6th March. UK.

I bought the Samsung 25W (qi2 wireless) official charger from Amazon as it was a lot cheaper £40.  
Bought the case, screen protector and charger yesterday (5th March), arrived today 6th March.

I traded in my old S10+, which they said was worth £10 (cracked back, but still works), but with student offer got extra £100 off. With student discount I paid £1,189.65 (plus also used top cash back to get back 12% which is about £118.96 (pending confirmation) I should get back.

I can get more selling my S22 Ultra on ebay then trading in.

So all in with the accessories and minus cash back should be £1172.99  
Then any extra pocket money for selling my S22U 😁

Top tip for anyone; make sure when selling/tradnig in old phone to use a secure erase app first (write zero and ones) so no one can recovery any old files!

Fun fact: My first andriod phone was the T-mobile G1 (aka HTC Dream) in white.

Happy weekend all!",samsunggalaxy,48,47,1772816381.0,https://i.redd.it/gqtgd8ciegng1.jpeg
1rqlu9y,Samsung Galaxy S26 Ultra Cobalt Violet,Samsung Galaxy S26 Ultra Cobalt Violet Looks super clean,samsunggalaxy,67,42,1773209180.0,https://i.redd.it/3b5j5x4axcog1.jpeg
1rs2snm,Disappointed with the screen of S26 ultra,"Disappointed with the screen of S26 ultra I had been waiting for the Galaxy S26 Ultra for a long time. I used Samsung phones starting from the S1 up to the S10. After that, I switched to the iPhone 12 Pro Max, and now I have the iPhone 15 Pro Max. I really wanted to return to Samsung. I watched many reviews. A lot of people praise this phone. But for some reason, very few talk about its screen. Because of the new screen-hiding mode, its quality clearly seems worse for everyday use. I thought it was all exaggerated.

But today I went to a store and compared the new S26 Ultra with the S25 Ultra. The difference is obvious. The S26 Ultra’s screen shifts the colors slightly toward red, and its sharpness is clearly worse than the previous generation. You can see the pixel grid if you start looking closely. But even if you don’t look closely, the difference becomes obvious when reading text. It’s not immediately clear what exactly is happening, and an average user probably wouldn’t be able to explain it in words, but they would definitely notice the difference.

I stood at the display comparing the two phones for half an hour. And I’m very disappointed. I really wanted to return to Samsung. I was also hoping for a design change (I switched to iPhone back then because I didn’t like the design of Samsung phones starting with the S20). In my opinion, the S10 design was the best.

Overall, I don’t know what to do. I want to leave the iPhone, but I definitely don’t want to buy Chinese brands.",samsunggalaxy,0,55,1773348603.0,https://www.reddit.com/r/samsunggalaxy/comments/1rs2snm/disappointed_with_the_screen_of_s26_ultra/
1ri8vra,Samsung Galaxy S26 Ultra is here 👊🏾,"Samsung Galaxy S26 Ultra is here 👊🏾 S26 is here, whoop whoop",samsunggalaxy,35,50,1772398689.0,https://i.redd.it/cxr0l0zhl3mg1.jpeg
1rm6m32,Updated Galaxy S26 Ultra discount list from user feedback. Best stackable ways to save,"Updated Galaxy S26 Ultra discount list from user feedback. Best stackable ways to save I’ve been trying to get the **Galaxy S26 Ultra** for as cheap as possible, so this is an **updated list based on other users’ feedback** plus the best methods I’ve found that can sometimes stack.

## Codes and links (easy copy/paste)

**Rakuten cashback link (Free, 1 minute signup, no card needed, easy $50 back + 5% Best Buy, 3% off Samsung):**
www.rakuten.com/r/TYLERM3211

**How to use Rakuten**

**On PC:** make an account, click the Rakuten link, then when Samsung or Best Buy opens, make sure Rakuten says **Cash Back Activated** before checkout.

**On phone:** make an account, open the store through the Rakuten app or tap the Rakuten link first, then make sure cashback is activated before checkout.

**Samsung code for extra 5% off**  (Updated 3/16/2026) *Updated Hourly  
`ref-a8vy04`

**Current referral link ($100 bonus when you set up qualifying direct deposit, plus get paychecks up to 2 days early):**  
Code: TYLERM525  
https://current.com/get-started/?creator_code=TYLERM525&impression_id=7946975f-31da-4bd1-be8c-64ff3ab0961a

## Best ways to get the cheapest price

- **Student / education discount:** took **$75 off** for me
- **Trade in:** Samsung trade in values can be very good, especially for newer phones
- **Best Buy:** Good for **free 512GB upgrade** when available, and paired with phone carrier specific trade in.
- **Amazon option:** if you do **not** have a good trade in,  Amazon includes a **free $200 gift card**, which can be a better deal
- **Credit card rewards:** using a cashback card can stack even more savings on top
- **Capital One Shopping:** some people get targeted cashback offers, so it is worth checking before buying
- **Google Fi:** Running a very aggressive phone promo, so it may be worth comparing if you are open to switching

## Extra tips

- **Check your region** because some deals are not available everywhere
- If your Samsung account has **already used a referral code before**, it may not work again, so some people make a **new account**
- If your trade in value is weak **cashback + Amazon** is the best deal

If anyone has found other stackable discounts, comment them. I’m trying to squeeze **every dollar off** this thing.",samsunggalaxy,2,56,1772778983.0,https://www.reddit.com/r/samsunggalaxy/comments/1rm6m32/updated_galaxy_s26_ultra_discount_list_from_user/
1rowtou,Samsung Galaxy S26 / S26+ Neglection,"Samsung Galaxy S26 / S26+ Neglection Just a quick rant on how much Samsung has neglected these 2 lineups.

Both phones are certainly not cheap, with the s26+ priced the same as the iPhone 17 Pro.

They haven't changed the camera specs at all since the Galaxy S23 (3 years ago!). Battery capacity barely has gone up, display still the same at FHD 2600 nits for the S26. It's shocking how much Samsung are still charging for both these phones considering they put no effort to both of them. I really see no point in the S26+, almost same size as the S26 Ultra. However S26 Ultra having all the extra features/better specs.

Samsung should make the S26 cheaper, if they're gonna be lazy with updating it. Price should be more in line with the iPhone 17. They honestly should just ditch the S26+, it would be nice if they offered a smaller phone but with the S26 Ultra specs. Basically equivalent of iPhone 17 Pro but for Samsung. Yeah I know it's basically copying iPhone lineup, but with current price they're offering no one should be buying the S26 or S26+. I know a lot of people who would love to have the Ultra variation for the specs but the phone is simply just too big for them to use. A while back with the Note series, Samsung did offer ""pro"" specs but on a smaller form factor, so I don't know why they can't just bring it back.",samsunggalaxy,39,47,1773053016.0,https://i.redd.it/ftid9d0czzng1.jpeg
1r0e3z5,"Possible leaked European prices for the new Samsung Galaxy S26, S26+, and S26 Ultra models","Possible leaked European prices for the new Samsung Galaxy S26, S26+, and S26 Ultra models Galaxy S26 12+256 GB: 999€
Galaxy S26 12+512 GB: 1.199€
Galaxy S26+ 12+256 GB: 1.269€
Galaxy S26+ 12+512 GB: 1.469€ 
Galaxy S26 Ultra 12+256 GB: 1.469€
Galaxy S26 Ultra 12+512 GB: 1.699€
Galaxy S26 Ultra 12+1 TB: 1.969",samsunggalaxy,30,57,1770665842.0,https://www.reddit.com/r/samsunggalaxy/comments/1r0e3z5/possible_leaked_european_prices_for_the_new/
1rn68yp,"S22U -> S26 Ultra, display downgrade","S22U -> S26 Ultra, display downgrade I had preorderd My s22 ultra back in March 2022 and now got my s26 Ultra in March 2026.

If I ignore the battery, S22U has been a beast of a phone. I have had been to more than 30 trips with this phone and I have loved the photos taken during my trip. But 4 years, I thought maybe it's the right time to move to new ultra.

I had the phone since yesterday and sadly I am not happy with the display. I am trying different setting that my screen looks as vibrant as S22U but it's nowhere near. Display feels dull and washed out in comparison to S22U.

Selfies also are very unsaturated, iphone like(which I don't like and the reason to stick to samsung).

S26U being a day old feels very snappy but I am having mixed feelings in regards to S22U.

The premium feel of holding the device, my burgundy color and the colors, I will surely miss my companion of 4 years.",samsunggalaxy,9,51,1772877674.0,https://www.reddit.com/gallery/1rn68yp
1rvjeon,"Best Buy told me to cancel my S26 Ultra preorder, pushed me back in line, delayed it for weeks, and still offered nothing","Best Buy told me to cancel my S26 Ultra preorder, pushed me back in line, delayed it for weeks, and still offered nothing I preordered an S26 Ultra through Best Buy in the **first 12 hours of the preorder window** (early morning Feb 26th), and this has turned into one of the worst customer service experiences I have had.

The first issue was my **AT&T trade in**. It did not show at all on the order page. Instead, it showed the **full monthly payment** like no trade in was applied. I contacted support, and the first chatter told me I needed to **cancel and reorder** to fix it, so they canceled my original order.

What made that worse is this rep was **very obviously using AI**. The response looked **ChatGPT like** and was talking to the rep by their own name like the AI thought it was helping them, not me. So the person who got my order canceled clearly did not understand my order.

After I placed the second order, I found out Best Buy’s website just **does not display that AT&T trade in info correctly** for some reason, so the cancellation was never needed. All it did was push me from ordering in the **first 12 hours** to **24 plus hours later**, and it also caused **2 massive pending charges** on my card at the same time because of the cancellation and reorder.

After that, I contacted support **3 more times** just to complain about that alone. One rep barely understood me, I had to repeat myself several times, and then the chat ended in under a minute with no response to my last message. Another rep left after I sent a full paragraph explaining everything. The third took around 15 minutes to kind of understand the issue, then told me there is **no compensation** for any of this, and BestBuy never offers it for anything.

On top of that, support overall felt **very disorganized**. Different reps kept asking for different information every time, and a lot of the responses felt **AI generated or scripted**.

That already would have been bad enough, but then the **shipping mess** started.

A few days before **March 11**, I noticed there was still **no tracking info**. Since I ordered so early, I figured something was wrong. I contacted support because I wanted to know if I should cancel and order somewhere else like Samsung to get it sooner, or if there was some delay with my order. They reassured me it would arrive by **March 11 for sure**.

Over the next 2 days, I contacted them around **3 or 4 more times** because there was still no tracking. Every single time they reassured me it would arrive by **March 11**. I even told them that made no sense with no shipping info, but they kept promising it would. Because of that, I did **not order elsewhere**.

Then **March 11** came. Still no tracking. Suddenly the date changed to **March 12 to 15**.

I contacted support again and they told me it would arrive **March 12** and was shipping that day. That did not happen. Then they said **March 15**. I waited again.

On **March 14**, there was still no shipping info, so I contacted support again, and now they told me it was delayed until **March 24**, and if it was not delivered by then, it would just be **refunded**.

That really pissed me off because what is the point of a preorder at that point? I preordered to get the phone early, or at least on release, not to maybe get it almost a month later and risk losing the deal completely.

At that point I **called support**. The call took about **30 minutes**. The rep sounded like they were from an **overseas call center**, was very quiet, hard to understand, and spent long stretches saying almost nothing while supposedly looking into it. They seemed to understand me somewhat better than some of the chat reps, but there still felt like there was a language or comprehension issue. In the end, they said they could not contact the warehouse, could not help me, and just repeated that it should come by **March 24** or I would be refunded.

I asked if the preorder deal could at least be honored if that happened since all of this was caused by Best Buy, and they said **no**. Then I asked for a manager or somewhere to file a complaint, and the call got redirected with almost no explanation and then **immediately hung up**.

After that, I tried chat a few more times to get the preorder deal honored if the order gets canceled. **No luck.**

Then on the **15th** there was still no shipping info, so I contacted support a few more times trying to get any real update on what was going on with my order. Still nothing useful.

So today I went **in person** to my nearest Best Buy. That took over **25 minutes**. At first they tried to blame **AT&T**. I explained I had already contacted AT&T and they told me shipping was entirely on **Best Buy**. After the employee talked to someone higher up for about **10 minutes**, he changed the story and said it was actually an **inventory issue** and there was nothing they could do.

**No compensation. No honoring the preorder deal. No way to speed it up. Nothing.**

To be fair, the in store employee was much better than chat or phone support and seemed apologetic, but he still basically dismissed it and said it happens and was not really **Best Buy’s fault**. That makes no sense to me. If you underorder phones, keep giving false delivery dates, and keep reassuring customers that their order is coming when it clearly is not, that **is** Best Buy’s fault.

The craziest part is that every day since release, the app has shown that I could order that **exact phone** and get it delivered or sent to store in **1 to 2 days**. The employee first tried saying that was probably for the **unlocked model**, but I told him no, it was for the **exact model**. He checked and seemed surprised, and basically admitted the app seemed wrong and said they probably did not get enough phones from Samsung.

So Best Buy’s website got my original preorder canceled for no reason, pushed me further back in line, caused **2 massive pending charges**, support kept falsely reassuring me it would arrive by **March 11**, then **March 12**, then **March 15**, and now **March 24**, and after **12 plus chats, 1 phone call, and 1 store visit**, Best Buy still says they will not honor the preorder deal or offer any compensation on a **$1300 plus device**.

That is insane to me.

Has anyone else had Best Buy mess up a phone preorder this badly? And has anyone actually gotten them to honor the preorder deal or offer compensation when the issue was clearly caused by them? Also, they will not let me post this in r/BestBuy it gets autoflagged.

**TL;DR:**  
Best Buy support told me to cancel and reorder my S26 Ultra preorder because my **AT&T trade in was not showing**, but it turns out their website just does not display it correctly. The first rep who canceled it was very obviously **using AI** and clearly did not understand my order. That pushed me later in line for no reason, caused **2 massive pending charges**, and then I got nonstop **false promises about delivery dates**. After **12 plus chats, 1 phone call, and 1 store visit**, they now say it might not come until **March 24** or it will be refunded, and they still refuse to honor the preorder deal or offer compensation.",samsunggalaxy,1,50,1773689107.0,https://www.reddit.com/r/samsunggalaxy/comments/1rvjeon/best_buy_told_me_to_cancel_my_s26_ultra_preorder/
1reotlk,I ended up pre-ordering the Samsung S26 Ultra in the sky blue color on the Samsung website. I will be picking it up on Best Buy on March 11th! Did any of you end up pre-ordering or did you skip?,I ended up pre-ordering the Samsung S26 Ultra in the sky blue color on the Samsung website. I will be picking it up on Best Buy on March 11th! Did any of you end up pre-ordering or did you skip? I ended up pre-ordering the Samsung s26 Ultra in the sky blue color on the Samsung website and I opted to pick it up at Best Buy and they didn't really make it an option to have it delivered even if I wanted to do that which I didn't which I feel 100% comfortable with that. You guys were right the pre-order was a better deal and I ended up getting some accessories for free! Now I'm going to try to make it last for 4 to 5 years.,samsunggalaxy,1,55,1772051230.0,https://www.reddit.com/r/samsunggalaxy/comments/1reotlk/i_ended_up_preordering_the_samsung_s26_ultra_in/
1resis4,"Based on Samsungs own specs, the S26 Ultra does NOT have a 10bit display. It's still only 16m colors and therefore 8bit. What a joke","Based on Samsungs own specs, the S26 Ultra does NOT have a 10bit display. It's still only 16m colors and therefore 8bit. What a joke",samsunggalaxy,2,51,1772059470.0,https://i.redd.it/js7icrllyplg1.jpeg
1rwv1z1,Sincere s26 ultra review,"Sincere s26 ultra review i use my phone quite heavily everyday, but dont pay attention too close. The most techy thing i do with my phone is install apks.

1. the ""screendoor effect""
it is barely noticeable. i came from a Samsung s25 ultra and i can barely notice this when using. When you can notice the most is on a white on black text, while the phone is tilted to the side.. in my opinion, it is blown way out of proportion.

2. fast charging ""isnt as fast""
no, i use a 45w charger on both and the s26 ultra charged way faster than the s25 ultra, even while not having the 60w charger.

improvements i have noticed
Thermals are waaaay better. for sure. i play a little bit on my phone and while playing the phone barely got warm, compared to the s25 ultra that got uncomfortable to touch at times.

lot more battery time

animations are smoother, this is just oneui 8.5 tho 
 feels bigger for some reason even while being a little rounder

a lot more snappy, i dont know if its oneui 8.5 or the cpu or both, but i have noticed it is snappier.

main camera has better night performance, selfie camera is also better in my opinion. 

Privacy screen is also crazy, it works very well

speakers are also slightly improved, its a lot more deeper

its a very solid phone, i really dont get the hate. it is not worth upgrading from the s25 ultra to the s26 ultra, but so far, i love this phone.",samsunggalaxy,89,29,1773811203.0,https://i.redd.it/l7uy7nnenqpg1.jpeg
1rf71t9,Cheapest ways to get the Galaxy S26 Ultra (stacking tips) + codes (extra 5% off + $50 PayPal),"Cheapest ways to get the Galaxy S26 Ultra (stacking tips) + codes (extra 5% off + $50 PayPal) I’ve been trying to get the **Galaxy S26 Ultra** for as cheap as possible, so here are the best methods I’ve found **that can stack**.

## Codes (easy copy/paste)

**Rakuten cashback link (Free, 1 minute signup, no card needed, easy $50 back + 5% Best Buy, 3% off Samsung):**
www.rakuten.com/r/TYLERM3211

**Samsung code for extra 5% off**  (Updated 3/17/2026) *Updated Hourly  
`ref-3c0ds3`

**How to use Rakuten**

**On PC:** make an account, click the Rakuten link, then when Samsung or Best Buy opens, make sure Rakuten says **Cash Back Activated** before checkout.

**On phone:** make an account, open the store through the Rakuten app or tap the Rakuten link first, then make sure cashback is activated before checkout.

**Current referral link ($100 bonus when you set up qualifying direct deposit, plus get paychecks up to 2 days early):**  
Code: TYLERM525  
https://current.com/get-started/?creator_code=TYLERM525&impression_id=7946975f-31da-4bd1-be8c-64ff3ab0961a

## Methods to get the cheapest price (stuff that often stacks)

- **Student / education discount:** took **$75 off** for me
- **PayPal checkout promo:** use **PayPal50** for **$50 off** when eligible
- **Storage upgrades:** watch for **free storage upgrade promos**
- **Best Buy:** keep an eye out for the **free 512GB upgrade** promos when available
  - **Check availability in your region** since Best Buy does not always offer the same deal everywhere
- **Amazon option (if you do not have a trade in):** sometimes they include a **free $200 gift card**, which can be a better deal than weak trade in values
- **Cashback:** use **Rakuten**, other portals, and credit card offers since they can stack on top

If you’re already planning to buy one, I’d really appreciate it if you use my **Rakuten link** and **Samsung referral code**, since it helps me out too while saving you some money.

If anyone has found other discounts, comment them. I’m trying to squeeze **every dollar off** this thing.",samsunggalaxy,3,49,1772102991.0,https://www.reddit.com/r/samsunggalaxy/comments/1rf71t9/cheapest_ways_to_get_the_galaxy_s26_ultra/
1rpkopr,Is it true that the Samsung s26 Ultra got rid of Samsung messages? I heard that they only have Google messages and I don't like Google messages I like Samsung messages because it's more customizable. Is it true that you can't even download it through an app?,Is it true that the Samsung s26 Ultra got rid of Samsung messages? I heard that they only have Google messages and I don't like Google messages I like Samsung messages because it's more customizable. Is it true that you can't even download it through an app?,samsunggalaxy,0,46,1773109516.0,https://www.reddit.com/r/samsunggalaxy/comments/1rpkopr/is_it_true_that_the_samsung_s26_ultra_got_rid_of/
1qr56hq,Exclusive: Samsung Galaxy S26 Ultra Renders & Specs,Exclusive: Samsung Galaxy S26 Ultra Renders & Specs,samsunggalaxy,82,40,1769778995.0,https://www.androidheadlines.com/samsung-galaxy-s26-ultra-design
1rmh3kt,People who pre ordered s26 ultra from Best Buy,"People who pre ordered s26 ultra from Best Buy Anyone update on Best Buy yet? I pre ordered s26 ultra from Best Buy on Feb 28th and it still say “I’ll let you know when it’s ready” it’s been 6 days now I live in Dallas , Texas 🙄 I don’t understand how people got updates and notifications from Samsung , Verizon, AT&T etc but Best Buy",samsunggalaxy,0,46,1772811096.0,https://www.reddit.com/r/samsunggalaxy/comments/1rmh3kt/people_who_pre_ordered_s26_ultra_from_best_buy/
1rccnyh,S26 Ultra unboxing videos are already out even before Samsung's launch event 👀,S26 Ultra unboxing videos are already out even before Samsung's launch event 👀,samsunggalaxy,169,22,1771837851.0,https://i.redd.it/8pi10l9mn7lg1.jpeg
1rpkjwv,Why is my S26 Ultra showing up as charging 3.0 but charging super slow???,"Why is my S26 Ultra showing up as charging 3.0 but charging super slow??? Not sure what is happening.  I tried my old charger from my s24 ultra that would do 2.0 fast charging and that is also charging slow even for 2.0....

I got a banker 70 watt charger on Amazon someone said would work....

I don't get why my s24 ultra pulls in more Watts and charges faster, but the s26 has let's watts pulled in and doesn't charge as fast at it says it will.",samsunggalaxy,3,43,1773109157.0,https://www.reddit.com/gallery/1rpkjwv
1rt0qrb,S25 Ultra to S26 Ultra,"S25 Ultra to S26 Ultra Not too sure if I it would even be worth it, upgrading from the S25U, but Samsung is offering some amazing deal right now. Would I be benefiting from this upgrade? The one thing that is off-putting is the Aluminum over Titanium.",samsunggalaxy,7,40,1773438226.0,https://i.redd.it/kmi90hucuvog1.jpeg
1q0c5m6,Upgrade from S23 ultra to S25 ultra or wait for S26 ultra?,"Upgrade from S23 ultra to S25 ultra or wait for S26 ultra? I’m currently using an S23 Ultra, almost 2 years old now. Phone still works great, but the back glass is cracked, and I’m thinking of upgrading soon.  
Confused between buying the S25 Ultra now or waiting for the S26 Ultra.  
I am getting S25 utlra 512gb for 1160$.

**What matters to me:**

* Camera quality (I take a lot of photos and love Samsung’s processing till a certain point)
* Smooth performance. I play BGMI sometimes, nothing hardcore, but don’t want lag or throttling
* Loved the Boxy design (big reason I got the Ultra series)
* Long-term use

**My confusion:**

* From what I’ve read(yt, read, media, friends), S25 Ultra doesn’t seem like a huge jump over S24/S23, and Samsung removed Bluetooth features from the S Pen, which I actually used sometimes, but not a deal breaker.
* S26 Ultra leaks suggest better performance and refinements, but not sure if it’ll be a *real* upgrade or just incremental again.
* I *can* wait till Feb/March if it’s worth it.

I’ve also briefly looked at Xiaomi 17 Pro Max(really like the back display design) and Oppo Find X9 Pro (battery + performance look tempting), but I’m unsure about switching away from Samsung’s camera/software experience.

Currently my 256 gb gets full easily for me, so was thinking to get 512 gb with this upgrade. Started using google photos to backup photos and vids. Any advise on this would also be appreciated.",samsunggalaxy,19,55,1767184995.0,https://www.reddit.com/r/samsunggalaxy/comments/1q0c5m6/upgrade_from_s23_ultra_to_s25_ultra_or_wait_for/
1q81cq5,"S26/27 Ultra's ""would rather have"" features over S-Pen","S26/27 Ultra's ""would rather have"" features over S-Pen Share your opinion on which features you’d rather Samsung include in the Ultra flagships instead of the Bluetooth-less S-Pen. Personally, I miss the microSD slot and would love a bigger battery and a better thermal system. I rarely use the S-Pen now, and it got me thinking about what Samsung could do with all that internal real estate. Let’s hear your thoughts.",samsunggalaxy,25,51,1767941633.0,https://www.reddit.com/r/samsunggalaxy/comments/1q81cq5/s2627_ultras_would_rather_have_features_over_spen/
1rqbvxp,S26 Ultra googly eyes - camera island disappointment,"S26 Ultra googly eyes - camera island disappointment Hello everyone! Curious about what you think about this issue and what would your reaction be.

Had my S26 Ultra for several days now and I think it's an exceptional phone in almost every aspect. Checks out majority of boxes for me, but the camera island design and the protrusion of cameras from the base of the phone is absurd and quite frankly making the whole user experience bitter for me. There are several reasons:

\- extreme wobble when laying flat on the table even with Samsung original silicone case. (I like to check the incoming emails and messages without picking up the phone. Occasionally even replying by swiping the keyboard.)

\- Incompatibilty with majority of magsafe accessories due to the coil and magnets being way too close to the bottom lens. When using rectangular powerbank it has to be rotated 45 degrees for the magnets to align. Corners of the powerbank then protrude from the phone. (I prefer charging by cable, but having the option to snap the powerbank on the phone and put it into the pocket\\backpack is sometimes very convenient)

\- Incompatibilty with wireless chargers. When it's simply a larger flat surface (some home versions or car chargers) it just wobbles on the lenses and loses contact with the charger, making the charging less efficient.

\- Unable to reverse charge other phones. Which is a nice feature even though seldom used. But why even implementing it when you can't lay other phone flat on the back of the s26 ultra so it would charge efficiently? I tried it, it works, but you have to fiddle it carefully around the coil and the other phone keeps falling off because of the cameras. I know there are smaller devices that don't have this issue.

I found a whole post covering similar wobble problem on Z fold 7. And I tried similar solution to the wobble that works for me. It's just that, when you buy a phone in that price range, should you really be spending evenings on reddit searching for a solution like that and applying googly eyes to your brand new phone in an original case? I find it very disappointing. And it only solves one of the issues.

So the question is, would you return it and go for s25 ultra with some case that will keep camera bumps flattened? Or is it just temporary shock when upgrading from older phone and the advantages of s26 ultra are worth it?

For the context, I wanted to support Samsung specifically. Also I don't really care about minor changes in camera quality or display.",samsunggalaxy,23,35,1773182131.0,https://i.redd.it/7a0x94oroaog1.jpeg
1ndz32h,17 pro max (esim) will have a higher battery capacity than a s25 ultra,"17 pro max (esim) will have a higher battery capacity than a s25 ultra and I think that s26 ultra will still have a 5000mah battery, samsung you really got to step up your game, even apple is coming up to you.",samsunggalaxy,1654,568,1757563366.0,https://i.redd.it/6afleny8mgof1.jpeg
1rsig3c,S26 Ultra is NOT a magsafe compatible phone,"S26 Ultra is NOT a magsafe compatible phone Updated my old S22 Ultra to the S26 Ultra last week, not a big step up in anything really except charging speed.

Really disappointed that none of my magsafe accessories work well with the phone  
  
Tried 3 magsafe cases, from official Samsung case, Torro and Benks  
The Benks is best position weise, but for the other cases my magsafe accessories just do not fit correctly.

The camera height means that the accessories do not sit flush

Is everyone else experiencing this?

My Benks case seems to work best, anyone found a better case for magsafe?",samsunggalaxy,0,38,1773393311.0,https://i.redd.it/1oh0067b3sog1.jpeg
1rkq8sn,Samsung Galaxy S26 Ultra case recommendations,Samsung Galaxy S26 Ultra case recommendations Hi. I just bought a Galaxy S26 Ultra and I'm looking for a case. I ordered the official Samsung one through Amazon but the estimated delivery date is May 10th which obviously won't work since the phone will be delivered next week lol. I was looking through the options on Amazon and I liked OtterBox but it seems too expensive for what it is. Can anyone recommend a case? I like simple designs and bought the violet colored one. Thanks!,samsunggalaxy,1,40,1772642256.0,https://www.reddit.com/r/samsunggalaxy/comments/1rkq8sn/samsung_galaxy_s26_ultra_case_recommendations/
1lrg06q,New report reveals Galaxy S26 Ultra's zoom camera. It uses the same telephoto camera as its predecessor.,"New report reveals Galaxy S26 Ultra's zoom camera. It uses the same telephoto camera as its predecessor. Galaxy S26 Ultra's telephoto camera won't move the needle on the resolution front
A report from GalaxyClub reveals that the Galaxy S26 Ultra uses a 50MP telephoto camera with a 5x optical zoom lens. It is a 1/2.52-inch camera sensor with 0.7µm pixels, PDAF, and OIS. This is the same zoom camera that was used in the Galaxy S24 Ultra and the Galaxy S25 Ultra.

There were rumors about the possibility of Samsung using a 200MP ISOCELL sensor for the Galaxy S26 Ultra's telephoto camera. If the phone has two telephoto cameras, it is now clear that at least one of them uses a 50MP sensor. The information about the second telephoto unit hasn't been revealed yet.

As Samsung upgraded from a 12MP ultrawide camera to a 50MP ultrawide camera for the Galaxy S25 Ultra just last year, it will likely continue using it for the Galaxy S26 Ultra as well. Now, the only information that is still missing about the upcoming phone's rear camera setup is its second telephoto sensor. It would be great if the South Korean firm upgrades to a 50MP sensor.",samsunggalaxy,158,64,1751627015.0,https://i.redd.it/ag91am9fauaf1.jpeg
1rqd2hy,"Galaxy S26 Ultra Cheapest Price Guide (LAST MINUTE DEALS) Last Day for Samsung, Best Buy, and Amazon Preorder Deals","Galaxy S26 Ultra Cheapest Price Guide (LAST MINUTE DEALS) Last Day for Samsung, Best Buy, and Amazon Preorder Deals **Today is the last day for the Samsung, Best Buy, and Amazon preorder deals, so if you are buying an S26 Ultra, this is probably your last chance to stack the best discounts.**

I’ve been trying to put together the **cheapest possible ways to buy the Galaxy S26 Ultra**, so here is my **final updated list** based on other users’ feedback plus the best stackable methods I’ve found.

**Codes and links (easy copy paste)**

**Rakuten cashback link**  
Free 1 minute signup, no card needed, easy $50 back, plus cashback at Best Buy and Samsung:  
www.rakuten.com/r/TYLERM3211

**How to use Rakuten**

**On PC:** make an account, click the Rakuten link, then when Samsung or Best Buy opens, make sure Rakuten says **Cash Back Activated** before checkout.

**On phone:** make an account, open the store through the Rakuten app or tap the Rakuten link first, then make sure cashback is activated before checkout.

**Samsung code for extra 5% off**  (Updated 3/17/2026) *Updated Hourly  
`ref-3c0ds3`


**Best ways to get the cheapest price**

* **Use Rakuten first:** easiest extra savings and stacks with a lot of the other methods
* **Use the Samsung referral code at checkout:** extra **5% off**
* **Student or education discount:** took **$75 off** for me
* **Trade in:** Samsung trade in values can be very strong, especially for newer phones
* **Best Buy:** good for the **free 512GB upgrade** when available, and can pair well with carrier specific trade in deals
* **Amazon:** if you do **not** have a strong trade in, the **free $200 gift card** can make it the better overall deal + free 512gb Upgrade
* **Credit card rewards:** cashback cards can stack even more savings on top
* **Capital One Shopping:** some people get targeted cashback offers, so it is worth checking before buying
* **Google Fi:** worth comparing if you are open to switching because the promo is very aggressive

**Quick strategy**

* **Best overall for many people:** Samsung discount stacking with **Rakuten + referral code + student discount + trade in**
* **Best if your trade in is weak:** **Amazon + free $200 gift card + free 512GB upgrade**
* **Best if you want easy storage upgrade value:** **Best Buy + free 512GB upgrade**

**Extra tips**

* **Check your region** because some deals are not available everywhere
* If your Samsung account has **already used a referral code before**, it may not work again, so some people make a **new account**
* If your trade in value is weak, **cashback + Amazon** may be the best overall deal
* **Try every option before checkout** because the cheapest one can change depending on trade in value

**Extra bonus**

**Current referral link**  
$100 bonus if you set up qualifying direct deposit, plus get paychecks up to 2 days early:  
Code: TYLERM525  
https://current.com/get-started/?creator_code=TYLERM525&impression_id=7946975f-31da-4bd1-be8c-64ff3ab0961a

**Final reminder**

**If you are planning to preorder, today is the last day for Samsung, Best Buy, and Amazon preorder deals.**  
At minimum, I would check **Samsung, Best Buy, and Amazon side by side before placing the order**, because one of them can come out way cheaper depending on your trade in and whether you can stack cashback.",samsunggalaxy,12,36,1773184862.0,https://www.reddit.com/r/samsunggalaxy/comments/1rqd2hy/galaxy_s26_ultra_cheapest_price_guide_last_minute/
1rldmfc,S26 ultra just shiped! Lets go!! USA-NY,S26 ultra just shiped! Lets go!! USA-NY,samsunggalaxy,6,38,1772704533.0,https://i.redd.it/fal766kp87ng1.jpeg
1qgum1o,Can’t wait for s26 ultra,Can’t wait for s26 ultra Please samsung release that phone Asap 😩,samsunggalaxy,17,46,1768797720.0,https://www.reddit.com/r/samsunggalaxy/comments/1qgum1o/cant_wait_for_s26_ultra/
1qwia70,Should I go for Samsung S26 Ultra or iPhone 17 pro max?,Should I go for Samsung S26 Ultra or iPhone 17 pro max? Same as title,samsunggalaxy,0,45,1770289087.0,https://www.reddit.com/r/samsunggalaxy/comments/1qwia70/should_i_go_for_samsung_s26_ultra_or_iphone_17/
1ririv5,Eye Strain on Samsung Galaxy S26 Ultra vs Samsung Galaxy S25 Ultra – Noticeable Display Difference at 2K Resolution (Privacy Mode Off) 👀,"Eye Strain on Samsung Galaxy S26 Ultra vs Samsung Galaxy S25 Ultra – Noticeable Display Difference at 2K Resolution (Privacy Mode Off) 👀 ""Hey Galaxy Fam 👀

I noticed a huge difference between the Galaxy S26 Ultra and S25 Ultra displays. After using the S26 Ultra for a while, my eyes felt tired and slightly uncomfortable.

Note: Both phones were set to 2K resolution, and Privacy Mode was turned OFF on the S26 Ultra. 

You can see the issue in the pictures below. I think Samsung needs to fix this issue ASAP.""

From @tarunvats33 on Twitter!",samsunggalaxy,2,38,1772454551.0,https://www.reddit.com/gallery/1ririv5
1rswut8,S25 Ultra to S26 Ultra thoughts and opinions...,"S25 Ultra to S26 Ultra thoughts and opinions... I bought my S25 Ultra a few months ago when they went down to $850 and just got my S26 Ultra on Wednesday. I did the trade in because Best buy gave me more than I paid for the S25 Ultra and I also got the free storage upgrade (my S25 Ultra was only 256GB). 

I was kind of 50/50 on if it was even worth it after watching a bunch of YouTube videos and reading posts on here that weren't so positive. Anyways, I just reached the fork in the road of 'Do I keep my S25 Ultra and return the S26 Ultra back?' as I was about to factory reset the S25 Ultra and I went ahead and reset the S25 Ultra.

I'm keeping the S26 Ultra and after two days of physically comparing them and going back and forth, I think the S26 Ultra is a nice change of pace, albeit very similar to the S25 Ultra in practically every way. 

Some Pros: The more rounded edges are the perfect middle ground of not being crazy rounded like the iPhone and Pixel where you are losing screen real estate.

The power button is slightly bigger now. Nobody has mentioned this, but it certainly is a little longer.

The antenna bands now blend in with the frame and are barely noticeable, at least with the black version that I have.

The thinning down of the phone and the weight savings is an obvious plus.

The camera island is a nice design change after years of the same camera setup on the Ultra line.

The battery is even better than the S25 Ultra, which was already amazing for me. This is surprising considering that this phone hasn't even learned my battery usage patterns yet.

The faster wired and wireless charging is awesome and super handy if you need to top off your battery in a hurry.


Some Negatives: The antireflective coating is a little less effective than the S25 Ultra's coating. I noticed that the S25 Ultra has more of a green hued reflective color while the S26 Ultra has much less of a green hue. I believe this is why it appears to reflect more ambient light.

The screen is sharper and appears more crisp; however, this allows you to see pixels more easily if you're looking for them. The S25 Ultra screen has less sharpness and the pixels are more well blended or hidden. I believe the new screen tech and pixel layout is the culprit.

The front facing camera hole punch is now larger than the S25 Ultra's. It's still smaller than the Pixel 10 Pro XL's which is what I was using before switching back to Samsung, so it's no big deal and at least the camera is higher quality.

TLDR: The S26 Ultra is a great phone and is a worthy evolution in the Ultra line of phones. There are some good changes and some bad changes, but that is up to you as a consumer to decide if those changes make it worth the purchase. Don't blindly follow the negativity hype train because this happens with every new release and there's always something that people will raise hell about, which may or may not be justified.",samsunggalaxy,19,31,1773429520.0,https://www.reddit.com/r/samsunggalaxy/comments/1rswut8/s25_ultra_to_s26_ultra_thoughts_and_opinions/
1rjvpb5,I just bought the S26 ultra and I have read that if you buy a phone case with magsafe you can have some issue ? Is it true ? If yes should i only get the samsung phone case ?,I just bought the S26 ultra and I have read that if you buy a phone case with magsafe you can have some issue ? Is it true ? If yes should i only get the samsung phone case ? Ty for your help !,samsunggalaxy,1,36,1772559316.0,https://www.reddit.com/r/samsunggalaxy/comments/1rjvpb5/i_just_bought_the_s26_ultra_and_i_have_read_that/
1rryrkz,"Does the text on S26 Ultra look ""deep-fried"" to you?","Does the text on S26 Ultra look ""deep-fried"" to you? Am I crazy or is the S26 Ultra display heavily over-sharpened?

TL;DR: My S26 Ultra display looks like it has forced artificial sharpening applied to text, icons, and UI edges. I’m not talking about color/brightness settings. I’ve already tested QHD+/FHD+, vivid/natural, adaptive brightness, adaptive color tone, and eye comfort shield. Side by side, my S23 Ultra and S25 Ultra look much more natural and comfortable. ***I’m trying to find other S26 Ultra users seeing the same thing, especially anyone who compared it with older Ultra models.*** Read the full post for more context.

Edit: I took my device to nearby retail stores to compare with on-display units and found that my unit's screen looks very different. I'm in touch with Samsung customer support to get a replacement. Support rep says that my device is from a bad batch.


I’m posting this to find other people using the S26 Ultra who are noticing the same thing, especially people who can compare it directly with older Ultra models.

What I’m talking about is not color, saturation, vivid vs natural mode, adaptive brightness, adaptive color tone, eye comfort shield, etc.

What I’m seeing is what looks like artificial sharpening being applied across the display output.

On my S26 Ultra, text looks way too processed. Not crisp in a natural high-res way, but harsh, edge-enhanced, almost “deep fried.” And it’s not just text either. I can also see it on icons, UI elements, fine lines, and edges in general. There’s a kind of forced sharpness/outline effect that makes the screen look less natural than older Samsung QHD phones.

I’ve already tested the obvious stuff extensively:

QHD+ resolution enabled (also tested with FHD+)

Natural and Vivid mode

Adaptive Color Tone on/off

Adaptive Brightness on/off

Eye Comfort Shield on/off

Low and high brightness


None of that fixes it.

So for me, this is clearly not a color-mode issue or some simple settings issue.

I’ve also compared it side by side with the S23 Ultra and S25 Ultra. Those screens look like what I expect from Samsung QHD displays: clean, natural, soft-clear, easy to read, no weird edge enhancement. The S26 Ultra, by comparison, looks like something in the display pipeline is artificially sharpening everything.

And to be clear: yes, I know a lot of people are talking about the privacy display, mesh effect, moiré, pixel structure, whatever. I’m aware of all that.

But what I’m describing feels separate from that.

Even if the privacy display hardware introduces its own visual quirks, there still seems to be an additional software sharpening / edge enhancement effect going on. That’s the part I’m focused on, because that seems like the kind of thing Samsung could potentially tone down or patch.

If text and UI look unnaturally sharpened the whole time, it creates real eye strain. For me, that’s becoming a serious usability issue.

And I’m not making this post just to trash the phone. I’m making it because I actually want to keep using it and not return it. In all other ways, the S26 Ultra is an excellent device and I’m loving everything else about it. That’s what makes this so frustrating.

At this point, this issue is honestly big enough that I’m considering returning the phone, which is a shame, because if Samsung reduced this aggressive sharpening in software, I would have no other issues with this device.

I’m mainly posting to find other people who are noticing this, especially people who can compare it directly with older Ultra models.

If you’re seeing this too, it would help if you mention:
● whether text looks unnaturally sharpened/processed to you
● whether you compared it side by side with an older Ultra phone
● whether it causes eye strain or reading discomfort

Please keep replies focused on text clarity / UI edge enhancement / display sharpening, not just general color preferences or “mine looks fine.” I’m specifically trying to figure out how many people are seeing this same issue.

If enough of us are noticing the same thing, I really think Samsung needs to either:

reduce the sharpening in software, or give us a toggle to disable it

Because right now, instead of looking like a natural high-resolution flagship display, mine looks like an FHD screen with forced sharpening applied over the whole interface, like a TV or monitor with edge enhancement turned up.",samsunggalaxy,11,32,1773339909.0,https://www.reddit.com/r/samsunggalaxy/comments/1rryrkz/does_the_text_on_s26_ultra_look_deepfried_to_you/
1rnw5eh,Returning my s26 ultra for better price already,Returning my s26 ultra for better price already Pre ordered from Samsung at $1299 for the 256 gb and for $900 trade for my s25 ultra.  It is due to be here Tuesday but now Best Buy is running a sale for free memory upgrade. That's a no-brainer. So I have to return mine to Samsung and order one from Best Buy.,samsunggalaxy,0,35,1772947093.0,https://www.reddit.com/r/samsunggalaxy/comments/1rnw5eh/returning_my_s26_ultra_for_better_price_already/
1relmki,S26 Ultra Pre Order,"S26 Ultra Pre Order anyone pre order the s26 Ultra? I would love to but its out of my price range a bit as Samsung are only offering me 371 euros for my s24+, meaning it will cost over €1100 😭",samsunggalaxy,1,36,1772044460.0,https://www.reddit.com/r/samsunggalaxy/comments/1relmki/s26_ultra_pre_order/
1rsa6yx,#1 gripe with the S26 Ultra is the magnet placement (and here's my fix),#1 gripe with the S26 Ultra is the magnet placement (and here's my fix) I'm sure Samsung has an internal space/packaging reason for placing the wireless charger where they did but it makes battery banks hard to place. My solution is to get a case without the magnets and then attach your own. There is a slight decrease in wattage but the phone fits in my pocket way better so it's worth it.,samsunggalaxy,20,30,1773366281.0,https://www.reddit.com/gallery/1rsa6yx
1rmh583,S26 Ultra Online Exclusive Pink Gold,S26 Ultra Online Exclusive Pink Gold I just got my S26 Ultra today after pre-ordering it! The color is subtle—a mix of light apricot and pink that shifts to white or gold depending on lighting and angle. It’s much more beautiful in person!,samsunggalaxy,54,26,1772811195.0,https://www.reddit.com/gallery/1rmh583
1rkxjqw,S26 Ultra Shipped Early (Canada),S26 Ultra Shipped Early (Canada),samsunggalaxy,20,30,1772658289.0,https://i.redd.it/gq3jnvb7f3ng1.jpeg
1r7xem1,Unlocked or carrier S26 Ultra?,"Unlocked or carrier S26 Ultra? I've always purchased Verizon's versions of phones before and never got an unlocked one.  This time around I'm thinking of getting an unlocked one because after 15+ years I don't want to be bound to Verizon for 3 more years if they continue to annoy me..  What are the pros and cons?  I'm really interested in the way insurance works.  If I got an unlocked phone I'd have to go with Samsungs insurance for replacement etc and not Verizon's, correct?  Verizon wouldn't support or trouble shoot it and I'd have to deal directly with Samsung for replacement to get another unlocked phone, right?  I couldn't go to a Verizon store if I had issues and needed a replacement or repair?",samsunggalaxy,5,36,1771402838.0,https://www.reddit.com/r/samsunggalaxy/comments/1r7xem1/unlocked_or_carrier_s26_ultra/
1rm8ejb,Question about super fast charging 3.0 on S26 Ultra,"Question about super fast charging 3.0 on S26 Ultra I have a 75w charger that has usb pd and pps with a 100w cable with emarker, but I'm getting Super fast charging 2.0 on my S26. Is the 3.0 version already available for this device? or Samsung delayed the release?",samsunggalaxy,2,31,1772785413.0,https://www.reddit.com/r/samsunggalaxy/comments/1rm8ejb/question_about_super_fast_charging_30_on_s26_ultra/
1rtnx7w,"S26 ultra still not shipped, pre order, dissapointed","S26 ultra still not shipped, pre order, dissapointed So i preordered a s26 ultra on samsungs website on the 2nd of March. On the Samsung shop app i could see that i would get a email about pickup on the 6th. The 6th roll around and im excited to get my phone but I see that it has still not shipped, i contact Samsung support and ask about it and they apologiese and say that it will be delayed, then i recieve an email that it should ship the 13th. The 13th comes and still nothing, today the 14th i talked with Samsung support once again and they tell me they dont know when they can ship my phone and buds 4 pro. I live in Sweden so i guess i could differ from other regions. All I Am wondering is, is anyone else not getting there phones and Earbuds shipped with no confirmation date?",samsunggalaxy,8,28,1773505988.0,https://www.reddit.com/r/samsunggalaxy/comments/1rtnx7w/s26_ultra_still_not_shipped_pre_order_dissapointed/
1roplvi,Contactless pay doesnt work on my s26 Ultra,"Contactless pay doesnt work on my s26 Ultra I'm having difficulties with contactless pay. I just purchased the S26 Ultra and I've been using it for 2 days. I registered my bank cards to both Samsung Pay and Google Pay. Once attempting to purchase a product their eftpos machine reads declined. There are no issues with my bank cards. I've used 3 different ones. All upto date not expired, all have sufficient funds and all active. I contacted Samsung support and they asked to troubleshoot the apps which I did. And I've also restarted the phone. And removed and added the cards again. Still, no fix. To pay for the item, I used my old s23 Ultra with the same card and it worked. So the issue is this phone s26 ultra. 
Anyone else have this issue? Anyone know a fix? 
Thx.

Edit: oh and yes nfc is enabled and everything so it's not that either, tried setting different apps as the default pay app to see if that changes things, but nope. Nothing.


Update (Issue Resolved) : Turns out the issue was my bank, not the phone.

When I added my CommBank cards to my new device, their fraud system automatically flagged it as suspicious. My old phone was still authorised for mobile payments, but the new phone was silently blocked, so every tap-to-pay transaction was being declined.

I called my bank and spoke with the fraud/ scam team, and they re-authorised the new device and removed the block.

After that, Google Wallet contactless payments started working immediately.",samsunggalaxy,8,29,1773027570.0,https://www.reddit.com/r/samsunggalaxy/comments/1roplvi/contactless_pay_doesnt_work_on_my_s26_ultra/
1rn4vef,"Upgrading from the S20+ to the S26 Ultra: The Good, The Bad, and the ""Privacy Display""","Upgrading from the S20+ to the S26 Ultra: The Good, The Bad, and the ""Privacy Display"" **Hey everyone,**

I wanted to share my first 24-hour impressions of the Galaxy S26 Ultra. For context, I’m making a massive jump: I upgraded straight from an S20 Plus.

I was actually incredibly anxious before it arrived. I’ve been lurking on the forums reading all the horror stories about the display—specifically the new ""Privacy Display"" feature, pixelation, and graininess. I was fully prepared to box it right back up if it sucked. But after half a day of tweaking and using it, consider me sold.

Here is my breakdown of what's actually going on, especially with that screen.

# The Elephant in the Room: The Display & ""Privacy Mode""

Let’s talk about the Privacy Display, because I think this is where a lot of the panic is coming from.

* **Basic Mode:** Honestly, it's pretty useless. It doesn't actually hide much from the sides, and to make matters worse, the dreaded ""graininess"" already starts appearing here.
* **Maximum Mode:** Absolutely awful. It washes out the screen, turns everything weirdly white, and completely ruins the visual experience.

**The Fix? Just turn it off.** When the privacy feature is off, the screen is, in my humble opinion, completely breathtaking. It is tack-sharp, zero pixelation, and zero grain (though hey, maybe my eyes are just getting old! :D).

It actually looks like the image is made of a real, physical material sitting on top of the glass. I don’t know how else to describe it, but it’s mind-blowing.

*Note: I usually run my screen at about 25-30% brightness indoors with adaptive brightness turned on. Also, I don't have an S25 to compare it to. It's possible that even with the privacy mode off, the viewing angles are ever-so-slightly reduced compared to last year, but I honestly think 99% of users will never notice.*

# Two Display Settings You NEED to Change

A lot of people are saying the display looks ""off."" I think this comes down to Samsung's factory defaults:

* **Resolution:** Out of the box, the phone is set to 1080p (FHD+). If you have eagle eyes, you might see some pixelation here (though I personally didn't see any here either! :D). Switch it to Maximum Resolution immediately. Once you do, seeing a pixel with the naked eye is basically impossible.
* **Colors:** The default color profile is ""Natural,"" which looks pretty washed out if you're used to older Samsung panels. I immediately switched it to **Vivid** and went into the advanced settings to crank the vividness slider all the way up to max. I love punchy, contrast-heavy colors, and this panel absolutely nailed it. It’s vibrant without being cartoonish. It hits this perfect, ""zen-like"" color balance. I highly recommend trying this setup!

# Screen Protector & Case: Idiot-Proof Application

I bought the official Samsung anti-reflective film (not the glass one), and it is perfect. I am usually absolutely brain-dead when it comes to applying these things, but I managed to put it on completely dust and bubble-free on my very first try. My method? I did the whole process in a steamed-up bathroom, because this actually eliminates floating dust in the air almost entirely. I also left the phone's factory black protective film on until the exact second I was ready to apply the new one. The film is completely idiot-proof and fits flawlessly.

Once applied, it is practically invisible. The only downside is that it's a bit of a fingerprint magnet, but that's par for the course—nothing an occasional wipe with a microfiber cloth can't fix! :D I highly recommend it if you are worried about scratches. And, of course, pair it with a proper case (I ordered a Spigen Liquid Air for mine).

# The ""Needs More Testing"" Pile

Since it's only been 24 hours, I can't give a definitive verdict on everything yet:

* **Battery:** Seems perfectly fine so far. It’s not necessarily mind-blowing out of the gate, but for real-life, normal usage on maximum resolution, it feels totally adequate.
* **Cameras:** Haven't had the time to dive deep into testing these yet. Hopefully in an update!

# Connectivity & Audio

I’ve seen a few complaints floating around about connection drops and audio issues. Personally, I haven't experienced a single glitch. Call quality is crystal clear on both ends, the speakerphone is great, and my network connections have been rock solid.

# Final Verdict

If you are on the fence or thinking about canceling your pre-order because of the screen rumors: **don't.** Wait until you have the device in your hands. Spend a day with it, adjust the settings I mentioned, and let your eyes adapt. You can always return it if you still hate it!

I was incredibly skeptical and ready to be the first one to complain, but half a day of use completely won me over. To be fair, my joy might partially be the ""honeymoon phase"" of upgrading from a 6-year-old S20+ (which I still love, by the way!). If you are upgrading from an S24 or S25, your mileage may vary on whether the upgrade is ""worth it."" But strictly speaking about the hardware and the display? It's phenomenal.

Let me know if you guys have any questions!

**EDIT / UPDATE (Wi-Fi issue):** While the screen is great, I ran into a massive Wi-Fi issue with the S26 Ultra. I did some deep testing and the exact root cause is still a mystery, but it might be:

* An overly aggressive power-saving mode.
* A botched Day-1 firmware/driver.
* A hardware/silicon defect in the first batch.

If anyone is experiencing terrible ping spikes or download / upload speed drops right next to the router, I documented the whole shitshow here: [https://www.reddit.com/r/samsunggalaxy/comments/1rofe70/is\_the\_s26\_ultra\_wifi\_fundamentally\_broken/](https://www.reddit.com/r/samsunggalaxy/comments/1rofe70/is_the_s26_ultra_wifi_fundamentally_broken/)",samsunggalaxy,10,29,1772872557.0,https://www.reddit.com/r/samsunggalaxy/comments/1rn4vef/upgrading_from_the_s20_to_the_s26_ultra_the_good/
1rrhp5j,S26 Ultra review from my perspective,"S26 Ultra review from my perspective So I've had my S26 Ultra for about 3 days now and I'd like to do a review with my experience with it.

First, the elephant in the room, the screen. When turning on the privacy display, it does get a bit fuzzy when having an extended read with some specific fonts, white text on AMOLED black like here on Reddit. I start feeling a bit weird, same feeling as me experiencing 120hz after only using 60hz but i adjust after a while. Not a big deal for me, but if you're the type who gets headaches or eye strains from this, better off with the S25U or waiting for next year's upgrade. Privacy Display works fine but it's clear that it is a Gen 1 product, so it's gonna be vastly improved if Samsung commit to having it stick around.

Next up, the battery life. It's absolutely great! Unplugged my phone at 4 AM yesterday and it got 10h of mixed use SoT from 80%, topping it up slightly at the end of the day, showing a total of 87% battery usage at the end. And Super Fast Charging 3.0 is a game changer for someone who didn't use SFC 2.0 like i did w/ my S23 Ultra.

Can't say much about the cameras but they perform at least on par with my S23 Ultra when it was in its best condition. Haven't photographed much that pushes the camera to it's limits so you'll have to check reviews.

Build quality is very solid, even if the backside feels more slippery compared to the S23U. Definitely recommend getting a case though, aluminum is slippery.

All and all, a very good phone in my opinion, more than good enough for me even if the display is a bit worse than last year's due to the Privacy Display.",samsunggalaxy,18,26,1773291662.0,https://www.reddit.com/r/samsunggalaxy/comments/1rrhp5j/s26_ultra_review_from_my_perspective/
1rcbzvc,Dubai YouTuber Buys Samsung Galaxy S26 Ultra Retail Unit Ahead of Launch,Dubai YouTuber Buys Samsung Galaxy S26 Ultra Retail Unit Ahead of Launch,samsunggalaxy,28,28,1771835340.0,https://www.allblogthings.com/2026/02/dubai-youtuber-buys-samsung-galaxy-s26-ultra-retail-unit-ahead-of-launch.html
1rugols,From iPhone 16 Pro to Galaxy S26 Ultra,"From iPhone 16 Pro to Galaxy S26 Ultra After 10 years with Apple, I’m 1) bored, and 2) I absolutely hate iOS 26. Everything from its new aesthetics to how it functions in general. It just didn’t feel like an iPhone anymore, if that makes sense. That being said, Samsung decided to offer me a pretty good deal on the new S26 Ultra 512gb model via ordering from their website ($300 off total price on top of an already $200 discount deal they’re currently running for certain US carriers) SO… I figured why not take the plunge? One UI 8.5 looks absolutely fantastic and extremely fluid and smooth. It’s got a sort of iOS-ish feel to it which should make transitioning easier and more comfortable. I also do miss a lot of the free range customization that Android has always offered over more restrictive walled garden ecosystems such as Apple. I’m also looking forward to the bigger display and though there are mixed opinions on Samsung’s new built-in privacy screen feature, I still can’t wait to try it out for myself! The S Pen looks fun and fairly useful as well!

Has anyone else made a similar switch from an iPhone over the years or intends to soon like I am? If you have already, how easy was that transition for you personally and how has the Android experience been for you overall? I’d love to hear your feedback!

Thank you for your time and have a safe and beautiful rest of your day!",samsunggalaxy,17,25,1773587878.0,https://www.reddit.com/r/samsunggalaxy/comments/1rugols/from_iphone_16_pro_to_galaxy_s26_ultra/
1rtm8od,S26 ultra complaints so far,"S26 ultra complaints so far samsung messenger missing is lame. Google messenger sucks and I dont like it.  Especially camera gallery when In text message sending a photo. It takes half the screen away. I miss samsung messenger. 

And the privacy screen feature shows the screen go completely black in the commercial.  Well it doesn't. It's still clear and visible turned on",samsunggalaxy,0,28,1773501969.0,https://www.reddit.com/r/samsunggalaxy/comments/1rtm8od/s26_ultra_complaints_so_far/
1roipfp,Best cases for Samsung S26 Ultra?,"Best cases for Samsung S26 Ultra? What are the best cases for the S26 Ultra? I ordered the phone few days ago and need a case that gives solid protection without making it heavy, bulky, or unbalanced.",samsunggalaxy,1,28,1773009304.0,https://www.reddit.com/r/samsunggalaxy/comments/1roipfp/best_cases_for_samsung_s26_ultra/
1rhodvo,Upgrading from S23 ultra to S26 ultra: mixed feelings,"Upgrading from S23 ultra to S26 ultra: mixed feelings Quite entertained to see people shit post about Samsung and the iterations of S24/25/26 ultra being a repackaged version of S23 ultra. I am upgrading from S23 ultra to S26 ultra because my S23u's screen is damaged (chipped, hairline scratches and insane flickering) from dropping it on snow. Had previously spent almost $300 replacing the screen (again damaged from dropping it on pavement - shattered glass). Trade in credit of only $200 but could not get better offers outside. If my S23u was intact I would have probably upgraded when S30 ultra is out. Should I sell my S26 ultra when it arrives and try a pixel 9a instead? Does anyone have an experience of switching to pixel phones after years of using galaxy S series phones? I know I love samsung themes and customisability and the S pen for writing but am not a tech person. Also what are the advantages of keeping the S26 ultra and will it be more durable than S23u because of its flat screen? Interested to hear your views!",samsunggalaxy,4,29,1772341143.0,https://www.reddit.com/r/samsunggalaxy/comments/1rhodvo/upgrading_from_s23_ultra_to_s26_ultra_mixed/
1qacu7t,Which mobile is better than the Samsung S26 Ultra?,"Which mobile is better than the Samsung S26 Ultra? Which mobile is better than the Samsung S26 Ultra?
I'm looking to replace my S23 Ultra with S26 Ultra; however, I am wondering if there's any better phone on the market now/ or will be later this year 🤔 
Thank you for all the help.",samsunggalaxy,0,40,1768169716.0,https://www.reddit.com/r/samsunggalaxy/comments/1qacu7t/which_mobile_is_better_than_the_samsung_s26_ultra/
1rut1b6,S26 Ultra alternative - what is your experience?,"S26 Ultra alternative - what is your experience? I just upgraded to S26 Ultra after enjoying my S21 Ultra for 5 years. Overall it seems like an amazing device but unfortunately I am one of those who aren't really comfortable looking at the new display. It feels sad because I have always enjoyed Samsungs OLED displays (in my previous 3 phones). 

But now I want to be practical and start  looking for the alternative. I am considering the Oppo Find 9X Pro mainly because it has a better camera and battery. My only worry is the software. I really like Samsungs Onu UI and that was the reason I still chose to go for the S26 Ultra.

**My concern:**

Has anyone switched to Oppo after using Samsung for years? What is your experience? And do you regret switching? 
I am specifically asking about your experience with Oppos's ColorOS",samsunggalaxy,0,26,1773616509.0,https://www.reddit.com/r/samsunggalaxy/comments/1rut1b6/s26_ultra_alternative_what_is_your_experience/
1rsfjk0,S26 ultra messages,S26 ultra messages Are you guys sticking with the G messages. It seems samsung messages is no longer on the galaxy app. I am IL and it seems I have no choice but to try GM. Are you guys using something else ?,samsunggalaxy,3,26,1773382421.0,https://www.reddit.com/r/samsunggalaxy/comments/1rsfjk0/s26_ultra_messages/
1rfnxpj,S26 Ultra Preorder in UK,"S26 Ultra Preorder in UK i Already Preordered S26Ultra   &, Buds 4 Pro  for £668.80

I paid with Paypal but paypal code didnt worked.

I Paired my 15% Student Discount & a £150 off coupon + more £60 for pre registering  it.

is there any way i can use the paypal code? i got another £150 off coupon so i will order another one",samsunggalaxy,1,29,1772143359.0,https://i.redd.it/ag8tprt1wwlg1.jpeg
1rskc78,S26 Ultra Opinions. Dead Internet Theory? Fanboys? What is happening?,"S26 Ultra Opinions. Dead Internet Theory? Fanboys? What is happening? Why is the loud majority continuing to say that Samsung made no mistakes with the S26U or blaming the end user (sounds a lot like 2015\~2020 Apple Community)?

\- No blurry af screen (compared to 22/23/24/25U) with privacy mode off

\- No camera moisture issue (I mean, do they not see the posts with all the users minus the goober who had a covering on a lens showing clear condensation under all three main lenses?)

I believe it is simply r/DeadInternetTheory (already proven years ago anyway and with the rise of AI, Reddit/X/Meta apps are mostly bots at this point).

Background: I have an S22U and really need/want to upgrade phones. Used iPhone for about 13 years (Although used S III for a year or so). Switched to S20 Ultra and upgraded to S22 Ultra. I would NEVER spend a penny on the current state of Samsung. One UI bricking\* 22s, causing other havoc with 22 and 23s, etc. And then they release this extremely expensive phone (cannot justify 26 base being more expensive than an iPhone period) and it's shoddy as hell.

I wish people would be honest about this.

\*Note: Yes, botched software that causes thermal issues and firmware issues CAN damage hardware and/or permanently brick a device. Lucky if it's fixable with a restore.

OH and ODIN is going away now too so there's also that.",samsunggalaxy,0,26,1773399956.0,https://www.reddit.com/r/samsunggalaxy/comments/1rskc78/s26_ultra_opinions_dead_internet_theory_fanboys/
1rtpkoi,Samsung ruined the S26 Ultra with the display,"Samsung ruined the S26 Ultra with the display Samsung ruined the S26 Ultra with the display. I like everything about this phone but the Display is just a deal breaker. 


U literally damage ur eyes

Bad Viewing Angles

Pixelation ( Samsung is using sharpening to counter this Issue ? 

Whites look grey


Like they have to remove the Privacy Display for their next flagship",samsunggalaxy,0,25,1773509816.0,https://www.reddit.com/r/samsunggalaxy/comments/1rtpkoi/samsung_ruined_the_s26_ultra_with_the_display/
1qbl751,Samsung Galaxy S26 (SM-S942U) and S26 Ultra (SM-S948U) have been spotted on Geekbench,"Samsung Galaxy S26 (SM-S942U) and S26 Ultra (SM-S948U) have been spotted on Geekbench **Samsung Galaxy S26 (SM-S942U):**

* Single-core: 3378
* Multi-core: 11097
* CPU clusters: 6 cores @ 3.63 GHz, 2 cores @ 4.74 GHz
* Snapdragon 8 Elite Gen 5
* 12GB RAM
* Android 16

**Samsung Galaxy S26 Ultra (SM-S948U):**

* Single-core: 3466
* Multi-core: 11035
* CPU clusters: 6 cores @ 3.63 GHz, 2 cores @ 4.19 GHz
* Snapdragon 8 Elite Gen 5
* 12GB RAM
* Android 16

**Sources:**

* **Samsung Galaxy S26 (SM-S942U):** [Geekbench](https://browser.geekbench.com/v6/cpu/16047373)
* **Samsung Galaxy S26 Ultra (SM-S948U):** [Geekbench](https://browser.geekbench.com/v6/cpu/16046893)",samsunggalaxy,115,21,1768289704.0,https://i.redd.it/u3gz3rfek2dg1.png
1rjqagy,"Pre-ordered S26 Ultra for ~$1,300 (India) and now I feel guilty… normal or mistake?","Pre-ordered S26 Ultra for ~$1,300 (India) and now I feel guilty… normal or mistake? I’m from India and just pre-ordered the S26 Ultra from Samsung’s website. The total came to around $1,300 (512GB, i mean thats rhe best priceyou canget here)

I’ve been using the S21 Ultra since 2021, and it developed few green lines on the display about five months ago. I kept waiting for the “perfect” upgrade and finally pulled the trigger — but now instead of feeling excited, I feel guilty.

I keep wondering if spending this much on a phone makes sense, especially when there are cheaper flagship options out there (although chinese ultra models are not available in india yet). I did look at other brands (especially some Chinese flagships), but I still prefer Samsung’s overall experience and One UI.

Now I’m stuck in this loop of “Was it really worth it?”
Has anyone else felt this way after buying an Ultra? Does the feeling go away?",samsunggalaxy,5,26,1772546981.0,https://www.reddit.com/r/samsunggalaxy/comments/1rjqagy/preordered_s26_ultra_for_1300_india_and_now_i/
1rl9bcc,S26 Ultra Case Review: ESR Magnetic case with Stand,"S26 Ultra Case Review: ESR Magnetic case with Stand Just received this case from Amazon and it fits really well. The bumper is rigid and have extra raised corners for drop protection. The camera ring works as a stand and has a rigid feel when opening which is good for stability as a stand. There is a nice clearance on the usb port for third party usb cables.

I got the frosted black to hide more fingerprints and it works alright for that, it still shows a tiny bit (I got sweaty hands lol). 

I paired it up with the WSKEN antireflective glass screen protector also from Amazon. I usually go for the Samsung one but they scratch so easily! I’d say this one is not as anti reflective as the Samsung film one. It is in between the Samsung AR film and the Spigen tempered glass I’d say. 

I will be trying out the Benks AR screen protector next and a couple of their cases once they come in.",samsunggalaxy,8,25,1772689086.0,https://www.reddit.com/gallery/1rl9bcc
1res7tx,Found this Google Fi Promotion for the Samsung Galaxy S26 Ultra,"Found this Google Fi Promotion for the Samsung Galaxy S26 Ultra Free double storage upgrade, plus $650 off for an **existing line** on Unlimited Premium or Flexible Plan. I wasn't going to pre-order this phone until I checked the Google Fi promos on my account. So decided to grab it with this discount. It does require you to stay on the line for 120 days, but I don't plan on changing from Google Fi anytime soon.",samsunggalaxy,7,26,1772058783.0,https://i.redd.it/9r2yylb1wplg1.png
1rqkj5i,Upgraded S24 base > S26 Ultra (first flagship). Initial thoughts.,"Upgraded S24 base > S26 Ultra (first flagship). Initial thoughts. I committed to a pre-order of the S26 Ultra and it arrived today. Been playing with it for about 3-hours now. A few of my initial thoughts coming from the base model S24.

**1. Privacy Screen:** This is my biggest gripe. The standard filter works just OK if only at extreme angles or a distance, the maximum filter is a much more aggressive angle for privacy, but...my husband sitting next to me could still make out all images and text with a side eye albeit the screen was a bit dark for him. The maximum mode also introduces an extreme gray/blue haze over the entire screen (akin to an adaptive ""eye-saver"" mode). It's not good for any photo apps but doesn't bother me if you do the selective notifications and/or banking/drive/document apps. Do I need it? Absolutely not. Will I use it? Selectively, yes.

The anti-reflective glass is also just OK in direct artificial lighting. I compared with my S24, and the readability at various matched brightnesses is about the same just with a bit less eye-strain on the S26U. I haven't tested it in direct sunlight though. I've heard it works great, but will need to test tomorrow since it was delivered late tonight.

2. **Size/Weight:** Coming from the base model of the S24. The naked S26 Ultra is actually the same weight as my S24 with a case on (we measured this with a kitchen food scale). The thickness is also relatively similar. However, for anyone going from a base model to the ultra, the 6.2"" > 6.9"" is definitely a leap I would need to get used to. It feels massive to me as I have only ever had base models (S10, S20, S22) and maybe an S9 Edge. The weight on my pinky finger somehow feels more intense despite the similar weight of my cased S24. I assume since the Ultra is taller, the center of gravity is further from the palm and increases downward force. **Did anyone struggle to get used to this, or should I just give it a few weeks of use?** I'm planning on getting a pop socket (Oh Snap 5) and softer case (Pitika) to plush out the bottom where my pinky rests. These will deliver tomorrow.

3. **Camera:** The 200mp camera captures very good macro photos but there are some stabilization issues with the software, so if you aren't completely still and focus-locked, the camera struggles with blurriness in my experience. However, the 100x optical zoom works wonderfully...up to about 60-70x zoom. Someone suggested to use the 50mp instead of the 200mp for long-distance shooting -- I've yet to try this. After this, pictures may as well be of a fuzzy TV screen. The horizontal lock for video-recording is very neat, and this is something I will use a lot when recording dance practices and volleyball tournaments. I have heard the horizontal lock is available to all S26 phones, including the base and S26+ but the 200mp camera helps to crop-in and feel more ""gimbal like"". I don't have the other phones to compare.

4\*\*. S-Pen\*\*: To be honest, the S-Pen is pretty nice for anyone that is an artist or likes to circle search or play point/click games like TFT/Hearthstone on your phone. It does not feel intuitive to being on the left side as a right-handed person, but not a big deal. However, with any magnet case or accessory on the back, the S-Pen either doesn't work, or glitches out. The electromagnetic pull is too intense. **Anyone have luck with specific shielded cases or otherwise? What do you all use it for?** I think Samsung may as well have removed the S-Pen completely and thinned the case and reduced the weight. I certainly will not use it 99% of the time unless I'm playing a game or practicing kanji or hanzi for Japanese/Chinese.

5. **UI:** My user experience has been great so far. Still testing some AI features and whatnot, but the speed is very noticeable against my S24. AI chatbots answer faster, data transfers faster, a new fun (but not super useful) Creative Studio for making stickers with the S-pen, etc. But there are still some bugs such as in the Interpreter app, the microphone doesn't register voice, fails to parse words, or shuts off live conversation mode when it gets confused. Curious if that gets better with updates. There is more customizability with the navigation, home screen, aesthetics, and even a (seemingly new) iOS swipe mode you can turn on (which I absolutely hate but it's available). With all that said, many of these features will probably come to older Samsung models via software updates in due-time. TBH, I never looked at the S25, so maybe some of these features are not new.

*Edit: I guess there is also a new feature of One UI 8.5 called ""Storage Share"". Pretty neat. I can access all my phone files and photos from my PC (and vice versa) as a wifi-network drive. way better than Phone Link was. This seems like it'll roll out to older models via software update though, so it's impressive for the S26's for a couple months, but that may be it if you have a recent model.*

6. **Battery**: Been using it for about 4.5\* hours now nonstop and using video, camera, messaging, downloading, transfers, etc. I've lost about 15-20% battery so far (85% down to 66%), so that to me is a huge win considering I have to charge my S24 twice daily. Usually 3-4 hours of use will drop me to around 25% from 95%.

7. **Overall**: I'm not sure if I will keep it... Still debating this vs. the slightly less cumbersome S26+ (6.7"" diagonal). It's a bit large for me coming from the S24 base. I think the main features it touts are not really game-changers or must-haves, and for most people, we can do without them. However, the camera is pretty decent, and since I'm travelling internationally this year, I think I may keep it if nothing else for the anti-reflective glass and the better long-distance photos. Plus the horizontal lock is neat.

*Edit: I paid $950 after tax for the S26 Ultra. I am used to high prices of tech, considering I build my own PCs (and know RAM is pricey as well), so $1000 is pretty normal for me to spend every \~5-7 years on updates/overhauls. In a two-year span...I think paying $950 for an upgrade is pretty wild. That being said, now that I have an Ultra, I assume upgrading to an S27U or S28U will be much cheaper with trade-in value increased from base models. My trade-in value was $500, but I think I saw the previous ultras trading in for around $1000 on Samsung's website. I think if I paid about $400-500 to upgrade from the S25U or up to $600-700 from the S24U, then I would say it's a good deal since it's something you use daily.*

*Edit2: By the sounds of it, the past couple ultra models are pretty similar in terms of hardware. The software will always roll out and back, so probably regardless of price, I would wait for an actual ""major"" upgrade (i.e. that is not a gimmicky privacy filter and removal of S Pen Bluetooth).* 

*I also played with the Samsung Z Fold 7 a lot at BestBuy and loved the size, weight, speed (with the caveat of the camera), so I'll be watching July for the release of the Z Fold 8 to see if they upgrade that.* The Z Fold 7 would have also been a better place to put the S Pen...",samsunggalaxy,9,22,1773204837.0,https://www.reddit.com/r/samsunggalaxy/comments/1rqkj5i/upgraded_s24_base_s26_ultra_first_flagship/
1rkohv4,Samsung s26 ultra delivery notification,"Samsung s26 ultra delivery notification Today, I received a text message indicating that my order from Samsung Electronics Canada has been shipped via Purolator. When I logged into Purolator’s website, it shows that the package is scheduled for delivery today at 7:00 PM. However, on Samsung’s website, the order status still appears as “Ready to Ship” and does not indicate that it has been picked up.",samsunggalaxy,6,24,1772638351.0,https://i.redd.it/7zgw8dywr1ng1.jpeg
1rc9x7n,No confirmation for Samsung S26 Pre-Reserve on Amazon? Anyone else?,"No confirmation for Samsung S26 Pre-Reserve on Amazon? Anyone else? \*\*The Issue:\*\* I just ""pre-reserved"" the upcoming Samsung Galaxy S26 Ultra on \*\*Amazon India\*\* by purchasing the ₹999 Samsung Gift Card. While the money was deducted and added to my Amazon Pay balance, I haven't received any specific confirmation email or voucher code for the ""Pre-reserve Pass.""

\*\*The Confusion:\*\*

\* \*\*Flipkart:\*\* People are reporting getting clear confirmation emails and voucher codes immediately after paying the ₹999.

\* \*\*Amazon:\*\* All I see is a generic gift card purchase in my order history. There’s no ""VIP Pass"" email or any indication in the app that I’m actually registered for the launch benefits (like the storage upgrade).

\*\*The Question:\*\* For those of you who used the Amazon India app to pre-reserve:

1. Did you receive a separate email mentioning the ""Samsung Pre-Reserve Pass""?

2. Does the voucher code show up somewhere else in the app?

3. Or do we just wait until the Unpacked event (Feb 25) for it to magically apply?

I'm a bit worried about missing out on the early-bird benefits if the system didn't flag me correctly.

\*\*TL;DR:\*\* Bought the ₹999 Samsung gift card on Amazon for the S26 pre-reserve. Money is in Pay balance, but zero confirmation mail from Amazon, unlike Flipkart. Is this normal?",samsunggalaxy,3,26,1771827800.0,https://www.reddit.com/r/samsunggalaxy/comments/1rc9x7n/no_confirmation_for_samsung_s26_prereserve_on/
1rez9lw,How to get an S26 Ultra for $250.,"How to get an S26 Ultra for $250. I've made a list of the cheapest possible way to get this new phone, here's how:

1. **Rakuten:** Create an account for cashback. Use this link for a $50 bonus [here](http://www.rakuten.com/r/PEPOVS)
2. **Activate:** Search ""Samsung"" in the Rakuten search bar and click ""Shop Now.""
3. **Trade in:** On Samsung's site, choose the S26 Ultra and your trade-in (I used the S25 Ultra for this example).
4. **Promo Codes:** Input this promo code: **ref-b1edz2 (or another code from comments)** into your cart.
5. **Total:** After checkout, Rakuten refunds 3% of the total, this plus the $50 sign-up bonus bringing your net total to $250.

This tutorial does not include Samsung's offering programs. If you're a Student, teacher, first responder, medical, or government worker you can get an extra discount [here](https://www.google.com/url?sa=E&q=https%3A%2F%2Fwww.samsung.com%2Fus%2Fshop%2Foffer-program%2F%5B%5B5%5D(https%3A%2F%2Fwww.google.com%2Furl%3Fsa%3DE%26q%3Dhttps%253A%252F%252Fvertexaisearch.cloud.google.com%252Fgrounding-api-redirect%252FAUZIYQHNNXDmypj-E3DFz6Jb_WUJyZzQrCBzafxfr4L21KecuJaqYbfPDoWn4kwdwkCcdKeAz0_TgFmH2_mxy3iC8PrWBdn-EqwkQ-Wm5Uxdw7LFSeQm3Yk3ar83udaX7Pr0BV6JUEz71AZRcEJgy4DwHA%253D%253D)%5D%5B%5B6%5D(https%3A%2F%2Fwww.google.com%2Furl%3Fsa%3DE%26q%3Dhttps%253A%252F%252Fvertexaisearch.cloud.google.com%252Fgrounding-api-redirect%252FAUZIYQF3dBH3PJ7myTJExwowvxyb1qk297qz6brbj0joWLkYLHRj_2cWkhVU3TavhI49ElCYCk7qG_aL0wDGJEKMtXYRuMjQ5ourEUcj3fN-ma8JwkhR5VQNTmrvyT0JhpVgq3i3aY2Qc7Za893bkIE%253D)%5D)",samsunggalaxy,0,26,1772076518.0,https://www.reddit.com/r/samsunggalaxy/comments/1rez9lw/how_to_get_an_s26_ultra_for_250/
1rn6rp5,Display Comparison - S24 Ultra v S26 Ultra,"Display Comparison - S24 Ultra v S26 Ultra ^(Deleted previous post. Apparently, you can't post images in text box under an image post, only in text post. Reddit is screwing me with formatting.)

I haven't tinkered much with the hardware yet since I'm still doing Smart Switch, but I got to check the display and compare. And yes, I still think the S24 Ultra is the most premium-looking Galaxy phone in a while, physically speaking.

Note: Lots of images incoming, if the resolution is downscaled, blame reddit. I uploaded it in an [imgur album here](https://imgur.com/a/ZFLSrRm). Forgive my fingerprints.

**TL;DR:** yes, it's not some conspiracy nor some photo contrast editing or whatnot, the AR coating seems weaker on the S26U, but you have a max brighter display with the exception of Privacy Display ON and AOD.

[Reflection - Phones off](https://preview.redd.it/e9lxr69jolng1.jpg?width=6112&format=pjpg&auto=webp&s=0ba156b10a998954cb0bdac29f6ae37d917f3051)

\_\_\_

[Left - S24 Ultra; Right - S26 Ultra](https://preview.redd.it/z8qjjvqlolng1.jpg?width=5824&format=pjpg&auto=webp&s=bc13b668f149b73e4ed45c6dea142de8095d3121)

[Reflection under White Light - Phones off](https://preview.redd.it/l8ye94koolng1.jpg?width=6112&format=pjpg&auto=webp&s=53ce61ba3c2d78ddf23eba2f422aeaf724945fb9)

[Reflection under Yellow Light - Phones off](https://preview.redd.it/ew1ud86qolng1.jpg?width=6112&format=pjpg&auto=webp&s=642ab514792f1761378407e8caae95b9f6132f7d)

[Under Blue Light - Phones off](https://preview.redd.it/747yyr8rolng1.jpg?width=6112&format=pjpg&auto=webp&s=2158d5065f4fc34872e9fea1ec7890670deda25b)

[Under Blue Light - Phones off](https://preview.redd.it/bpl1t0xrolng1.jpg?width=6112&format=pjpg&auto=webp&s=06d9d4542091eb339b80f7a2200543da575b28ed)

Yea I have no clue what that bar is under the screen internally, I haven't checked it out yet online, but iirc this also existed on the S25U. This is only visible with UV/Blue light.

\_\_\_

The next is a lot of images, so I'm gonna try my best to just compress them into one image. If you want the full resolution, go to the imgur album and just get the direct link.

With AOD, the brightness is noticeably lower on the S26U. And for some reason, this is where I noticed the S26U looks like it has some matte-like coloration going on, I just can't quite describe it.

[AOD Comparison](https://preview.redd.it/zwiy2h2izlng1.jpg?width=6048&format=pjpg&auto=webp&s=9f6b8e4ed0bec438256f04ed9ed154eea10f4ed2)

[Top Row - Under White Light; Bottom Row - Under Yellow Light](https://preview.redd.it/yzqcc1580mng1.jpg?width=6048&format=pjpg&auto=webp&s=3d2394c25dca4cac3db4908504c297a4bb444130)

  


[1st row - Privacy Display OFF; 2nd row - ON; 3rd row - MAX; 4th row - MAX at a closer angle](https://preview.redd.it/i1xpq0svolng1.jpg?width=6048&format=pjpg&auto=webp&s=7746ec375df164d99afcf4a9bf05ee0ce06b2752)

[Display Comparison when looking straight - Privacy Display OFF, ON, and MAX](https://preview.redd.it/nmeicsnwolng1.jpg?width=9072&format=pjpg&auto=webp&s=6680322fb6f740de077609a29144be2b656b3fd5)

Despite looking like it, you don't see the scanlines irl. That probably is my camera's post-processing or my camera's sensor picking up the pixel dimming.

\_\_\_

Overall, yes, you lose some of the anti-reflective coating, which is odd since this is Gorilla Armor 2 vs the old Armor, but you get brighter display, and a privacy screen feature you can probably use for whatever you think you need it for.

For people who don't use screen protectors, this might be a deal breaker. For me, who have had a TG screen protector on my S24U for 2 years, not really. My only real nitpick here is that the AOD brightness is lower.

FYI, just for people who wants to have some AR but with a screen protector, [Samsung still sells their AR screen](https://www.samsung.com/us/mobile-accessories/galaxy-s26-ultra-anti-reflecting-film-transparent-sku-ef-us948ctegus/) and other 3rd party vendors have also released theirs. I bought [ESR's Ultrafit Armorite](https://www.esrtech.com/products/galaxy-s26-ultra-armorite-pro-corning-screen-protector-3-pack?_pos=2&_sid=4e788f8ae&_ss=r), which apparently is by Corning and has some AR coating, but I don't know if it's the same as what they did with Samsung's, I'm still waiting for mine to arrive, atm I'll be using Samsung's since it's free for my order. There's also this by [WSKEN's](https://www.amazon.com/WSKEN-Samsung-S26-Ultra-Protector/dp/B0GCKG7KCD), but I don't know how good their AR is neither.

Another fyi, the back is Victus 2, compared to the Armor on S24U which afaik is less scratch resistant than Armor, so you might want to get a good case and clean it every now and then to prevent micro scratches from dust. My S24 Ultra practically has no visible wear and tear, so Samsung gave me full trade-in price for this, I just have to surrender after 2 days after I'm done with transferring files.",samsunggalaxy,17,21,1772879570.0,https://www.reddit.com/r/samsunggalaxy/comments/1rn6rp5/display_comparison_s24_ultra_v_s26_ultra/
1qm2hzk,S25 Ultra or S26 Ultra?,S25 Ultra or S26 Ultra? Thinking of changing my phone- Im in Australia and Telstra currently have the S25 Ultra on promotion. Unsure if the S26 Ultra would be worth both the wait and additional cost? Im new to samsung so advice would be appreciated. 🙂,samsunggalaxy,12,30,1769297297.0,https://www.reddit.com/r/samsunggalaxy/comments/1qm2hzk/s25_ultra_or_s26_ultra/
1q3ndxe,Rumor: Galaxy S26 Ultra might be delayed to Feb with a Price Hike. Is it worth waiting? 💸,"Rumor: Galaxy S26 Ultra might be delayed to Feb with a Price Hike. Is it worth waiting? 💸 I was holding off on buying the S25 Ultra thinking the S26 would drop in mid-January like usual.

But fresh leaks are saying Samsung has pushed it to mid-February to optimize the new AI chip. Plus, expected price in India is crossing ₹1.35 Lakh.

At this point, should I just grab the S25 Ultra at a discount (~90k) or is the S26 really going to be that big of an upgrade? The wait is killing me.",samsunggalaxy,0,36,1767524971.0,https://i.redd.it/1rxoxjk7fbbg1.jpeg
1rh6j9r,Samsung S26 Ultra vs Vivo X300 Pro Camera  Video Test,Samsung S26 Ultra vs Vivo X300 Pro Camera  Video Test,samsunggalaxy,2,24,1772295136.0,https://v.redd.it/5xvgdag8f9mg1
1ri9mj5,Charger for s26 ultra,Charger for s26 ultra So I ordered the S26 ultra. What charger do I need to buy in order to get the 60w Super Fast Charging 3.0 speeds? Surprised samsung website didn't have one they recommend.,samsunggalaxy,6,23,1772400382.0,https://www.reddit.com/r/samsunggalaxy/comments/1ri9mj5/charger_for_s26_ultra/
1r3hvin,Waiting for the S26 Ultra,"Waiting for the S26 Ultra Hello everyone. 

I decided to come back to Samsung, after a decade of other brands. 

I want to go for the best, so I decided to wait until the new S26 Ultra will be out, in the end of the month. 

I understand that people who are already in the system, and have the S25 Ultra, will see the new one as a minor upgrade. 

I want to know what to expect, as I am coming from the S23FE. am I really going to feel the premium of them all?",samsunggalaxy,0,27,1770964138.0,https://www.reddit.com/r/samsunggalaxy/comments/1r3hvin/waiting_for_the_s26_ultra/
1r5fgu8,Should I wait for the Samsung Galaxy S26 Ultra?,Should I wait for the Samsung Galaxy S26 Ultra? I currently own a S23 Ultra. ATT still have the S25 Ultra in stock and can get it after $1000 trade in for about $11 a month with 500gb. Is it worth waiting for the S26 Ultra? Looks like max trade in will be 900 so im sure my phone will be around 550.,samsunggalaxy,2,26,1771164401.0,https://www.reddit.com/r/samsunggalaxy/comments/1r5fgu8/should_i_wait_for_the_samsung_galaxy_s26_ultra/
1rmkjhf,Would the display quality of the s26 ultra be somehow fixed by a software update,"Would the display quality of the s26 ultra be somehow fixed by a software update Like it or not, the display of this phone suffers because of the implementation of the privacy display, I also felt the eye strain that others was experiencing when using the s26 ultra. Will Samsung somehow fix this issue via a software update?",samsunggalaxy,9,21,1772818618.0,https://www.reddit.com/r/samsunggalaxy/comments/1rmkjhf/would_the_display_quality_of_the_s26_ultra_be/
1rez8t8,What do you really think about the S26 Ultra? Honestly. Is it worth it in your opinion?,"What do you really think about the S26 Ultra? Honestly. Is it worth it in your opinion? I use iPhone myself (plz don't judge me), but my dad has always been on Android. His birthday is coming up soon, and since Samsung just announced new phones, I’m thinking about getting him the latest one. Problem is I don’t really know much about Samsung phones. I think he’s still on something like an S10 (some old 10-series model, I don't remember the details). While browsing this sub I didn’t see a lot of praise for the S26… is this year’s upgrade not that big? Would it make more sense to just get a discounted S25 instead?  
  
Also, what are some good case and screen protector recommendations? I want to get him a full set. He still insists on those cheap hydrogel protectors with bubbles all over them, and it literally hurts to look at 😂",samsunggalaxy,13,22,1772076456.0,https://www.reddit.com/r/samsunggalaxy/comments/1rez8t8/what_do_you_really_think_about_the_s26_ultra/
1rpe3xk,S26 Ultra.. Not Happy with the Display,"S26 Ultra.. Not Happy with the Display I know theres a lot of posts about it, But I have a bunch of different phones to compare.

In the photo S25 Edge, S26 Ultra, Pixel 10 in Direct sunlight with Auto brightness.

Indoors, on Full brightness with extra brightness enabled the Pixel 10 is the brightest by a long shot. While the S25 Edge is just a tad brighter than the S26 Ultra.

S26 Ultra Whites are DULL when compared to the edge & S25 Ultra, Seen this in review comparison videos as well.

The Camera I do like a good bit better than the S25U does not seem to be oversharpening photos like previous models.

But the display is just DIM when compared to other phones like the iPhone 17, Pixel 10, Pixel 9 Pro XL, OnePlus 15.   And in the car for example mounted on my dash after just some warm from the sun its sometimes impossible to see while the iPhone and pixel have zero issues.

Its a great phone, but ruined by the display.",samsunggalaxy,0,21,1773093350.0,https://i.redd.it/i5ikxbh0c3og1.jpeg
1rjzvk2,"The S26 series is a rebranded, castrated version of S24 again just like the S25 series was. We should not buy it to give Samsung a lesson.","The S26 series is a rebranded, castrated version of S24 again just like the S25 series was. We should not buy it to give Samsung a lesson. Rant.

My phone has a nice S-pen which has gone wrong and dead now, so it has the same functionality what S-pen the S26U has. My cpu benchmarks are better than what the A36 has. However, I do not receive security patches since august, because the last of the Note series are EOL and got replaced by this Apple Galaxy ultra series.

I am reaching the point where Apple looks like a reasonable option and even these sketchy Chinese brands like Xiaomi.

Meanwhile I'm crossing my fingers for my phone to hold like all those memes about the "" yeah I can do that "" old guy with a name of "" Me asking my GTX 1080ti to hold me for one more year"".

Samsung needs to be shaken they have 1 or 2 releases like this left before they will be completely fall out of grace.",samsunggalaxy,0,22,1772568303.0,https://www.reddit.com/r/samsunggalaxy/comments/1rjzvk2/the_s26_series_is_a_rebranded_castrated_version/
1rswkjg,My experience with S26 Ultra cases (5 so far) and my search for a Kindsuit alternative,"My experience with S26 Ultra cases (5 so far) and my search for a Kindsuit alternative The official Samsung leather cases for the S22 series are my idea of what perfect looks like. I'm on the hunt for a similar experience for the S26 Ultra with Magsafe built in. 

I have tried five cases for the S26 Ultra and wanted to share my experience + start a discussion around premium, professional looking cases (with Magsafe support) in hopes that we can jointly track down a great option. 

Here's what I've tried and my thoughts: 

*  [Fake Kindsuit](https://www.aliexpress.us/item/3256811422290091.html?gatewayAdapt=glo2usa), 
   * **From**: Aliexpress
   * **Rating**: 2/5 
   * **Thoughts**: This case feels ok, not as nice as the real leather on the S22 series cases, but that's to be expected as this is vegan leather (aka pleather aka plastic). The magnets in this case are pretty weak and cause my Belkin wireless charger to shut off. The build quality is decent enough, but not perfect around the port cutouts (a bit bumpy). It's being returned. I've ordered a [different knockoff Kindsuit](https://www.aliexpress.us/item/3256811587314161.html?gatewayAdapt=glo2usa) (no magnet bump) in hopes that it meets my requirements, but I am not very optimistic. 
* [Slim Magnet Case](https://www.samsung.com/us/mobile-accessories/galaxy-s26-ultra-slim-magnet-case-gray-sku-ef-ss948cjegus/)
   * **From**: Samsung
   * **Rating**: 1/5 
   * **Thoughts**: This case rattles when shaken, is super slippery, and provides almost no protection. It's hard plastic and Samsung wants $70 for it (insane). The magnets, however, are strong and work well. I also like the flat surface of the buttons, they feel modern. There's no lip to protect the screen when the phone is placed face-down. I see this as Samsung's answer to, ""we know not everyone wants a case, but we didn't add magnets to the phone so this is as close as you're getting"". Both this case and the fake Kindsuit above have a magnetic ring that sticks out past the flush back of the case. I dislike this look and believe Samsung is just trying to show off their official magnet accessories. 
* [Torras Translucent Slim Case](https://www.amazon.com/dp/B0G2RTH4V8?ref=ppx_yo2ov_dt_b_fed_asin_title&th=1)
   * **From**: Amazon
   * **Rating**: 4/5 
   * **Thoughts**: Great build quality, a lip to protect the screen when placed face-down, clicky smooth buttons, a strong magnet, and a nice enough look. The back does collect skin oil more than expected (this is the only thing dropping my rating to a 4). I wish this case came in other colors to more closely match the S26 colors (like a grey/silver). I would strongly recommend this case. 
* [Ringke Onyx](https://www.amazon.com/dp/B0G84GJ66S?ref=ppx_yo2ov_dt_b_fed_asin_title&th=1)
   * **From**: Amazon
   * **Rating**: 2/5 
   * **Thoughts**: Many like this case and my rating is maybe a bit too low, but I found it cheap feeling and too militaristic/ruggedized with the grippy sides. The magnet was not as strong as the Torras or Samsung cases and the buttons felt very cheap. This would protect the phone just fine, but I did not find using it to be a nice experience. 
* [Spigen Nano Pop](https://www.amazon.com/dp/B0FVB569XJ?ref=ppx_yo2ov_dt_b_fed_asin_title&th=1)
   * **From**: Amazon
   * **Rating**: 3/5 
   * **Thoughts**: The partially-textured sides prevent slippage, but the back of this case was pretty smooth and slippery. I didn't like the textured feel of the buttons (a bit like sandpaper). The magnet was not strong enough (comparable to the Ringke) This case was nice and slim and would be my second choice after the Torras today, but it didn't quite feel premium enough (the TPU was really easy to peel back from the edges of the phone screen, I think it would stretch and deform over time). 

I hope this is helpful and I look forward to the community's thoughts.",samsunggalaxy,6,19,1773428899.0,https://www.reddit.com/r/samsunggalaxy/comments/1rswkjg/my_experience_with_s26_ultra_cases_5_so_far_and/
1rroffy,"I just tried the S26 ultra and samsung... Is this so hard to make a premium flagship? We only ask for a huge battery, a nice bright screen and an amazing camera. Everything else is optional.","I just tried the S26 ultra and samsung... Is this so hard to make a premium flagship? We only ask for a huge battery, a nice bright screen and an amazing camera. Everything else is optional. I'm rocking the s20 ultra. Before that I had the og galaxy s1, s4, note 8, note 10, note 20. I'm still using the last samsung phone with a micro SD card just because of preferences but I finally decided to move away from it to have a newer soft and camera. And oh boy is it so hard to make a premium phone? 

Every new Samsung phone has a small battery, has camera issues and is priced like a super premium flagship phone. 

With the new S26 ultra... It's super pricey and the only improvement is the privacy screen... Like really? I don't care if the phone will weight 350g, is this too much to ask for 6,000mah or 7,000 mah? I already have a privacy glass on my s20 ultra that costs 30 usd and is better at hiding my screen that the S26 privacy setting

I tried the fold 7, it has a nice screen but the battery and cameras are atrocious, not to mention that the spen doesn't work. I tried the honor magic v5, everything is better but it's lacking the samsung soft I like (one hand operation, samsung buds multiconnect, dex) . I tried the Sony Xperia 1 VII but it doesn't have dex, nor some apps I like using.

Rn I'm also walking with a second phone, the pixel 4 XL for better cameras and Google photos unlimited storage. 

I'm waiting for a truly premium samsung phone that has everything but it is always missing a core important component.

Whats your opinion?",samsunggalaxy,0,20,1773315667.0,https://www.reddit.com/r/samsunggalaxy/comments/1rroffy/i_just_tried_the_s26_ultra_and_samsung_is_this_so/
1pjps8g,"Samsung has listed a new 60W Type-C power adapter on its website, suggesting that earlier reports about the Galaxy S26 Ultra supporting up to 60W charging might be true","Samsung has listed a new 60W Type-C power adapter on its website, suggesting that earlier reports about the Galaxy S26 Ultra supporting up to 60W charging might be true **Specs:**

* Up to 60W Super Fast Charging 2.0
* PD 3.1
* PDO: 3A (9V/15V/20V)
* PPS: 3A (5-20V)
* Weight: 114.59 g (0.25 lb)

**Colour:** Black

**Price:** Unspecified

**Source:** [Samsung Levant](https://www.samsung.com/levant/mobile-accessories/60w-power-adapter-black-2pin-ep-t6010nbegww/)",samsunggalaxy,64,27,1765431673.0,https://i.redd.it/wzzuk6athi6g1.png
1rcqcnn,Put my order in in the S26 Ultra.,"Put my order in in the S26 Ultra. price is $1880 with products valued at $3110  
[https://www.power.no/mobil-og-foto/mobiltelefon/samsung-galaxy-mystery-box-violet-edition/p-2998969/](https://www.power.no/mobil-og-foto/mobiltelefon/samsung-galaxy-mystery-box-violet-edition/p-2998969/)",samsunggalaxy,11,21,1771873053.0,https://i.redd.it/y098oviakalg1.jpeg
1rir77y,Best Screen Protector for the Samsung Galaxy S26 Ultra.,"Best Screen Protector for the Samsung Galaxy S26 Ultra. Howdy fellow Reditters. After having pre-ordered the Samsung Galaxy S26 Ultra, alpha omega supreme (the Cobalt Violet) with a monstrous 16 GB RAM and 1TB storage, the next steps would be to protect the device. Have just received the UAG Monarch Pro the Carbon Fiber version which I really like. Been using UAG cases for all my devices for a long time now and always find them to be sturdy and durable for years. 

Now the time has come to protect that screen, and I have shortlisted the Torras OrigArmour & the Flolab One Time Pro. Is there something better than these two top dogs? 

Open to suggestions, appreciate your help.",samsunggalaxy,0,21,1772453565.0,https://www.reddit.com/r/samsunggalaxy/comments/1rir77y/best_screen_protector_for_the_samsung_galaxy_s26/
1rf8tnz,Samsung Galaxy S26 Ultra vs Galaxy S25 Ultra — Which One Would You Pick?,Samsung Galaxy S26 Ultra vs Galaxy S25 Ultra — Which One Would You Pick?,samsunggalaxy,4,21,1772108801.0,https://i.redd.it/5mtsmdtw0ulg1.png
1rnbou6,People who pre ordered s26 ultra from Best Buy check your BB app,People who pre ordered s26 ultra from Best Buy check your BB app Finally it went from “pre ordered” to “preparing for pick up on Wednesday”   I gotta wait for 4 days ☠️,samsunggalaxy,0,20,1772894664.0,https://i.redd.it/sm2k47d2ymng1.jpeg
1rtbrpu,S26 Ultra is not bad,"S26 Ultra is not bad I upgraded from a z fold 7. 
This has been my experience.
The screen on the s26 ultra is not bad at all.  It is significantly better than both of the z fold 7's screens. 
I don't see the fuzzy edges, I don't get a headache, the viewing angles are not bad. The colors are rich. 
I set it at QHD, no adaptive color tone, no extra dim, no eye comfort shield . I have light mode turned on during the day and dark mode at night. 
The only time I notice a change in the display is when privacy mode is on, on the first level. Max is a given. 
With privacy mode off, the display is great. 
I compared both my s26 ultra and the fold 7 side by side and the ultra looks way better. Cleaner, sharper, crispy.

The one thing I do notice, and I like, is my apps on my homepage tend to pop out. Almost like there is a depth to the screen, not in a bad way. 
Same thing when watching videos at high resolution, I feel a depth to the video. 

I say If you are the fence, going to a store and playing with a demo unit won't do it justice. I played with one at Best buy during pre order, but having it in person and really using it you will get a feel for it. 
I have had it for 48 hours, and no complaints. 
I am using a Samsung anti reflective screen protector, so not sure if that is helping the screen, but I love these. I have one on my fold 7 and it works. 
Feel free to ask any questions 

Also, the face ID is next level on this phone. Compared to the fold 7, it works 100% of the time, that I disabled the fingerprint scanner.
I am a mechanic and my hands are pretty rough, I found myself needing to lick my thumb to get some moisture on it to properly use the fingerprint scanner. Once I disabled it, its much easier with face id.",samsunggalaxy,22,16,1773468548.0,https://www.reddit.com/r/samsunggalaxy/comments/1rtbrpu/s26_ultra_is_not_bad/
1rrrz6f,Samsung S26 Ultra arrived...but wrong spec!,"Samsung S26 Ultra arrived...but wrong spec! Amazon delivered the S26 as promised but I ordered it with a 512gb storage and they sent a 256gb storage.

  
So, hive mind, should I return it or just say eff it and keep it?",samsunggalaxy,0,19,1773325073.0,https://www.reddit.com/r/samsunggalaxy/comments/1rrrz6f/samsung_s26_ultra_arrivedbut_wrong_spec/
1rjssml,S26 ultra delivery confirmation,S26 ultra delivery confirmation,samsunggalaxy,5,20,1772552939.0,https://i.redd.it/9rsvfl0ypumg1.jpeg
1rf2olj,Samsung just proved they don't give a damn about compact premium phones (S26 lineup is a joke),"Samsung just proved they don't give a damn about compact premium phones (S26 lineup is a joke) I am so incredibly frustrated with the new Galaxy S26 lineup. Is anyone else sick and tired of this industry obsession with massive, unusable bricks?

I don’t want to carry around a literal tablet. I want a premium, compact smartphone that I can actually use with one hand. A phone I can put in my jeans pocket without it sticking out half an inch or stabbing my leg every time I sit down. But apparently, if you want a phone that fits in a normal human hand, Samsung treats you like a second-class citizen.

The absolute final straw for me is the new hardware Privacy Display. It’s arguably the most genuinely useful innovation they’ve shown in years — blocking shoulder-surfers at the push of a button is amazing. But where do they put it? ONLY on the S26 Ultra.

So, let me get this straight: if I want to protect my privacy on the subway, I *must* buy the 6.9-inch behemoth? A phone so big and heavy you practically need a backpack to carry it? What an absolute joke.

And it’s not just the Privacy Display. Look at how much they’ve nerfed the base S26 just to push people toward their giant flagship:

* **The Screen:** Base S26 gets standard glass, while the Ultra gets the exclusive Gorilla Armor 2 with the anti-reflective coating. Because I guess people with normal-sized hands don't use their phones in the sun?
* **Camera Segregation:** We're stuck with the same basic 50MP setup on the base model, while the Ultra gets the 200MP sensor and dual telephotos.
* **Slower Charging:** Still treating the base models to standard charging speeds while the Ultra gets the new 60W upgrade.
* **The Processor Lottery:** Depending on your region, you might be stuck with an Exynos on the base S26, while the Ultra gets the top-tier Snapdragon across the board.

It’s infuriating. I have the budget. I *want* to pay for true flagship features. I just want them in a 6.3-inch form factor. Stop punishing people who prefer compact phones, Samsung. We shouldn’t have to compromise on specs and hardware just because we don't want to carry a literal surfboard.",samsunggalaxy,18,19,1772086954.0,https://www.reddit.com/r/samsunggalaxy/comments/1rf2olj/samsung_just_proved_they_dont_give_a_damn_about/
1rqw3y7,One week with the 'new' S26 Ultra,"One week with the 'new' S26 Ultra **If you don't want to read my ramblings, fueled by my disappointment with this phone, here is an incomplete list of reasons why I don't in my opinion, the S26 Ultra is not really an upgrade from the likes of S23, S24 and/or S25 Ultra phones:**

- the display  is an old 8-bit and not the 10-bit they advertised, also, the claimed 2600 nit bightess can only reach around 2400 nits, which is 600 nits lower then iPhone 17 Pro Max that came out a year ago. 
- the ""Privacy Mode"" is mostly a useless marketing gimmick, when used it severely degrades the picture quality and lowers the brightness. 
- the  fingerprint unlock sensor has been recycled, again, still the same terrible 3DSonic garbage they've been using for years. 
- no changes made to its speakers 
- the weak, singular vibration motor is the same 
- Grade 2 Titanium frame is now an inferior Aluminium one
- selfie camera still incapable of Level 3 Biometric authentication due to missing hardware so it can't be used for banking apps, etc. 
- the rear camera setup has no periscope lenses, DOF sensors and Lidsrs or any new features or functionality, period, and yet Samsung redesigned it into a separate island that sticks out like a sore thumb and, not only does it make it uncomfortable to operate the phone it also makes it impossible to lay it flat on its back because it now wobbles and thus requires a case for normal operation, which makes the phone much thicker. 
- the phone supports QI2 wireless charging but doesn't have a magnet built-in like other phones do, requires a case. 
- wired charging is limited to 60w, wireless to 25w, doesn't come with a charger and all of the old Samsung ""super fast charger"" is limited to 45w.
- the S-pen has been stripped of Bluetooth and, while visually different, works same as before, minus remote triggering. 
- old cases/styluses not compatible. 
- the new processor and extra 4gb of ram have little to no impact on daily tasks, the AI makes no difference to an average user 
- new restrictions make it impossible to access engineering menus or low-level settings.  I tried to cancel my order of the new-ish 1tb S26 Ultra but, wish Samsung put the same effort into the engineering as they do in fulfillment because, by the time I found out that the fingerprint reader was the same and decided to cancel the order, the phone had already shipped and so I figured that I would try it out to see whether it was actually worth the two year wait or if I was right to try and cancel the order in the first place. 

I did my best to try and judge this new phone in an objective, unbiased manner but, even before I powered it on, the new camera island protruding from the back made it uncomfortable to hold. They didn't add a periscope lens or a DOF sensor so why redesign it? It looks disgusting, like it was glued onto the service at the last minute, Samsung's famous ""good enough, fuck it!"" approach. With all seriousness, how much money could not integrating the cameras into the main body via clever engineering saved them? After I was done 'admiring' the  fiasko that's the rear camera setup was things only got worse because, inevitably, I had to set the phone up and the ultrasonic fingerprint sensor did what it does best by repeatedly failing to register my fingerprint, forcing me to press the circle over and over, and over again, aggravating me to no end... 

If you can look past the poorly redesigned hardware or crucial components that've been recycled for the eleventeenth time, still, this device simply does not look or feel like an $1800+ flagship should, especially since it's produced by one of the world's biggest, most established, wealthiest and the most experienced electronic manufacturing conglomerates! This phone is a whopping $200 more expensive than a 1tb IPhone 17 Pro Max, at the same time, it's nowhere near as nice to look at or use. The iPhone, unlike the S26 Ultra, does not need to rely on confusion,  bloatware, baseless claims and marketing gimmicks filled with asterisks and fine print to peddle its second-rate products filled with recycled, outdated hardware to its consumers, nstead of novel ideas, forward thinking, innovation or clever engineering Samsung repeatedly follows the same penny-pinching ""good enough"" strategy and it's failing, pure and simple.

Why, why does it cost so much? Sure, it's marginally more responsive than my s24 Ultra but it's much newer and thus must be faster! What makes it better than the competition or, at the very least, an upgrade over the outgoing models?! Is it the additional 4gb of ram? Or because Samsung replaced the premium titanium frame with a pedestrian, inferior Aluminium one? Or may be it's so expensive because they spent it on perfecting the much-discussed Privacy Display feature but the news isn't good there either because, while it does provide some level of security, when engaged, it renders the screen almost unusable, everything looks washed-out, dim and not suited for everyday use. May be the reason Samsung Speaking of brightness: the s26 Ultra finally got the same m14 panel that was manufactured by Samsung but used in last year's iPhone 17 Pro Max but, somehow, Samsung's panel is 400+ nits dimmer than one used in the iPhone. Isn't it sad? The more expensive, much newer Samsung flagship has a worse Samsung-manufactured amoled panel than the iPhone from a year ago! Again!!! 


This phone isn't an upgrade over the s23/24/25 Ultra thus people should stay away from this $1800 rerun filled with recycled hardware, gimmicky bloatware and cost cutting bottom-line thinking. I believe that Samsung really shot itself in the foot with this phone, S25 was a sales flop because it was too similar to S24 and the s26 isn't new it's just more of the same, even with the  Privacy Display and additional 4gb ram its performance can't justify the price tag, especially since Samsung decimated its own trade in programs by slashing trade-in values, taking away all bonuses and, in case of Buds 4 Pro, eliminating the trade-in option entirely. I also think that, unless Samsung executives do some serious soul-searching and implement serious changes to their approach to innovation and, especially, their customers, Samsung may soon find itself sharing the fate of companies such as Nokia, Blackberry and many other has-beens who thought they were too big to fail, whose close minded, greedy, ""good enough"" method of running their companies drove them into non-existence.

My apologies for making it this long but I wanted to be thorough and also wanted to get everything out in the open.",samsunggalaxy,0,19,1773241155.0,https://www.reddit.com/r/samsunggalaxy/comments/1rqw3y7/one_week_with_the_new_s26_ultra/
1rjtr6l,Galaxy s26 ultra has 8-bit+FRC not 10 Bit,Galaxy s26 ultra has 8-bit+FRC not 10 Bit 10 Bit > 8 Bit + FRC > 8 Bit,samsunggalaxy,0,20,1772555064.0,https://i.redd.it/k7sve5h9wumg1.jpeg
1rng3vy,Might return Samsung S26 Ultra upgraded from S23 Base (Display),"Might return Samsung S26 Ultra upgraded from S23 Base (Display) It's been a 1 day with my Samaung 26 ultra, and I am been testing, alot of things. 

Phone is blazingly fast, Battery is good, shape is good to hold, sleek design but the display is bugging me off.

So, Dark mode enabled, In privacy display setting, Turn on privacy display setting is turned on, it does protects from side angles but like 30-40%.

BUT WHEN YOU TURN ON ""Maximum privacy Protection"", it adds a grey layer of on the screen, it becomes unpleasant to even use it when it is turned on.

I want to ensure this is just me or it's actually an issue or maybe how Samsung is going to fix this issue and fix in some sort of update software update or maybe it cannot be fixed as it's a hardware thing. 

I'm not sure guys need your opinion on this..",samsunggalaxy,0,19,1772905258.0,https://v.redd.it/f6fvawfjtnng1
1qq3ikb,Samsung S26 Ultra cutting corners from Titanium to Aluminum?,"Samsung S26 Ultra cutting corners from Titanium to Aluminum? Planning to get the S26 Ultra on pre-order, Can anyone please confirm if the S26 Ultra has Aluminum or Titanium frame? If it has Aluminum I think I would go for S25 Ultra now. I already have the iPhone 17 Pro Max but the Aluminum is just the worst and a deal breaker for me! What do you think?",samsunggalaxy,0,26,1769676983.0,https://i.redd.it/jyvhjxy869gg1.jpeg
1rgzznq,"Is it just me, or did Otterbox totally miss the memo on the S26 Ultra’s new design?","Is it just me, or did Otterbox totally miss the memo on the S26 Ultra’s new design? Just pre-ordered the S26 Ultra (Titanium Gray is 🔥!), and I’m having a serious crisis with the case situation.

I’ve been a die-hard Otterbox Defender fan since the S10 days—basically a ""tank or nothing"" kind of guy. But looking at the new Defender series for the S26U... man, it looks like a literal brick. Samsung finally rounded off those sharp corners to make it more ergonomic, and it feels like Otterbox just ignored that and slapped on a massive plastic frame that makes it feel like a 2010 rugged phone again.

I need real protection because I drop my phone constantly, but I also want to actually *feel* the new geometry. Plus, I need a built-in kickstand for Zoom calls (the S26 camera is too good not to use for meetings).

I saw a tech blog earlier comparing the OG rugged brands with some newer ""stealth-tech"" stuff like Caseles and RIMBMAX. They’re claiming 10ft drop protection with like... half the thickness? And apparently, they’ve got N52 magnets that actually work with Qi2.

Has anyone actually tried these newer ""integrated stand"" cases? Do they actually survive a drop on concrete, or is it all just marketing BS? I’m seriously tempted to ditch the Otterbox ""armor"" for something that doesn't make my pocket bulge like a brick.

Any S26 pre-order folks found the ""Goldilocks"" case yet? (Rugged but not fat?)

[New Galaxy S26 With Case less](https://preview.redd.it/slhuzzqex7mg1.png?width=1876&format=png&auto=webp&s=9fcf28f2eb72a352bd35ed9e7ac02c2c870b6fb8)",samsunggalaxy,2,20,1772277028.0,https://www.reddit.com/r/samsunggalaxy/comments/1rgzznq/is_it_just_me_or_did_otterbox_totally_miss_the/
1rwjfjp,"S26 Ultra, Adaptive Brightness Broken","S26 Ultra, Adaptive Brightness Broken Adaptive brightness on the S26 Ultra is broken. Adaptive brightness has to be enabled for peak brightness in direct sunlight. Well the S26U just gets dimmer with it on and does nothing.

EDIT: Ahh the people who don't even own the phone already disliking.

  
Looks like theres posts about it already on Samsung, so clearly an issue.",samsunggalaxy,0,17,1773781563.0,https://v.redd.it/1aetvjd27opg1
1rmrcvg,S26 Ultra Best Deal,"S26 Ultra Best Deal Looking to switch from S23U to S26U (though I wish it was a better upgrade), but trying to figure if I should wait after pre order for a better deal or if better deal has already passed.

I know some people had reserve credits or PAYPAL50. 

What do people think based on past deals for S25? Also did I miss out on a better deal at the beginning? 

Thanks so much!",samsunggalaxy,0,19,1772833941.0,https://i.redd.it/svqv9u8ixhng1.jpeg
1rmhkys,S26 Ultra or iPhone 17 Pro Max,"S26 Ultra or iPhone 17 Pro Max Hi so I’m really conflicted with this one. I’ve been waiting since September for the S26 Ultra to release so I could compare both of them, but there’s a lot of mixed reviews online saying the S26 Ultra is such a let down and others saying it’s great. I want unbiased opinions please, I’ve had an iPhone for 8 years and my last Samsung phone was a Note 7. Any advice is appreciated, it is only between these two for now but in the far future I may look at other android brands such as Xiaomi, Oppo or Google.",samsunggalaxy,0,19,1772812190.0,https://www.reddit.com/r/samsunggalaxy/comments/1rmhkys/s26_ultra_or_iphone_17_pro_max/
1retkga,Samsung Galaxy S26 Ultra,"Samsung Galaxy S26 Ultra I am increasingly concerned with the current trend in the smartphone industry of releasing minimally updated devices and marketing them as entirely new models. What was once considered a minor mid-cycle refresh now appears to be the standard annual “upgrade.”

In recent years, flagship models, particularly within the Ultra lineup, have seen very limited meaningful hardware progression across two to three consecutive generations. Incremental software enhancements and subtle design tweaks are positioned as major innovation, yet the core hardware advancements remain marginal.

Personally, I am comfortable not upgrading every year. I currently use the S23 Ultra, and it continues to perform exceptionally well and meet all practical needs. There is no compelling reason to replace a device that is still highly capable simply because a new version has been released.

An upgrade may be justified for consumers whose device is damaged or several generations old. However, for those already using a recent flagship, the value proposition is far less persuasive.

The broader issue lies in consumer behavior. Many criticize minor upgrades or insufficient technological advancement, yet still purchase the newest model due to fear of missing out. This cycle ultimately reinforces the strategy. If consumers continue to buy incremental refreshes in large numbers, manufacturers have little incentive to deliver substantial innovation.

Voting with your wallet remains one of the most effective ways to encourage meaningful technological progress rather than routine annual refreshes presented as breakthroughs.",samsunggalaxy,3,20,1772061866.0,https://www.reddit.com/r/samsunggalaxy/comments/1retkga/samsung_galaxy_s26_ultra/
1rwjb53,From Pixel 10 Pro to Samsung Galaxy S26,"From Pixel 10 Pro to Samsung Galaxy S26 Wanted to share my thoughts. I'm a phone enthusiast (hence getting a new phone after just 6 months :) but I'm also an oldie (40's) that just wants stuff to work and doesn't care about spec sheets. I've had the S26 blue 512gb for less than a week and here's what I like and don't like:

I like:

	1) Battery life: Maybe twice as long? right before I switched over I had a day of about 4 hrs sot for pixel. I'm getting closer to 8 on the s26. Same usage. 75% on wifi. About 200 apps on my phone. Do everything on it. Minor gaming/video watching.

	2) Snappy: my Pixel was perfectly smooth but things like web pages loading or switching to an app that has to reload to just anything is a bit quicker on the s26 and i appreciate it. Web pages loading being the most noticeable.

	3) Runs cool: pixel would heat up a lot recently. Doing anything for an extended period of time like reddit doom scrolling or going through lots of google photos. Just a heater. The S26 is super cool in all scenarios.

	4) Notification and typing sounds: I'm sure this could be added to my pixel but i LOVE the unlock sound and the keyboard typing sound on the galaxy. SO SATISFYING

I don't like:

	1) One UI: I mean i like it just fine and i appreciate the insane amount I can customize. I really like that. And i actually love One UI on my tab s11 ultra that i'm typing this post on :). I just really prefer material UI or whatever pixel does. The roundness and the fatness of all the stuff up in the notifications (for my bad eyes) and I prefer all the ways the notifications are displayed and the physics of when you swipe them away etc. I'm sure i'll get used to One UI 8.5 but I prefer pixel

	2) The pictures, of course: Only had to take 2 pictures to know i vastly prefer the P10P. One was a selfie of myself. Other was a picture of my wife. Both of them on the galaxy make us look ashen and super pale. The pixel looks way more true to life and has a LOT more detail. Like my face is red and harsh and has lines. On the galaxy faces are smoothed out. I HATE THAT. ugh. The camera has a bazillion options though and i'm sure it will be just fine when not taking pictures of people. The blur is crazy too. On pixel I almost can't get a blurry shot. Everything is just ai fixed and processed to perfection because of Google's endless data and algorithms. I will miss that the most by far. And i realize i'm comparing the pixel with the best cameras to the lowest rung galaxy that doesn't have the ultras cameras but still. I want a small phone so that's apples to apples for me :)

	3) Info at top of screen: maybe this is a setting but the galaxy has the time on the left and the wifi/mobile data/battery in top right SUPER SMALL. But the rest of the screen i have changed to the display settings i like. The pixel is much bigger and matches the rest of my screen. No idea why that is.

	4) Keyboard: gboard is just so much more accurate in typing and voice typing is another level. on samsung keyboard (which i found out is only keyboard on galaxy that allows you to voice type AND includes punctuation just like pixel with gboard) half the time i type ""the"" it comes out ""thr"" and there are many similar mistakes that just don't happen on gboard. the voice typing i have to correct a lot so probably won't use. on pixel voice typing is magic and accurate 98% of the time. I DO APPRECIATE samsung keyboard having way more customization options than gboard, specifically being able to shrink it down so i get more screen real estate back.


I may have more thoughts but why send them out to randos that don't care? :) I have a couple weeks to return but i think i will keep until the pixel 11 pro and then switch back over. I will enjoy the SUPER battery and processor upgrade but ultimately i will go back to pixel because i love voice typing and i want my family memories to be the best and these next 6 months we are going to look a bit like manequin vampires (not cool :)",samsunggalaxy,5,16,1773781299.0,https://www.reddit.com/r/samsunggalaxy/comments/1rwjb53/from_pixel_10_pro_to_samsung_galaxy_s26/
1risu5n,S26 Ultra Pre-order - Voucher Codes and Rewards,"S26 Ultra Pre-order - Voucher Codes and Rewards Good day

I pre-registered for the S26 Ultra event and last Friday (27th Feb) I was emailed a code from Samsung which can be used for Samsung accessories, most notably £30 off Galaxy Buds 4 Pro when ordered with a new S26 Ultra.

On Saturday 28th Feb I had a play on the [samsung.com](http://samsung.com) website (UK version) and I had placed an S26 Ultra 512 GB in my cart, added my S25 Ultra as a trade-in (-£607), added the PayPal code (-£100), added my reward points (-£20) and the price became £552 for a new S26 Ultra. Out of curiosity I also added my pre-registration code (which ***theoretically only worked*** on Samsung accessories) and, to my surprise, the price of the phone went down by another £50 -this brought the total price of a new S26 Ultra to £502. I did not go ahead with the order and emptied the basket.

I tried again on Sunday 1st March on the Samsung website and on the Samsung Shop app and now I am unable to use my Samsung Rewards points even though I have £20 worth of reward points and the voucher code which gave me £50 off no longer works.

  
Just curious if anyone has also experienced or is currently experiencing this issue.",samsunggalaxy,3,18,1772458149.0,https://www.reddit.com/r/samsunggalaxy/comments/1risu5n/s26_ultra_preorder_voucher_codes_and_rewards/
1q4l6ax,Samsung Galaxy S26 Edge: The ultra-thin smartphone we thought was dead is showing signs of life.,"Samsung Galaxy S26 Edge: The ultra-thin smartphone we thought was dead is showing signs of life. The Galaxy S26 Edge saga has taken another turn. The appearance of an official certification in India suggests that Samsung hasn't yet had its final say in the ultra-thin smartphone segment.

Samsung's future product lineup is increasingly resembling a thriller plot where yesterday's certainties are swept away by today's leaks.

Between the ""catastrophic"" sales of the S25 Edge and the delayed development of a mysterious ""More Slim"" project, everything pointed to the Korean manufacturer backtracking and returning to a more conventional Galaxy S26 Plus. Today, a new document contradicts this analysis.

An Indian certification that changes everything.

The information comes from leaker Mohammed Khatri, who spotted a new Samsung device with the model number SM-S947B/DS on the website of the Indian certification body BIS (Bureau of Indian Standards).

In the Samsung ecosystem, the Galaxy S25 Edge was identified by the code SM-S937. Logically, the number S947 would therefore correspond to its direct successor.

As the leaker points out: ""If S946 corresponds to the Plus, this one should be the Edge (or vice versa)."" The ""B"" identifier confirms a version intended for the Indian market, while ""DS"" indicates the presence of a dual SIM slot.

This appearance in official listings suggests that the project isn't just a concept, but is advanced enough to begin the approval process.

Here are the two scenarios being considered for the release of this device:

A combined launch: The Galaxy S26 Edge could be unveiled alongside the S26, (S26+?) and S26 Ultra as early as the end of February during Unpacked.

A staggered launch: Like its predecessor released in July, it could have a dedicated event later in the year.

Take this with a grain of salt, but it would be fantastic.",samsunggalaxy,19,26,1767618326.0,https://www.reddit.com/r/samsunggalaxy/comments/1q4l6ax/samsung_galaxy_s26_edge_the_ultrathin_smartphone/
1rok7ct,S26 Ultra screen grain / screen door effect worse than S25 Ultra? Anyone else noticing this?,"S26 Ultra screen grain / screen door effect worse than S25 Ultra? Anyone else noticing this? I’ve been using my new **Samsung Galaxy S26 Ultra (1TB)** for about two days now.

My first impression came right when I turned on the screen during the welcome/setup menu. I’m very sensitive to display imperfections, and I immediately noticed that the **grain and screen-door effect seem more noticeable on the S26 Ultra than on my previous S25 Ultra**.

Overall, I’d say the grain on the S25 Ultra looked **around 30–40% less noticeable** compared to what I’m seeing on the S26 Ultra.

After looking into it a bit, I found that this might be **a common trade-off related to the privacy display technology** used in this phone.

Am I the only one with this kind of **mixed feeling about the display**, or have others noticed the same thing?

  
**Edit:** This is **with the privacy display turned OFF**. When the privacy mode is **enabled**, the grain/screen door effect becomes **even more noticeable**.",samsunggalaxy,3,17,1773013032.0,https://www.reddit.com/r/samsunggalaxy/comments/1rok7ct/s26_ultra_screen_grain_screen_door_effect_worse/
1rr7sw7,Switched From a Fold 6 to the S26 Ultra. My Early Impressions Don’t Match the Hate.,"Switched From a Fold 6 to the S26 Ultra. My Early Impressions Don’t Match the Hate. I’ve only had the Galaxy S26 Ultra for a day, and I’m honestly confused by how dramatic some of the reactions online have been. I’m coming from a Fold 6, so I’m used to quirks and compromises, but switching to this phone has actually been smoother than I expected. Mine is the 12GB RAM and 256GB storage model, and I already put a Spigen tempered‑glass screen protector on it. Even with the protector, the screen looks clean and sharp.

So far, the only thing I’ve noticed that matches anything people are complaining about is the slightly narrower viewing angles. You really have to tilt the phone far, almost to a point that nobody would ever use it, before you see any difference at all. Reports point out that the privacy display’s pixel structure can cause brightness and clarity to drop when viewed at extreme angles, but that only shows up off to the side, not during normal use. Looking straight at it, the screen looks great. No hazy text, no rough edges, none of the weird pixel patterns people like to zoom into for screenshots. Some early users did report that their screens were less sharp than the S25 Ultra or that they got eye strain, while others said their units were totally fine with no noticeable differences. That fits with the idea that there might be some unit‑to‑unit variation.

Coming from the Fold 6, the S26 Ultra actually feels refreshing. It’s solid, simple and fast. I don’t have to think about hinge pressure or switching between inner and outer displays. Everything I’ve done on it so far has been smooth. Apps load instantly and the battery has held up well for a first day of heavy setup and testing.

The funny part is that Samsung’s biggest problem for me recently had nothing to do with the S26 Ultra itself. It was the headache I went through with Servify under Samsung Care+. They sent me four different replacement devices. One of them was even a Fold 7 that had been marked lost or stolen and couldn’t be activated on AT&T. The other replacements had Samsung‑related damage caused during Servify’s own repair work. After dealing with that whole mess, I’m definitely not someone who blindly defends Samsung.

That’s why I feel pretty confident saying that after a full day of real use on the S26 Ultra, I’m not seeing the issues people online are shouting about. Maybe some devices out there really do look worse. Maybe some people are obsessing over things at extreme angles or zoom levels. My early impression is that the phone feels like a very solid upgrade from what I was using, and the screen looks great in normal use. The viewing angle thing is real, but it doesn’t affect anything when you’re actually using the phone like a normal person.

I’ll get a better sense of it over time, but for right now, it feels like the negativity online is being amplified way beyond what the average user will ever notice.",samsunggalaxy,31,13,1773266169.0,https://www.reddit.com/r/samsunggalaxy/comments/1rr7sw7/switched_from_a_fold_6_to_the_s26_ultra_my_early/
1rk5s8g,Best Case and Screen Protector for S26 Ultra,"Best Case and Screen Protector for S26 Ultra Hey all,

I preordered the S26 Ultra as my S22 Ultra is mangled (mainly, waterproofing must have broken and a large black growth is consuming the top portion of my screen).

I'm wondering what the best case and screen protector are. It's one of those products where researching them comes up with a lot of slop. I want something that:

* Feels nice in the hand and doesn't scratch me with mold lines 
* Don't want anything bulky-feeling
* Obviously, as best drop protection for both casing, screen, and camera as possible
* Looks nice -- transparent could be cool to see the new purple color, but that also can end up looking awful as uncleanable dirt inevitably builds up
* Not $100
* Disinfectable on the outside, so maybe no weird fabric on the outside

\------------------------------------------------------------

I'm also looking at screen protectors, and it seems like these are the best ones, as they have anti-reflective coating:

* TORRAS OrigArmor: [https://www.amazon.com/gp/product/B0G2TJ3KC9](https://www.amazon.com/gp/product/B0G2TJ3KC9)
* FLOLAB NanoArmour ONETIME Pro: [https://www.amazon.com/dp/B0GFWM84XB](https://www.amazon.com/dp/B0GFWM84XB)

As a side note, just saw that Belkin has one??? Interesting.  
Belkin Titan: [https://www.amazon.com/dp/B0GN5Y54VV](https://www.amazon.com/dp/B0GN5Y54VV) 

Also, there is the Samsung film protector, but it is just a plastic film: [https://www.samsung.com/us/mobile-accessories/galaxy-s26-ultra-anti-reflecting-film-transparent-sku-ef-us948ctegus/](https://www.samsung.com/us/mobile-accessories/galaxy-s26-ultra-anti-reflecting-film-transparent-sku-ef-us948ctegus/)

  
What do you guys think?

  
Thanks for the help/insight! :)",samsunggalaxy,1,18,1772581944.0,https://www.reddit.com/r/samsunggalaxy/comments/1rk5s8g/best_case_and_screen_protector_for_s26_ultra/
1rkttio,For All Those Making Blanket Statements About S26 Ultra Upgrade Value,"For All Those Making Blanket Statements About S26 Ultra Upgrade Value The vast majority of people don't upgrade their phones every year so how this model compares to last year's model is irrelevant to most consumers.

Regarding if upgrading is ""worth it"" or not, is a HIGHLY individual decision based on what phone you are coming from and/or the condition of your phone (battery/screen) is, your personal budget, and how important certain new features are TO YOU. Not to someone else posting on Reddit.

Regarding statements like ""nothing has changed"" or ""this or that is a step backwards,""  Samsung didn't design these phones to appease a small minority of smartphone enthusiasts jonesing for revolutionary new features every year.  They design them to maximize sales which the #1 purchase decision for most consumers is THE PRICE.  If they added a ton of the lastest new stuff, I can guarantee you, you might not be complaining it didn't have this or that, you'd then be complaining about the price increase.

Samsung knows they have enough people with phones more than 2 years old that will be snapping these up so they don't need to implement revolutionary features to impress everyone with newer phones.

With that being said, I honestly think people are really underestimating how much the Privacy Display alone is going to drive sales once the phones are out there and people actually witness it and use it. While I wouldn't necessarily go as far to call it a ""game changer"", it IS very useful and no one else has it right now.",samsunggalaxy,8,17,1772649955.0,https://www.reddit.com/r/samsunggalaxy/comments/1rkttio/for_all_those_making_blanket_statements_about_s26/
1qs4jq1,Samsung Galaxy Wallpaper Evolution (GALAXY S II - Galaxy S26 Ultra),Samsung Galaxy Wallpaper Evolution (GALAXY S II - Galaxy S26 Ultra),samsunggalaxy,52,16,1769871642.0,https://v.redd.it/c83jf3o09pgg1
1rv4uhn,S26 Ultra Battery Durability,"S26 Ultra Battery Durability In Europe, battery durability is indicated at the time of purchase (the number of recharge cycles before the battery reaches 80% of its maximum capacity).

I noticed that for the S25 ultra it was 2000 cycles, now with the s26 ultra it's 1200 cycles.

Do you think Samsung has reduced the durability of its batteries or has the battery testing protocol changed between the S25 Ultra and the S26 Ultra?",samsunggalaxy,6,14,1773653573.0,https://www.reddit.com/r/samsunggalaxy/comments/1rv4uhn/s26_ultra_battery_durability/
1rsqfwb,The S26 Ultra didn’t disappoint me nearly as much as Samsung’s return process did,"The S26 Ultra didn’t disappoint me nearly as much as Samsung’s return process did I’ve been with Samsung since the Galaxy S3.

My S25 Ultra is my main phone, I keep other Samsung devices as backups, and at this point I’d honestly call myself a collector. I’ve defended this brand for years, recommended it to people, and even made plenty of unpaid positive reviews about Samsung products just because I genuinely liked them.

That’s exactly why this situation feels so bad.

I bought the S26 Ultra expecting it to replace my S25 Ultra. It didn’t. In less than a day, at home, it was already obvious to me that I would not be keeping it. For me, it felt like a downgrade, not an upgrade.

That was already disappointing.

But what really shocked me was the return process.

Instead of a smooth premium-brand experience, I got an email talking about a £5.99 return fee and possible deductions if software had been installed or data entered. The whole thing felt less like customer support and more like pressure. As a long-time Samsung customer, I found that genuinely embarrassing.

We’re talking about Samsung here, not some random small brand trying to survive by making returns difficult.

I’m returning the phone because the S26 Ultra simply does not replace my S25 Ultra for me. But I’m making this public because I feel I owe it to the community to say something when a brand I respected starts treating loyal customers like this.

The phone disappointed me.  
The return process damaged my trust in Samsung even more.

Am I overreacting, or is Samsung seriously losing the plot?

https://preview.redd.it/rn7wzyd9ytog1.png?width=2255&format=png&auto=webp&s=61f6374925409af1cabde7f5dcfdcffe5a6c46bf

https://preview.redd.it/109woxd9ytog1.jpg?width=1600&format=pjpg&auto=webp&s=d22f5136c89a55d71258cef0162be714f3c244a3

https://preview.redd.it/2vu5yxd9ytog1.jpg?width=1200&format=pjpg&auto=webp&s=f30420bba4991e9a6e8a068d3587a653fe869abc",samsunggalaxy,1,15,1773415749.0,https://www.reddit.com/r/samsunggalaxy/comments/1rsqfwb/the_s26_ultra_didnt_disappoint_me_nearly_as_much/
1rfm8vv,"S26 Ultra deal, from bad to worst.","S26 Ultra deal, from bad to worst. https://preview.redd.it/o9bgk76gjwlg1.png?width=601&format=png&auto=webp&s=1a3b4b0af860c90ff1c0ba4f0be478894133749a

Anyone compared what they paid last year for their Ultra SXX 1TB phone with trade in.

This year we get a 30$ credit for useless stuff, not even a 60w charger available, last year we had free earbuds.

354$ more this year, think Im going to be sitting out upgrading for a while. I get it, ram is expensisive and inflation is bad, but damn.

Oh forgot to mention, that was with the 50$ off from paypal when you use their service to pay...

https://preview.redd.it/99gmceqmjwlg1.png?width=601&format=png&auto=webp&s=4eb0f6e0ace04eec45bb6ae0ba41757d180df47f",samsunggalaxy,4,17,1772139585.0,https://www.reddit.com/r/samsunggalaxy/comments/1rfm8vv/s26_ultra_deal_from_bad_to_worst/
1rr4vez,Dead pixel.. on s26 ultra!,"Dead pixel.. on s26 ultra! I love samsung and i love my new phone.. but I can't believe it. Its been only 8 days of using the s26u and i have DEAD PIXEL on the screen. How samsung ? How ?? 
Really can't believe this didnt expect it at all from Samsung.. 

UPDATE: Samsung made apple movements and didn't change my phone.. BECAUSE OF ONE DAY
At least they will increase the warranty.. wow im so unlucky so much.",samsunggalaxy,2,15,1773259782.0,https://www.reddit.com/r/samsunggalaxy/comments/1rr4vez/dead_pixel_on_s26_ultra/
1rpqo47,S26 Ultra Slim — a torturing case,"S26 Ultra Slim — a torturing case I haven't seen anyone mention this, so maybe it's only my issue, but after a couple of days of using the phone with this case (Samsung Slim Magnet) I'm pretty sure this is the worst case I've ever had in my life.

First, it rattles. I don't know if it's because of the plastic buttons or maybe loose magnets.

Second — and the most annoying thing — the bottom edge of the case is so thin that when you hold the phone and rest it on your pinky, it basically tries to cut through your skin (and those 200+ grams of the phone really help with that).

So for the price you pay, the only thing you get is pain.

The only positive side of this case is that it actually makes me want to use my phone less.

https://preview.redd.it/yrq89ajz96og1.jpg?width=1654&format=pjpg&auto=webp&s=441f64f911d5bd96ac2b69b896e0bbb624dba5ea",samsunggalaxy,5,15,1773128672.0,https://www.reddit.com/r/samsunggalaxy/comments/1rpqo47/s26_ultra_slim_a_torturing_case/
1reve63,"No Qi2 on the S26 line up, but Samsung has their accessories ready for Magnetic Wireless.","No Qi2 on the S26 line up, but Samsung has their accessories ready for Magnetic Wireless. No Qi2 isn't an issue for me cause I would consider buying a third party case with strong magnetic rings anyways, but I find it funny that Samsung themselves are selling these.

This begs the question though, will these first party cases disrupt regular wireless charging like third party cases do?",samsunggalaxy,4,17,1772066252.0,https://i.redd.it/uaaxri3fiqlg1.png
1rubxlt,"Why did samsung remove ""samsung messages"" from s26 ultra?","Why did samsung remove ""samsung messages"" from s26 ultra? I was a bit disappointed when setting it up that it was missing for some reason. And when I tried to find it in the galaxy store it refused to show up. I had to send the apk of the app from my s25 edge to the s26 ultra and sideload it to avoid using google messages. Is this intended or a lack of software compatibility updates on a new device?",samsunggalaxy,2,14,1773574942.0,https://www.reddit.com/r/samsunggalaxy/comments/1rubxlt/why_did_samsung_remove_samsung_messages_from_s26/
1rphgk4,Bought this case from Amazon for My S26 Ultra. Is it any good? Is there a better case with similar price?,Bought this case from Amazon for My S26 Ultra. Is it any good? Is there a better case with similar price?,samsunggalaxy,0,15,1773101235.0,https://i.redd.it/3nbkqay604og1.png
1ruhaa1,Not sure if I should keep my S26 Ultra,"Not sure if I should keep my S26 Ultra I’ve had my S26 Ultra 1TB for about a week. Before this, I was using the S23 Ultra.  
My biggest disappointment with the S26 isn’t really the hardware, it’s One UI.

I’m someone who *doesn’t* update firmware or apps unless I absolutely have to, because too often things are changed for the sake of change. Controversial opinion, but the last version of TouchWiz was genuinely great. That was peak Samsung: bold hardware, bold software. When One UI arrived, it felt like a downgrade to me.

On my S23, I stayed on One UI 5 because everything worked well and I knew Samsung would eventually “fix” things that weren’t broken. With One UI 8, that’s exactly what’s happened. The whole design language feels like it’s copying Apple being minimalist for the sake of minimalist and it genuinely feels like we’ve gone backwards 10–15 years in UI design. If I wanted a device that looked and behaved like an iPhone, I would have bought one. I buy Samsung because I wanted to ""Think Different"". 🍎🤔🧠 Ironically, One UI 8 feels like Samsung wants me to ""Think Apple"".

I would love another week to see if I can adapt, but because I did a trade‑in, Samsung wants my S23 back this week. The complication is that my S23 screen might be failing anyway. I smashed it last year, replaced it with a genuine Samsung panel, then dropped it again a week later and caused a pressure mark. A few months on, the screen is now showing issues in low light/darkness. One of the reasons I bought the S26 is because of my S23's screen. 

Sort of related, but not part of my decision: I also pre‑ordered a Samsung case with the phone and was really disappointed. RRP £25, I paid £16 and it felt like a £1 flea‑market case. I replaced it immediately with a random Amazon case that was so much better. A friend even showed me their £3 Temu case for an iPhone, and embarrassingly (for Samsung) it was better quality than Samsung’s official one.

I complained to Samsung and said the case wasn’t fit for purpose because it wouldn’t protect the phone. Their response? Since it wasn’t broken and I simply didn’t like it, it counted as “change of mind,” and I’d have to pay £5.99 return postage. I basically said, “You’re charging me £5.99 to return something you sell for £25, I bought for £16, and is only worth £1?” Their answer was essentially: yes.  Poor quality from Samsung.  🤷‍♂️

So now I’m stuck between keeping the S26, which I like hardware‑wise but dislike software‑wise, or keeping the S23, which I prefer software‑wise but has a questionable screen.

Has anyone else struggled with One UI 8? Did you get used to it, or did it push you back to an older device?  Thank you.",samsunggalaxy,0,14,1773589288.0,https://www.reddit.com/r/samsunggalaxy/comments/1ruhaa1/not_sure_if_i_should_keep_my_s26_ultra/
1rmwdsm,S26 Ultra Silver Shadow 1TB 16GB RAM,"S26 Ultra Silver Shadow 1TB 16GB RAM Got today this bad boy, i loving it",samsunggalaxy,27,12,1772846515.0,https://i.redd.it/zbacej3wying1.jpeg
1mc6k8f,Galaxy S26 series could represent a major shake-up in Samsung's flagship lineup,"Galaxy S26 series could represent a major shake-up in Samsung's flagship lineup https://www.androidauthority.com/exclusive-samsung-galaxy-s26-series-branding-shakeup-3581900/

So, according to this article, the S26 lineup may follow a new scheme: Edge, Pro, and Ultra.

Edge will be slated as the new base.

I personally have been wanting a Pro for years, but I'm not sure how I feel about the removal of the base model... What do you think?",samsunggalaxy,60,43,1753780077.0,https://www.reddit.com/r/samsunggalaxy/comments/1mc6k8f/galaxy_s26_series_could_represent_a_major_shakeup/
1rmq468,S26 Ultra Geekbench Scores - lower than expected?,"S26 Ultra Geekbench Scores - lower than expected? Got my S26 Ultra today, 512gb, 12gb Ram, Uk/Eux model from Samsung - running great, but my Geekbench scores are lower than I expected.

Whats everyone else getting?",samsunggalaxy,0,15,1772831032.0,https://i.redd.it/dqsmgawuohng1.jpeg
1rwt76p,Flashing T-Mobile FW onto Unlocked Galaxy S26 Ultra,"Flashing T-Mobile FW onto Unlocked Galaxy S26 Ultra Hi. As the title says, I would like to make my unlocked Samsung S26 Ultra behave like the T-Mobile version. There are certain features I need that only the T-Mobile version offers if you want to know why. I’ve been on the XDA, Sammobile, and SamFW websites. So far the most promising looks like SamFW to flash the T-Mobile firmware. This would be my first time doing this though several years ago I rooted 1 or 2 Android phones. I appreciate any help anyone can provide with instructions, tips, tricks, dos, don’ts, etc. Thank you in advance!",samsunggalaxy,0,13,1773805506.0,https://www.reddit.com/r/samsunggalaxy/comments/1rwt76p/flashing_tmobile_fw_onto_unlocked_galaxy_s26_ultra/
1rqmacc,S26 Ultra USB speed bottleneck (Benchmarked vs S25 Ultra),"S26 Ultra USB speed bottleneck (Benchmarked vs S25 Ultra) 'm seeing a massive speed drop on the S26 Ultra compared to the S25 Ultra. When recording to an external SSD (Hagibis MC100 Pro + Samsung PM9C1A), the S26 Ultra won't exceed USB 2.0 speeds (~40MB/s), leading to dropped frames in Motioncam Pro after the buffer fills.

The S25 Ultra handles the exact same setup at 420MB/s without issue. This makes recording raw videos externally impossible without dropped frames on the S26 Ultra, as the disk can't keep up with the buffer. Are other S26 Ultra owners seeing USB 2.0 speeds?",samsunggalaxy,15,12,1773210789.0,https://www.reddit.com/gallery/1rqmacc
1rnal3t,Samsung S26 Ultra Clear Mag Case,"Samsung S26 Ultra Clear Mag Case Hi guys! Just a heads up for anyone planning to buy the Samsung S26 Ultra Clear Mag Case.

I recently bought one from a Samsung physical store, but unfortunately the unit I got seems to have a defect. When the case is on, the power button doesn’t work properly. A single press often registers as a long press, which either triggers the power menu or makes it difficult to simply turn the screen off. Sometimes it even feels like the button is being pressed automatically.

I’m not saying this happens to every Clear Mag Case, but according to the Samsung store employee I spoke with, there’s a relatively high chance that this issue can occur with most of the clear mag case units.

Just sharing this so others who are considering buying one can check the button responsiveness first before leaving the store. Hope this helps!",samsunggalaxy,5,14,1772891743.0,https://www.reddit.com/r/samsunggalaxy/comments/1rnal3t/samsung_s26_ultra_clear_mag_case/
1qz7gs9,Would you choose Vivo X300 Pro over S26 ultra?,"Would you choose Vivo X300 Pro over S26 ultra? I saw the specs and it made me realise that they both belong to different priorities. 

On paper Vivo is crazy no doubt. But once you look closer, it's just a specs heavy questionable phone. 

No s pen, heavy body, bulky design, and ....MEDIATEK!! the sustained performance and long term optimization is risky. 

Camera setup is crazy but then questions about processing. Samsung might not chase the numbers, but their tuning, video stability, and reliability is hard to beat. 

It's the same with software and oneui. 

Charging speed and battery is the only plus I see here. What do you think?",samsunggalaxy,1,19,1770553018.0,https://www.reddit.com/r/samsunggalaxy/comments/1qz7gs9/would_you_choose_vivo_x300_pro_over_s26_ultra/
1rnmh1g,S26 Ultra Mag Safe Case that Actually Works?,"S26 Ultra Mag Safe Case that Actually Works? I am trying to find a mag-safe case that acually works, I got the one off Samsung because I had the credit, but find that nothing will acually attack to it because of the large bevel in the case, plus its super high based on where the camera is. The only thing that will really work is an ""Exact magsafe fit"" which is pretty much nothing but like adjustable stands.

  
Battery Packs, Wallets / Phone Grips - all wont stick because there is about a fingernail amount of space inbetween. 

  
Any suggestions or products people are currently using that work?

https://preview.redd.it/agk73orp1png1.png?width=733&format=png&auto=webp&s=c9e91d98b012bb90e06bdc40cf3ba07218dfe2f2",samsunggalaxy,2,14,1772920238.0,https://www.reddit.com/r/samsunggalaxy/comments/1rnmh1g/s26_ultra_mag_safe_case_that_actually_works/
1ons4qi,Should I wait for S26 ultra or buy S25 ultra right now,"Should I wait for S26 ultra or buy S25 ultra right now Hello,

I saw on official Samsung website that without trade in, a 512gb S25 ultra is 850USD without tax. My phone battery last around 3 hours of usage a day, but I can still wait it out if getting a S26 Ultra is worth it. What type of pre order offers are there if I were to wait though? Thank you!",samsunggalaxy,0,36,1762213648.0,https://www.reddit.com/r/samsunggalaxy/comments/1ons4qi/should_i_wait_for_s26_ultra_or_buy_s25_ultra/
1ro0xsi,SOT stats in the first 72 hours of using the S26 Ultra.,"SOT stats in the first 72 hours of using the S26 Ultra. A big hello to Samsung Knights!

Here is the 72 hours post purchase SOT stats attached. I think at the initial stage, this is doing quite well. I'm a heavy user though, wondering if the upcoming update is gonna even extend the juice in the coming days or maybe after learning my usage patterns, it's going to offer me an hour extra?

Ps. Above stats were achieved using Light Mode with no gaming with QHD and adaptive refresh turned on.",samsunggalaxy,0,14,1772963635.0,https://i.redd.it/pkwnboc5nsng1.jpeg
1rlnoii,Sobre a tela do S26 Ultra,Sobre a tela do S26 Ultra Muita polêmica em torno da tela do novo S26 Ultra. A real é que eu estou curtindo bastante este aparelho. Não sinto desconforto nenhum.,samsunggalaxy,4,14,1772731685.0,https://i.redd.it/27jfe2wfh9ng1.jpeg
1rnpfc1,S26 Ultra battery review,"S26 Ultra battery review Whenever I get a new Samsung device (every year) I put it through a battery drain test to see if any improvements were made and I can whole heartedly say it has, not a huge differences but still a difference nevertheless.

Bluetooth off, 70% screen brightness. Using WiFi. QHD+ screen resolution. Adaptive refresh mode. Volume at 20%.

Instagram reels 1hour
Tiktok 1 hour
Facebook reels 1 hour
Youtube 3 hours 1080p
Twitter reels 1 hours
Subway surfer 45 mins 
Asphalt 9 35 mins 
Pubg 1 hours 15 mins 
Camera recording 4k 60fps till death

Last years S25 ultra lasted 11 hours and 20 mins

The S26 Ultra lasted 11 hours and 45 mins",samsunggalaxy,0,14,1772927734.0,https://i.redd.it/aq8dateeopng1.jpeg
1m83my7,Samsung to stay with 5000mah. What a disappointment,"Samsung to stay with 5000mah. What a disappointment I hope this is not true. 5500mah X 65W charging speeds should be standard. I do not feel good about Samsung STILL using 5000mah. What are you gaining sticking to a five year capacity you haven’t enhanced since covid started? Come on. No matter what they try to do, the density enhancements to the 5000mah is not working. 

You have to increase the capacity to see results and get rid of the bloatware in One UI. If the battery is still underperforming in these tests against the iPhone, its primary competitor, Oppo and OnePlus, suffering in its software update it gets when a new iteration of One UI releases, there’s a problem. Something has to change",samsunggalaxy,1187,422,1753361689.0,https://i.redd.it/kafkkv5iktef1.jpeg
1rvw3dr,No double tap Side Button wallet feature on the S26 Ultra,No double tap Side Button wallet feature on the S26 Ultra I was under the impression that the wallet would be accessible through the side button double click feature like it was on previous models but after a thorough search and conversation with Samsung support. Samsung rep confirmed that the feature has been removed and that my only option for quick access to Samsung Wallet is through the Slide Up Quick Access or by adding it to my Quick Settings. I find this to be a let down considering it was available on previous generations but hey maybe it will limit my spending due to the inconvenience of accessing Tap-to-Pay.,samsunggalaxy,1,13,1773719579.0,https://www.reddit.com/r/samsunggalaxy/comments/1rvw3dr/no_double_tap_side_button_wallet_feature_on_the/
1rw41vo,How could Samsung give the okay for the Screen for the S26 Ultra?,How could Samsung give the okay for the Screen for the S26 Ultra? Like dont they test the display beforehand?  Or was this just a cost cutting decision?,samsunggalaxy,0,12,1773747397.0,https://www.reddit.com/r/samsunggalaxy/comments/1rw41vo/how_could_samsung_give_the_okay_for_the_screen/
1kdn97v,Galaxy S26 Ultra’s Overhaul,"Galaxy S26 Ultra’s Overhaul In addition to the ultra-thin bezels, it seems that the Galaxy S26 Ultra will undergo a major overhaul in terms of design. These 2 prototypes are the ones most likely samsung will settle on. Share us your thoughts about the new design!",samsunggalaxy,22,63,1746257029.0,https://i.redd.it/autstw1pqiye1.jpeg
1rtpbhd,I unboxed my Samsung Galaxy S26 ultra and I'm impressed,"I unboxed my Samsung Galaxy S26 ultra and I'm impressed So I bought my first flagship about a week ago and finally unboxed it yesterday morning after my accessories arrived.

First impressions: there is a slight difference in the screen compared to what I’m used to. There seems to be a bit of a greenish hue, especially when you’re not looking directly at it from the front. That said, after a few hours of using the phone it became much less noticeable. Obviously, when I enable maximum privacy, the greenish/greyish hue is quite noticeable, however, I only allowed this feature for my private applications. 


The face recognition is good and responds quickly, just like Galaxy Tab S7. The finger print recognition isn't as reliable. 


Battery life seems good so far. The phone is also much faster when browsing and opening apps. The camera is really good too especially noticable when I'm taking night pictues; I’m impressed with it.

I also really like the Sky Blue colour and the overall design, especially the rounder edges.

For reference, my previous phone was the Samsung Galaxy A71, which is about 6 years old, so keep that in mind when reading this.

Charging is quick, and I like having wireless charging. It’s also cool that I can charge my Samsung Galaxy Buds Live and Samsung Galaxy Watch Active2 on the back of the phone using wireless power sharing.

Overall I’m really happy with it so far.

Photos taken with my Samsung Galaxy A71.",samsunggalaxy,9,11,1773509235.0,https://www.reddit.com/gallery/1rtpbhd
1rudw7e,Just another happy S26 Ultra buyer - for good balance,"Just another happy S26 Ultra buyer - for good balance tl;dr: Got S26 Ultra after years with iPhones. Very impressed and happy so far.

I like to rely (to some extent) on online user (/redditor) reviews when buying stuff, so I thought I'd return the favor. There's lots of noise about S26 Ultra now. I'm joining the happy club.

I've used some early iPhones, as well as Androids, personally and/or for work. Past few years the setup was: an iPhone privately, Samsung SXX for work. Most recently - **iPhone 14 Plus (my main personal device since 2023)** and Galaxy S25 (for work, not used much, but enough to know its worth).

I've been eyeing Ultras for a while and this year I decided I'm ready to switch. I needed (craved?) a change. My iPhone 14 Plus was (still is) an absolutely great phone. iOS is a very good system, the device is very reliable. However, I'm not big on Apple's ""ecosystem"" - I have no other Apple devices, I'm not a fan of Macbooks or Airpods' sound quality - and there are some nuances about iOS that bother me a bit. To name a couple: the no separate volume issue, the keyboard, only 4 apps in a row and no more than 9 on one page in a folder (iOS really does not take advntage of big screens), no LDAC support, and a few more. No deal-breakers, just nuisances. Oh, and I do rely on Google for contacts, email, notes, maps,, etc. anyway, so it seemed to make a lot of sense to give Android a chance. I've had good experience with my work Sxx phones for the past 6 years, so I went for it.

Having read and watched what felt like half of the internet on various Ultra vs Pro Max comparisons, I preordered S26 Ultra along with Buds 4 Pro.

It's been less than a week, but so far I'm really loving the experience.  
What bothered me on the iPhone, isn't bothering me here. To be honest, nothing about the phone is bothering me, and I'm hoping it'll stay this way. I wanted to start fresh and didn't copy anything from my iPhone, so the initial setup took some time and effort, but I was ready for it.

The story might be different for someone coming from a previous Ultra, but for me:  
\- the phone and its system seem **very fast** (I mean really snappy), **stable and mature**.  
\- the screen is fabolous - I'm farsighted (but my sight is very good while I'm wearing glasses) and I am very ""picky"" vision-wise and I have **ZERO issues with the screen**. Privacy screen works as advertised. Yes, it dims the screen when on (again - as advertised). Yes, the viewing angles are just a tiny little bit compromised even when it's off (you can't fight physics with the ""narrow"" pixels), but for normal phone use this is literally a non-issue. No pixelation, no blur, no over-sharpening, no dizziness, nothing. Just an awesome, crisp, bright display.  
\- the **cameras are great**, but to be honest I don't care if they're ""worse or better"" than on e.g. iPhone 17 Pro Max. They're way better than I need them on a phone, and I still prefer my dslr for ""more serious"" or travel photography. Plus, I haven't really played much with the cameras yet.  
\- **battery life is amazing so far**. I'm not a very heavy user, though - my iPhone's performance in that area after 3 years of use was still more than enough for me.  
\- I'm not big on AI, but we all know how Galaxys compare to iPhones here.  
\- The S-pen is a nice-to-have (circle to search and marking screenshots - super fun and easy to do now).

So, anyway... **S26 Ultra is a proper flagship phone**.  
It may not be particularly exciting for users of previous Ultras, but it is for me coming from iPhone 14 Plus. To be fair, I've played with iPhone 17 Pro Max and - though clearly superior to 14 Plus - I wouldn't call it a ""particularly exciting"" upgrade, either.

Enjoy your phones! iPhones and Galaxys are great. Both (really). Just pick yours. Some love Chinese brands - that's ok, too.

PS. I'm not a bot. I'm not sponsored. I'm just a happy user.",samsunggalaxy,41,7,1773580882.0,https://www.reddit.com/r/samsunggalaxy/comments/1rudw7e/just_another_happy_s26_ultra_buyer_for_good/
1rgij8a,"Getting The S26 ultra for half price from company , been using Google pixel all this years . Should I make the switch?","Getting The S26 ultra for half price from company , been using Google pixel all this years . Should I make the switch? Title says it all.
Been an avid pixel user last 6 years , did use to own Samsung before tho.
Always had a sweet spot , but Google UI is just so good I believe .
Getting this on half price makes it tempting",samsunggalaxy,2,14,1772225512.0,https://www.reddit.com/r/samsunggalaxy/comments/1rgij8a/getting_the_s26_ultra_for_half_price_from_company/
1rbny14,So I have Verizon and they might have a trade-in deal but then again I want to get my Samsung s26 Ultra at Best Buy and I want it unlocked. Should I buy my phone from Verizon even though it won't be unlocked for a while especially until I pay it off or should I just get it from best buy?,So I have Verizon and they might have a trade-in deal but then again I want to get my Samsung s26 Ultra at Best Buy and I want it unlocked. Should I buy my phone from Verizon even though it won't be unlocked for a while especially until I pay it off or should I just get it from best buy? I don't trust the Samsung website due to many people claiming that they never got their phone or their phone had problems and they were very bad at fixing things. If I'm going to buy a phone unlocked I would rather buy it through Best Buy at a physical store instead of online. I am afraid that if I buy my Samsung phone on the Samsung website that it may get lost in the mail. I mean I can also buy it on Verizon and they might have a very good trade-in deal but the problem is is that I don't know if it will apply to my payments because my sister-in-law was talking about a $800 trade-in deal with Samsung but I'm not sure if that means I would have four or $500 left to pay it off and if that's the case I might as well pay it off but if not then it's probably going to take me a year and a half to pay it off. If I do buy it on Best Buy I am definitely going to do monthly payments. There's a possibility that I may even switch out of Verizon and if I do I want to be able to. I have a Samsung s22 Ultra and it's starting to give out in the photos are starting to become very bad and I know that I have to get a new one so I choose to get the Samsung s26 since it is latest.,samsunggalaxy,0,15,1771772371.0,https://www.reddit.com/r/samsunggalaxy/comments/1rbny14/so_i_have_verizon_and_they_might_have_a_tradein/
1rfm473,Reedem your Samsung Rewards credits at 2x value for S26 and receipt confusion,"Reedem your Samsung Rewards credits at 2x value for S26 and receipt confusion So..  I was part of the Samsung TV and You program where they credited your Samsung rewards every month for confirming what you watched on TV.  The program just ended.  Sad face.  So over the yeaars I used the credits to purchase quite a few nice Samsung products or applied some of the credits to lower the out of pocket cost.

I had saved up $500 to apply to upgrading from my S23 Ultra to the S26 Ultra.  In my mind that would have been $650 trade in value in addition to using the $500 to lower the cost even more.  I put the S26 Ultra 512GB on in my cart, went to checkout and went to apply the award points and it said ""Redeem your points at 2x value towards any qualifying purchase duirng Galaxy S26 Ultrea pre-order"" I didn't think much of it but when I went to fully check out it said my cost was 0 and my $500 turned into $1000 in addition to the $650 trade in but it wouldn't let me check out because I needed to use the whole $1000 and to add more items to the cart because the 512gb 26 Ultra is $1429 not including education discount applied, etc.  So I was under the $1650 credit(rewards and trade) by about $230 or more.  So, it wasn't me earning 2x point it was giving me 2x the value of my $500 that I had earned to redeem!   I wasn't expecting that!  So I removed the 512gb and was trying to do the math and all of what to add.  I always end up having a monthly charge to pay off a phone so I was like let's get everything.  I added the 1tb unlocked version to the cart, the Buds Pro 4 and decided to get the Samsung Care+ with Theft for two years instead of paying Verizon every month.  So that's like $1700 for the phone, $190ish for Buds, and $250 for the insurance for like $2140(not including eucation discount, $30 early, etc).  In the end it said the total I owed was like $570.  That includes the $650 trade in, the various education discount on the phone and buds and the 2x redeem redward value which is $1000.  So it's about righ after tax which was only like $30 for everything.  Trying to figure it all out on the receipt for everything though is confusing.  It only shows the -$650, -$500(original rewards amount) and the education and early order deductions.  It doesn't say -$1000 for the rewards but it lists the 1tb phone on the receipt as $1092 with a $700 discount.  When I did the straight up math of $2140 - $1650(trade in and double rewards) I got $490 which once again, didn't include education discounts, taxes, etc.  So the $570 seemed about right in the end but the receipt didn't show the enhanced reward amount of $500 as an itemized item.  Today I got the official email receipt and it still said it was still $570 for everything which I think it a great deal.  It also showed the actual prices too.  The cost of the s26 Ultra 1tb Unlocked is $310, the insurance $170, and the Buds Pro $55.  I guess instead of making things easier to understand they deducted that extra $500 not as a line item thing to easily understand and show it as $1000 all together but took amounts of each item to make instead.  

Anyway... If you have a good amount of Samsung Reward $ amount and want an S26 it says they will double the redeemed amount for a limited time, now would be the time to do it.  But don't expect the math to make much sense from looking at the first receipt.  Just do minus trade in amount, - double redeemed reward cash value you have and any of the other discount deductions and see if it sort of adds up.",samsunggalaxy,2,14,1772139302.0,https://www.reddit.com/r/samsunggalaxy/comments/1rfm473/reedem_your_samsung_rewards_credits_at_2x_value/
1rg2u46,Still no Ultra Wideband (UWB) for the base Galaxy S26?,"Still no Ultra Wideband (UWB) for the base Galaxy S26? I have a Samsung Smarttag2 and would love to be able to use UWB with this device. Coming from Galaxy Flip 5 which are premium priced phones, they still left it out there on the latest model. When I look through the specs on the Samsung site, seems Samsung still isn't including it in the base models, just the S26+ and S26U. I remember early rumours from a few months ago speculating the base model would finally get UWB but seems to not be the case. Honestly a shame that this Samsung tag that works exclusively on Samsung devices still doesnt support the full range of flagships.",samsunggalaxy,7,13,1772187032.0,https://www.reddit.com/r/samsunggalaxy/comments/1rg2u46/still_no_ultra_wideband_uwb_for_the_base_galaxy/
1rt3nnz,"Is this ""Lens Drop"" normal on the S26 Ultra? (Visible gap when camera app is OFF)","Is this ""Lens Drop"" normal on the S26 Ultra? (Visible gap when camera app is OFF) Hey everyone,
​I just switched to Android for the first time with the new S26 Ultra, and I’m a bit concerned about the camera hardware. I’ve noticed that when the camera app is closed, the bottom two lenses (the 3x and 5x zoom) seem to ""drop"" down significantly.
​In the 3 pictures I’ve attached, you can see a clear physical gap at the top of the lens housing when the phone is just sitting there.
​The weird part: The moment I open the camera app, the lenses ""snap"" back into the center and the OIS starts moving them around perfectly. When I close the app, they just ""clunk"" back down and the gap reappears.
​Is this just the heavy OIS magnets Relaxing, or did I get a unit with bad adhesive/loose springs? I'm worried about the IP68 water resistance if there’s a gap big enough to see into.

​Model: S26 Ultra
​Bought: From Samsung directly 
​Issue: Visible internal gap when OIS is unpowered.


​For those who have the S26 Ultra, does yours look like this when the camera is off? Or should I be looking at an RMA/Exchange?

​Thanks for the help!",samsunggalaxy,5,11,1773445210.0,https://www.reddit.com/gallery/1rt3nnz
1rs61hm,Call Screening Background Heard - S26 Ultra,"Call Screening Background Heard - S26 Ultra So, something weird happened today. I was testing Call Screen on my S26 Ultra with my friend who called me on his Pixel 10 Pro. When the call came in, I hit call assist, then call screen, and he could actually hear what was going on in my background live, even though he wasn't here. He heard everything I said, even though I never answered the call.

I'm pretty sure this shouldn't be happening, and it seems like a HUGE software glitch. Can someone else test this out and let me know if you get the same results? If so, Samsung needs to know about this ASAP.",samsunggalaxy,5,11,1773355919.0,https://www.reddit.com/r/samsunggalaxy/comments/1rs61hm/call_screening_background_heard_s26_ultra/
1rhfuof,$1099 for 512gb s26 ultra?,"$1099 for 512gb s26 ultra? Currently rocking the s8+ and figured it's time to upgrade, but have no idea what's considered a good/decent price on a newly launched Samsung S series phone these says. Found this deal on Amazon, is it good or should I wait for a better deal? I'm on AT&T and the S26 I just preordered is unlocked.",samsunggalaxy,5,13,1772317292.0,https://www.reddit.com/r/samsunggalaxy/comments/1rhfuof/1099_for_512gb_s26_ultra/
1rpbsjr,Ordered a New S23 Ultra instead of S26 Ultra! What do you think?,"Ordered a New S23 Ultra instead of S26 Ultra! What do you think? Ordered a New S23 Ultra instead of S26 Ultra. I really like the boxy sharp corners of those iconic note series that is why just ordered one to keep it for my collection. In my opinion the S23 Ultra was peak Samsung overall! I really don’t like the scammy turn that Samsung took with the S26 Ultra (lack of Bluetooth Spen, Removal of Titanium and 10X optical zoom). What do you think?",samsunggalaxy,0,12,1773088268.0,https://www.reddit.com/r/samsunggalaxy/comments/1rpbsjr/ordered_a_new_s23_ultra_instead_of_s26_ultra_what/
1re36se,S26 Ultra Display brightness,"S26 Ultra Display brightness I don't know if this is confirmed given that the phone hasn't been officially unveiled yet, but apparently this is the new M14 display on the S26 Ultra (left) compared to another M14 panel. If Samsung screwed us on brightness like they did from the Note 8 to Note 9, it's a total deal-breaker for me. I hope this isn't the case.",samsunggalaxy,0,14,1771993205.0,https://i.redd.it/9q3g6ofkhklg1.jpeg
1qsw773,What do you think Samsung should focus on the most for the S27 Ultra?,"What do you think Samsung should focus on the most for the S27 Ultra? The S26 Ultra is looking to be... Let's just say ""less than it could be"". Therefore I'm asking about the S27 Ultra. 

[View Poll](https://www.reddit.com/poll/1qsw773)",samsunggalaxy,7,17,1769945738.0,https://www.reddit.com/r/samsunggalaxy/comments/1qsw773/what_do_you_think_samsung_should_focus_on_the/
1rsi1pj,S26 ultra and buds pro 4 first impressions,"S26 ultra and buds pro 4 first impressions Just my random useless thoughts as a non tech-savvy guy. 

For context, I got the S26U and buds pro 4 a few days ago, switching from the S24U. This is my first Samsung earbuds, but I also have the new Sony wf1000xm6. 

Buds pro 4: the fit and sound quality actually exceeded my expectations. Idk if it's that the fit and settings for the wf1000xm6 are not optimized correctly for me, but the passive isolation for the buds pro is so good that I keep checking if the active noise cancelation is really off. I find the bass to also be a lot better, and I especially liked the dynamic profile when listening to music. Overall it feels much more like I'm in my own little bubble with the buds pro 4 compared to the wf1000xm6, and that's without even considering the ANS, which I don't normally use as I get nauseous. 

S26U:
Again as a non tech-savvy guy I don't have much to say. It's a Galaxy Ultra phone. I've transferred all my settings and data from my old S24U and for me it feels pretty much the same. Yeah, the screen gets a bit darker when using the privacy display and there is no more Bluetooth on the S-pen, but I personally don't really care about these. It's an Ultra phone, you know what you're gonna get and you get it. 

One big pro for me is the rounded corners. The square S24U has a unique style to it that I really appreciate, BUT MAN - I didn't notice how annoying those sharp corners were until I switched to the S26U. Like they were digging into my hand, and it was just a pain pushing the phone into small pockets. But no more of that. 

One big con: the camera bump wobble. I got the Torras Ostand Q3 spin case and it doesn't eliminate it at all. I really like their cases but I can't recommend it if you're concerned about the wobble. I'm going to stick something to the other corner of the case because it's just too annoying using it on flat surfaces as is. 

But yeah that's it for now.
Thanks if you read so far!",samsunggalaxy,28,8,1773391787.0,https://www.reddit.com/r/samsunggalaxy/comments/1rsi1pj/s26_ultra_and_buds_pro_4_first_impressions/
1rofemb,Galaxy S26 Ultra Cheapest Price Guide (FINAL UPDATE),"Galaxy S26 Ultra Cheapest Price Guide (FINAL UPDATE) **Updated again based on other users’ feedback and the best stackable methods I’ve found**

I’ve been trying to put together the best ways to get the **Galaxy S26 Ultra** for as cheap as possible, so here is another updated list based on feedback from other users plus the best methods I’ve found that can sometimes stack.

## Codes and links (easy copy/paste)

**Rakuten cashback link (Free, 1 minute signup, no card needed, easy $50 back + 5% Best Buy, 3% off Samsung):**  
www.rakuten.com/r/TYLERM3211

**How to use Rakuten**

**On PC:** make an account, click the Rakuten link, then when Samsung or Best Buy opens, make sure Rakuten says **Cash Back Activated** before checkout.

**On phone:** make an account, open the store through the Rakuten app or tap the Rakuten link first, then make sure cashback is activated before checkout.

**Samsung code for extra 5% off**  (Updated 3/17/2026) *Updated Hourly  
`ref-3c0ds3`

**Current referral link ($100 bonus when you set up qualifying direct deposit, plus get paychecks up to 2 days early):**  
Code: TYLERM525  
https://current.com/get-started/?creator_code=TYLERM525&impression_id=7946975f-31da-4bd1-be8c-64ff3ab0961a

## Best ways to get the cheapest price

- **Student / education discount:** took **$75 off** for me
- **Trade in:** Samsung trade in values can be very strong, especially for newer phones
- **Best Buy:** good for the **free 512GB upgrade** when available, and can pair well with carrier specific trade in deals
- **Amazon option:** if you do **not** have a strong trade in, Amazon includes a **free $200 gift card**, which can end up being the better deal
- **Credit card rewards:** cashback cards can stack even more savings on top
- **Capital One Shopping:** some people get targeted cashback offers, so it is worth checking before buying
- **Google Fi:** running a very aggressive phone promo, so it may be worth comparing if you are open to switching

## Extra tips

- **Check your region** because some deals are not available everywhere
- If your Samsung account has **already used a referral code before**, it may not work again, so some people make a **new account**
- If your trade in value is weak, **cashback + Amazon** may be the best overall deal",samsunggalaxy,0,12,1773001446.0,https://www.reddit.com/r/samsunggalaxy/comments/1rofemb/galaxy_s26_ultra_cheapest_price_guide_final_update/
1ronk5s,Samsung S26 Ultra white with Casio,"Samsung S26 Ultra white with Casio My new Samsung S26 Ultra 512GB matched with Casio GA-B2100FC-7A. I bought S26 Ultra for HK$9198 from China Mobile Hong Kong. Free Samsung 25W wireless, transparent phone case. Was it a good deal ?",samsunggalaxy,41,7,1773021858.0,https://i.redd.it/idy19tv9gxng1.jpeg
1rtacaq,"How to save the most money on a Galaxy S26 Ultra: trade in, Best Buy, Samsung.com, or Amazon?","How to save the most money on a Galaxy S26 Ultra: trade in, Best Buy, Samsung.com, or Amazon? I’ve posted similar deal breakdowns before, and this is my updated version now that the deals have settled a bit after preorder.

**Rakuten link:**  
Free signup, no card needed, **$50 back** if used on **s26 Ultra** (or any $50+ purchase) plus extra cashback:  
www.rakuten.com/r/TYLERM3211

**Samsung 5% off code** (UPDATED 3/17/25) *Updated Hourly: 
      
`ref-3c0ds3`


## Best strategy

- **Good trade in:** check **Carrier**, **Best Buy**, and **Samsung.com**
- **No good trade in:** go straight to **Amazon**

## Current deals

- **Best Buy:** up to **$900 trade in**
- **Samsung.com:** up to **$720 trade in**
- **Samsung.com:** **15% off Buds4 / Buds4 Pro**
- **Samsung student discount:** usually takes about **$60 to $90 off**
- **Amazon:** **$200 gift card**

## Other ways to save

- **Credit card rewards:** cashback cards can stack even more savings
- **Capital One Shopping:** some people get targeted cashback offers, so it is worth checking before buying
- **Google Fi:** worth comparing if you are open to switching because the promo is very aggressive (Some commenters have mentioned savings of **$650+**)

## Rakuten

**PC:** click link, open store, make sure **Cash Back Activated** shows before checkout.  
**Phone:** open through Rakuten app or tap link first, then check cashback is activated.

## Extra bonus

**Current referral link**  
$100 bonus with qualifying direct deposit, plus paychecks up to 2 days early:  
Code: **TYLERM525**  
https://current.com/get-started/?creator_code=TYLERM525&impression_id=7946975f-31da-4bd1-be8c-64ff3ab0961a",samsunggalaxy,0,11,1773463792.0,https://www.reddit.com/r/samsunggalaxy/comments/1rtacaq/how_to_save_the_most_money_on_a_galaxy_s26_ultra/
1r7clpb,Samsung s26 Ultra,Samsung s26 Ultra samsung Confirmed Storage upgrade offer,samsunggalaxy,7,14,1771349361.0,https://i.redd.it/h2q68yv2b3kg1.jpeg
1rtisem,How are samsung doing these s26 ultra deals in the uk,How are samsung doing these s26 ultra deals in the uk I found this deal in the sponsored ads section on my phone at the top of the page. I have traded in my s23 ultra which bought the total price to a massive £407. You can get this deal for the blue one too but that is on three which isnt good where i live. The black one is on o2 which is £26 p/m (i think but no more than £28) with 200gb of data and unlimited mins and text. But you get the free buds 4 pro with o2. I dont think you do with three.,samsunggalaxy,7,10,1773493102.0,https://www.reddit.com/gallery/1rtisem
1rx1q3u,"Returning S26 Ultra, was told 5% restocking fee","Returning S26 Ultra, was told 5% restocking fee I've been using the S26 Ultra 1TB the past 10 days that I purchased directly from Samsung (had planned to trade in the S25 Ultra), and I also got the Silicone Case.

Due to the display issues (see my post link for more details), I decided to return the phone and just keep using the S25 Ultra (and S22 Ultra).

https://www.reddit.com/r/samsunggalaxy/s/IWK7Im3pzn

So today I did a chat with Samsung to do the return. The rep wanted to know the reason why, and I told them about the display, that I use my phone 8-9hr screen-on time daily for my business and that text was not clear and looked fuzzy/out of focus compared to my other phones. They went to process the return and said that the S26 Ultra 1TB and Case that I wanted to send back had a 5% restocking fee.
When I questioned it and said that I was not aware of a restocking fee, they said this was recent (see screenshots). But then when they went to process the return, for some reason the 5% restocking fee on the S26 Ultra 1TB was gone, but the case still had a $0.14 restocking fee. They weren't able to explain what happened, but I was fine with it. So they got it processed and sent me the FedEx return label. 

I know some people said they were offered a discount of about $150-250 to keep their S26 Ultra because of the screen issue, but this was not offered to me (even if it was, I would of declined and still would return it). But I haven't heard of anyone saying they got hit with a 5% restocking fee.
I'm glad that when she went to process the return, the restocking fee was then gone on the phone and just $0.14 on the case which is laughable.",samsunggalaxy,1,10,1773834617.0,https://www.reddit.com/gallery/1rx1q3u
1rs9pmn,Returning S26 Ultra,"Returning S26 Ultra Well it's been a pretty terrible 12 months for me and Samsung. We own over 30 different Samsung products. Phones, TVs, appliances, etc. I still held out hope for this new phone even though upgrading from S23 Ultra was not a good trade in deal. What is most disappointing is it arrived battery dead. Charged it overnight. Woke up this morning and had issues with Samsung transfer... over cable... it took 70% battery and 5 hours to complete. Then comes signing back in with the pass key etc. Fine. Test camera. Looks about the same. Battery quickly drops to 15%. Try the wireless charger that came with the S23 Ultra. Nope doesn't work. Tried unplugging the USB and direct connect. Goes from 11% to 9% plugged in. For anyone on the fence. Don't. Just don't. I just spent the past 1.5 hour with 3 different agents trying to get a charger for it. It's not available. You can get an old model adapter for it​​ but they do not recommend it for the S26 Ultra. Samsung... doesn't recommend... the only charger on their website... for this phone... let that sink in.",samsunggalaxy,0,11,1773364998.0,https://www.reddit.com/r/samsunggalaxy/comments/1rs9pmn/returning_s26_ultra/
1rgwcky,S24 Ultra Screen beats the S26 Ultra and is sharper. Samsung destroyed this phone with a bad Display among flagships,"S24 Ultra Screen beats the S26 Ultra and is sharper. Samsung destroyed this phone with a bad Display among flagships Right is the S24 Ultra. 

Samsung messed up with the Screen. They seriously needs to remove the Privacy Display for their next Gen Flagship. 

\- Worse Antireflective 

\- Bad Viewing Angles

\- Not as Sharp 

\- Reduced Whitepoint

\- Duller Colours",samsunggalaxy,0,13,1772263707.0,https://i.redd.it/brxt3qpwt6mg1.jpeg
1pvxqjv,Thinking about trading my iPhone 14 Pro for the Galaxy S26 Ultra when it drops. Worth the switch?,"Thinking about trading my iPhone 14 Pro for the Galaxy S26 Ultra when it drops. Worth the switch? Hey everyone,

I’ve been using an iPhone 14 Pro for a while now and I’ve been pretty deep in the Apple ecosystem, but I’m seriously considering switching to the Samsung Galaxy S26 Ultra when it releases.

I’ve never daily-driven an Android long-term, so I’m curious what the real experience is like making the jump from iOS to a Samsung Ultra phone.

For people who’ve switched from iPhone to Samsung:

What were the biggest things you noticed right away
What did you miss most about iOS, if anything
What ended up being better than you expected on Samsung
Any regrets or things you wish you knew before switching

I care a lot about performance, battery life, camera quality, customization, and how smooth the phone feels day to day. I also use things like AirPods, iMessage, and Face ID pretty heavily, so I’m wondering how painful that transition really is.

Would love to hear honest takes, especially from people who went iPhone to Samsung and didn’t look back, or who ended up switching back.",samsunggalaxy,18,21,1766731129.0,https://www.reddit.com/r/samsunggalaxy/comments/1pvxqjv/thinking_about_trading_my_iphone_14_pro_for_the/
1rpi35r,Samsung s26 ultra RCS issue,"Samsung s26 ultra RCS issue I was wondering if anyone could help me out with this RCS issue.  I have AT&T and I just got thr phone through Samsung.  I did a Samsung Smart switch and everything transferred, phone is good.  I'm having issues with my messages and can't get the RCS feature active.  It keeps telling me under status: connecting but it's been going on for hours the status code is 3000.  I went through Google to deactivate it on my old phone.  I still get the same message and no success in connecting it.  I can't get text messages but the RCS feature just won't go through.  I tried clearing the caches on messages and through the carrier service too.  I've restarted the phone numerous times, and even looked into the debug option.  Any help would be appreciated",samsunggalaxy,2,11,1773102798.0,https://www.reddit.com/r/samsunggalaxy/comments/1rpi35r/samsung_s26_ultra_rcs_issue/
1rftggs,No Fold 7 trade in option for s26 ultra,No Fold 7 trade in option for s26 ultra I wonder why? Apologies if it's already been posted.,samsunggalaxy,1,13,1772156978.0,https://i.redd.it/p6viknnj0ylg1.jpeg
1rnxbfo,S26 Ultra Not Getting YouTube Notifications,"S26 Ultra Not Getting YouTube Notifications Like the title says I have the s26 ultra and my YouTube notifications are not working. Every other app seems to be fine. I have googled every troubleshooting step and have done everything I could find. I know the phone is brand new (it hasn't even launched yet) but I'm sure a lot of people got it early as samsung likes to do that so I'm hoping someone here has maybe had the same issue and resolved it. All notification settings are on in both the phone settings and youtube itself.

One side note is I did install ReVanced but I'm not getting notifications from that either",samsunggalaxy,4,11,1772950811.0,https://i.redd.it/ugjix7h0lrng1.jpeg
1rk1ct3,S26 Ultra 10 bit fiasco,"S26 Ultra 10 bit fiasco It's actually an 8bit + FRC panel which can simulate 10 bit colors similar to iPhone displays or any other 10 bit display claiming smartphone.
  
Most of time true 10 bit display panels are reserved for high end monitors.

I see a ton of people angered and feeling betrayed as if samsung had lied. iphone or any other phone claiming 10 bit is doing the same FRC thing. Calm down. It does have better color representation the s25u or s24u.",samsunggalaxy,0,12,1772571576.0,https://www.reddit.com/r/samsunggalaxy/comments/1rk1ct3/s26_ultra_10_bit_fiasco/
1rk002w,S26 ULTRA UPS DELIVERY,S26 ULTRA UPS DELIVERY I called Samsung customer service and explained to them I am an influencer looking to review the product and they understood and released the product early to me. I'm in Florida getting it this Thursday! Try this cute little hack and just maybe you might get yours early too :),samsunggalaxy,0,12,1772568585.0,https://www.reddit.com/r/samsunggalaxy/comments/1rk002w/s26_ultra_ups_delivery/
1rp7c1f,"S26 Ultra has been causing me eye strain, am i the only one?","S26 Ultra has been causing me eye strain, am i the only one? I got this from Samsung's website about four days ago. The phone is absolutely amazing and feels great in the hand.

Enhanced animations and software are really good in One UI 8.5.

All around, this phone is amazing, but there's something up with the display.

The display looks beautiful, but there is something about it that is causing me bad eye strain. I don't understand if it's just me or if someone else is also facing this.

I have an S25 Ultra and an S22 Ultra as well. I've used both these phones for seven hours a day, and they never once caused me eye strain.

To clarify, I have the privacy display completely turned off.

Is it something with the privacy display tech, even when turned off, that's making this display a bit different and causing eye strain?

I don't understand. Whenever I look at this phone, my eyes start to strain, and right when I look at my S25 Ultra and S22 Ultra's displays, my eyes calm down, and it almost feels comfortable looking at them. But it's completely opposite for this S26 Ultra.

To tell you, it's not like I use phones at max brightness. I use them at medium brightness on all phones, yet I still feel different on this S26 Ultra.

I don't think there's any solution to this. If there is any, let me know, or I would like to hear your opinion on whether you're facing this issue or not.

Thanks for reading.",galaxys26ultra,129,218,1773078783.0,https://i.redd.it/hca2zl6j52og1.jpeg
1roqaxb,S26 Ultra is very refined but with disappointing display quality,"S26 Ultra is very refined but with disappointing display quality I don't want to get too repetitive since everything has been covered already pretty much. Phone feels very quick and snappy, battery life is amazing, definitely the most refined ultra to date but there is one ""but"", Display...

Not sure where to begin. The moment I turned it on, something was off. It's hard to explain and can't be captured on photo, you have to see it. When looking at letters, I've noticed this type of oily/fuzzy, shimmering type of effect around edges. I didn't experience any eye strain necessarily but text is no longer crisp as you got used to see on S25U or previous Ultras. I adjusted resolution to QHD+, played with vivid / natural modes and nothing really helped. The easiest way to spot it was on the settings panel (when reading labels) or when reading any type of article / book with white letters for example, visible on blue button labels on openlibrary.org for example. 


Pretty distracting and disappointing experience. I can understand why some people with too sensitive eyes can get a headache or eye strain. There has been plenty of reports already. Samsung pretty much sacrified entire quality and crispiness of display to release this gimmicky privacy display feature with wide and narrow pixels that are primary cause of the personal issue I described. 


Before Samsung knights come here to defend or deny, just want to clarify this is my personal experience and your mileage may vary of course. 
My eyesight is perfectly fine and I don't suffer from 480hz PWM as well. 
Also as someone who used S23U, S25U and S24U for a bit, even with its grainy / mura infamous [display panel](https://www.reddit.com/r/GalaxyS24Ultra/s/wm4w7FxjnW) I'm pretty much sure S26 Ultra's display panel has probably the worst viewing experience and it's an absolute downgrade vs S25U.",galaxys26ultra,151,198,1773029672.0,https://www.reddit.com/gallery/1roqaxb
1rleqy8,S26 Ultra screen,"S26 Ultra screen The phone came today and after setting it up and turning it to QHD+ I noticed that the screen seemed off. It's like the text was clear but not clear at the same time. I don't think the viewing angles are that great because I notice the dots that make up the next rather than just reading the text and I think knowing that is getting to me

Photos attached of both phones with samsung antiglare protector

You can see that the first photo (S26U) has more noticeable pixels than the second photo (S25U)

Looking at the smaller text further emphasises this 

Both are great phones but it's quite a bit downgrade in screen quality for a feature that isn't important to me. Ofc this is my situation and my opinion. Just a post for everyone to learn something and discuss :)",galaxys26ultra,58,93,1772708544.0,https://www.reddit.com/gallery/1rleqy8
1rn9b1b,From a16 galaxy to the s26 ultra galaxy,From a16 galaxy to the s26 ultra galaxy Omg i have never had a s series samsung phone in my life. My s26 ultra arrived yesterday (i got the silver shadow color) and i am in love. Its honestly an amazing phone. What a purchase 🫶🫶,galaxys26ultra,236,52,1772888154.0,https://i.redd.it/eb19e4kpemng1.jpeg
1rsx4kq,"S26 Ultra is a great phone, but...","S26 Ultra is a great phone, but... I got my S26 Ultra to replace my S24 Ultra. My wife replaced her regular S24 too.

It's a great phone in many aspects. The screen is great, it's faster, battery life is much better, speakers are better, wifi and lte is faster and has better reception. Phone is more comfortable to hold and carry. But...

There is a big but and i think it might be a deal-breaker in the long run. And not just for me but for my wife also. 

The main culprit is minimum focusing distance of all cameras. It's just wild nobody talks about it. Samsung made it that there's almost no way to shoot close range objects any more. With any of the lenses.  Even the main one. 

You want to shoot something in the store ""for later"" like a price tag, you want to photograph some part of a document or something small or some detail - you struggle constantly with a focusing distance and often you end up with blurry image. 5x lens which i used constantly on my S24U to photograph close ups of things is just unsuable for this purpose on the new phone with it's 56 cm of minimal focusing distance. 

Is it just us or somebody else thinks the same?",galaxys26ultra,50,90,1773430113.0,https://www.reddit.com/r/galaxys26ultra/comments/1rsx4kq/s26_ultra_is_a_great_phone_but/
1ruy1qs,S26 Ultra screen - be honest,"S26 Ultra screen - be honest Those who've gotten the S26 Ultra, what's you're experience with the screen? I'm still waiting on mine. I have the 25 Ultra (that I won recently from a contest at work) that I'm currently using and I figured I'd trade it in since I didn't pay for this one, plus it's 256, I'd prefer 512. My 26 which is 512 GB and arriving tomorrow or the day after. I've seen the screen at the store and I do notice that there seems to be spaces in-between the pixels, making it appear less pixel dense, but not less sharp. It's the oddest thing. When navigating fast, it seems text and UI elements may slightly be unfocused. Reminds me of an older AMOLED screens like on my old Galaxy Nexus. But I'm ok with it if the colors and Saturation pop like the S25 do. I'm planning on trying out the 26 ultra and seeing if it bothers me enough. I've been using the s25 for a couple weeks and the screen on this thing amazes me. Even with a glass screen protector. It's like a HD sticker and I'm constantly impressed (coming from an s23 ultra that also had a great display). I hope I can adjust to the S26 display because the 25 has been phenomenal on that regard. What are your experiences? And also do any of the new features compensate for the screen if you find it to be worse quality?

  
\### Update: 

I received the phone and I'm playing around with it. Yes the screen is different. The best way I can describe it is that it has some elements of older amoled technology. Over the years Samsung amoled screens have made huge progress and become more sharp, despite the pentile matrix. The privacy display has made Samsung have to go back to a more similar look to those older panels in terms of the appearance of sharpness. The display feels less pixel dense, yet over sharpened at the same time. Text appears thibber. The sharpening on the display looks great at times in images, but not for all. And on white backgrounds with text, it becomes obvious what real detail is and what over sharpened compensation is. However it's not a terrible screen. Images for the most part look comparable and sometimes better (sometimes also over sharpened). This is mainly an issue with text and fine lines. I do believe the trade-off is worth it if you like the privacy display. However I'd rather have a bright and vivid display so I'm still deciding. I'm sure I will get used to it, but I also have to decide if this phone is worth is and whether I should just keep my s25 ultra.",galaxys26ultra,9,85,1773629999.0,https://www.reddit.com/r/galaxys26ultra/comments/1ruy1qs/s26_ultra_screen_be_honest/
1rrtcv7,Stepping into a new world — switched from iPhone 17 Pro Max to Galaxy S26 Ultra,"Stepping into a new world — switched from iPhone 17 Pro Max to Galaxy S26 Ultra Just received my Samsung Galaxy S26 Ultra! 

After many years of using iPhone, I finally decided to switch to Android and went with the S26 Ultra. Really excited to start using it and explore all the customization and features.

Before I fully set it up, I’d love some advice from the community:

	1.	Phone case recommendations – Looking for something protective but not too bulky.

	2.	Anti-reflective / anti-glare screen protector – Any good ones that work well with the fingerprint sensor?

	3.	First things to do – Any settings, apps, or tips I should set up first to get the best experience?

4.     Safest and fast way to transfer my data from iPhone to Galaxy. 

Would really appreciate your recommendations! Thanks in advance for any advices. 

Thank you for reading.",galaxys26ultra,150,44,1773328230.0,https://i.redd.it/r0s6q4s9rmog1.jpeg
1rntrg1,Charger - Confirmed list of Super fast 3.0 Chargers for s26 Ultra (Please add your links here),"Charger - Confirmed list of Super fast 3.0 Chargers for s26 Ultra (Please add your links here) I know we are all looking forward to fully charging the s26 ultra in 45 mins, but there are still plenty of questions on which charger will work for Super Fast 3.0

Here are some that I know will work, please add your links as well!!

* [Samsung 60w PD Charger (New official Charger)](https://www.bestbuy.com/product/samsung-60w-power-adapter-black/JJGRF39VQV)
* [Anker 140W Max 4-Port GaN USB C Charger (with wattage screen)](https://www.amazon.com/Anker-Multi-Device-Charging-Advanced-Intuitive/dp/B0DFCFTNXM/?_encoding=UTF8&pd_rd_w=J2jMh&content-id=amzn1.sym.4efc43db-939e-4a80-abaf-50c6a6b8c631%3Aamzn1.symc.5a16118f-86f0-44cd-8e3e-6c5f82df43d0&pf_rd_p=4efc43db-939e-4a80-abaf-50c6a6b8c631&pf_rd_r=7RV6R6RD3P686J9RX1V2&pd_rd_wg=whgns&pd_rd_r=6cc09231-d51f-4a29-af10-abe6d966f0ef&th=1)
* [UGREEN Nexode 100W GaN USB C Charger](https://www.amazon.com/UGREEN-100W-USB-Multiport-Charger/dp/B091Z6JNX4/?_encoding=UTF8&pd_rd_w=J2jMh&content-id=amzn1.sym.4efc43db-939e-4a80-abaf-50c6a6b8c631%3Aamzn1.symc.5a16118f-86f0-44cd-8e3e-6c5f82df43d0&pf_rd_p=4efc43db-939e-4a80-abaf-50c6a6b8c631&pf_rd_r=7RV6R6RD3P686J9RX1V2&pd_rd_wg=whgns&pd_rd_r=6cc09231-d51f-4a29-af10-abe6d966f0ef)",galaxys26ultra,26,65,1772939819.0,https://www.reddit.com/r/galaxys26ultra/comments/1rntrg1/charger_confirmed_list_of_super_fast_30_chargers/
1rs3e1j,returning the s26 ultra. Here is why it did not work out for me.,"returning the s26 ultra. Here is why it did not work out for me. I know most of you asked for my opinion /s. Here is my 2cents.

 Generally speaking, I use a 16pro max as my personal phone and s25 ultra as my work phone. I really like my s25ultra. FTR, with respect to my personal phone, I alternate every few years btwn apple and android, bc I get bored with apple. 

 My first pre-order was returned as it kept saying it was not playstore certified. Since the pre-order window was closing I quickly purchased another, but this time decided to save a few $$$ and trade in my s25 ultra. My second S26 ultra was sent next day shipping so kudos to Samsung on that. Excited that it was in hand as brushing off most of these comments, I set up the s26 ultra. a few thing of note

1. In my very lay opinion and having both the s25U and s26U side by side, I think the display (non privacy mode) is a bit sharper on the s26ultra. Don't ask me why. 

2. The camera in the S26 ultra is better based on my eye test. I don't take photos on my work phone so whatever to that. 

3. Snappiness? IDK maybe. probably, but it was not enough to trade in my s25 ultra.  

4. I mainly purchased the s26U for the privacy display. I am a private guy, but was pretty let down with it. I thought the regular privacy mode would be more effective and when you go max, the screen does change. It is not a big deal as I think most will use it for select purposes, but as someone who uses privacy glass, I was not a fan. No eye strain FYI. 

5. The true killer for me is that the phone is not flush on a table. Like nowhere near close. I text on tables all the time and the flopping around while trying to text is honestly just painful to me. It is less with a case, but I personally despised it regardless. It was actually the first thing I did with the phone as I responded to an email and knew right away that I cannot use this phone. I actually cannot believe this was the design they went with and they actually thought, yea this is good.  It is true that neither the s25U nor 16pm are entirely flush, but they are much better. I could also see myself out and about and place it somewhere in which I am used to the phone staying up, but with the the S26 U I am concerned it will fall in some of the exact same placements.  

I really wanted to love it. Pumped for everyone who is enjoying their new S26U, but for this guy, it just was not meant to be. Until next time. Thanks.",galaxys26ultra,0,67,1773349879.0,https://www.reddit.com/r/galaxys26ultra/comments/1rs3e1j/returning_the_s26_ultra_here_is_why_it_did_not/
1royenw,Initial impressions of the s26 ultra,"Initial impressions of the s26 ultra Fyi, I've come over from the s25 ultra since I got a good trade in deal so these are my opinions after using an s25 ultra for little over a year.

Look and feel:
I went for the sky blue version, which looks very, very nice. In certain lighting conditions, it looks silver, and in others it looks almost whitish, but the cool blue tone is very...cool. I'm glad I cancelled my original order for the silver (which in itself is a very classy look) because I feel the blue has more character and stands out more.

The device in itself is very light and it does feel more comfortable to hold than the s25 ultra. I think this is partly due to the more rounded corners (although tbh, I prefer the look of the slightly less rounded corner of the s25 ultra) and the slightly rounded side rails as well. On the s25 ultra, the front of the side rail is perfectly flat and not rounded off so it always felt a little sharp. I also like the look of the camera design of the s26 ultra personally but aside from the camera island/bump, it's effectively the same design. I only wish they had more outrageous colours like bright red or the wonderful aurora glow of the note 10 was it? 

Now something to note, Samsung did move away from titanium sides to aluminium so it does make me vigilant in how I plug in the usb charger making sure it doesn't slide/scratch against the rail. I didn't have this worry with my s25 ultra (especially at night time when I kept fumbling around trying to plug it in) so do bear that in mind. I recommend getting a case that covers all sides for those that have butter fingers (like me).

The only other design change is the spen. It's been moved even further to the corner (foreshadowing something?) and now it means you can't place the spen in any way you want, can only be one way because of the shape of the button (one end is more rounded than the other). It still have the same functionality as the s25 ultra (no Bluetooth and let's be honest, it's never coming back). To me personally, I'm not someone that uses the spen often, but when I do, it's nice to have. I use Samsung for their software and hardware (although that is less and less of a reason each year now). 

Overall, I'm happy, there's nothing about it that is offense but I did wish they kept the titanium. I can't imagine the rails would have such a great impact on heat dissipation compared to the whole front and back glass. 

Performance:
When setting the phone up, usually the phones get quite warm to the touch (as it did with my s24 and s25 ultra) but the s26 ultra remained quite cool, so that was a pleasant suprise.

The UI is very smooth and buttery. It does in part feel a little smoother than the s25 ultra but I'm not going to say that's because of the chipset used (Snapdragon 8 elite gen 5) but more to do with one UI 8.5. There's more fluidity for instance when adjusting the size of widgets (feels more smooth), animations are a little nicer I feel and there are more interactive animations here and there such as when swiping away notifications (similar to the pixel). All of this will come to the s25 ultra so I do feel that phone will feel smoother as well. I've not yet played any games yet since I have a lot to install but I will be doing some comparisons to see how it performs compared to the s25 ultra especially in the heat.

Privacy display:
This is a very cool feature. You guys can look up how this all works but tldr, Samsung split the pixels into two sets, one set which are able to output light at a wide angle and another set (narrow pixels) which outputs light at a much shorter angler. When the privacy display is on, all the wide pixels are turned off. So the narrow pixels are left on and because the light from these pixels are effectly much closely directed at the person viewing the display, people next to you will not be able to see it (or at very least make it harder for them to pry onto your display). 

Now when you turn it on, as you tilt your phone side to side and up and down, you'll see a noticeable shift in brightness but when viewed straight ahead, looks perfectly fine. The best way to describe it is it looks almost like the whole display goes down to the lowest brightness as soon as you tilt it. But temper your expectations, when it's turned on, the display doesn't turn black when you tilt the phone like it's shown on reviews in YouTube. I don't think the camera picks it up well. The display is still visible but barely. The person next to you will have to be very close and look over your shoulder to see it properly so it does work, but it doesn't turn it black completely, just wanted to point that out. Now, the display does become a little dimmer but I'll be honest, to me at least, it's not that noticeable, not unless you turn it on and off again and again. If you have simply set it up to only turn on in certain apps, honestly, you won't be able to tell it's on. However, the drop in brightness is still there (you'd expect it ofc, half the pixels are off). And because half the pixels are off, the resolution will be lower as well but to my eyes at least, I can't see this loss of quality from a normal distance of viewing the display.

There is another toggle within the privacy display called maximum privacy protection. Just like it states, if you want that maximum privacy life, turn this on. No one, and I mean no one, can see it now. But, it does come with a caveat - the display becomes noticeably worse (screenshot doesn't show this unfortunately). It becomes worse in the sense that there severe drop in contrast. It's like there's this light blue haze filter applied on the display. But, it does allow maximum protection so it's there if you want it. I don't exactly know how it works (I think th wide pixels are turned on but emit like a white light or something to that effect). 

Ultimately, the best way to use this feature is to set it up on a per app basis. So I've set it up when I open my banking apps, messages, social media apps, contacts etc, the privacy display turns on (maximum turned off). So you get the benefit of using the feature whilst ensuring when you don't need it, you get that beautiful display to look at like when watching YouTube (more on this later). 

Overall, don't upgrade for this purpose alone, it's not worth it. It's a quality of life upgrade for sure, however, if (like me) you don't and have never used a privacy protector, this might not seem useful (but it's great to have I'll be honest, especially when travelling and the peace of mind it offers).

Overall display:
Beautiful. Now yes it's not a 10 bit display but it's still an improvement over the s25 ultra in terms of banding. Side by side, when it's visible in the s25 ultra, it's no longer on the s26 ultra so I'm very happy with this (bugged me a lot on the s25). In terms of brightness they look the same to me however, I will need more time to say for sure (which unfortunately I won't have since I need to give the s25 ultra away for trade in). However, in general, the colours looks about the same (maybe the s25 ultra is more saturated whilst the s26 ultra is more natural? But there's hardly anything to it). To me, I love both displays but the banding issue being solved, that alone makes me prefer the s26 ultra. Again, not worth upgrading for this reason alone. 

Now regarding the anti-reflective screen. I do think it's a little worse than the s25 ultra when off but when the display is turned on, there's not much difference...but it is there...the s25 ultra is better. Now me, I put a glass screen protector on my s25 ultra so this property was wasted on me. I bought a new ESR anti-reflective screen protector to see if this would help (I didn't want a matte one due to the degredation of screen quality) and it's actually pretty good. In fact I think it's as good as stock of the s26 ultra which btw, is still better than the iPhone and any other display out there that doesn't have anti reflective coating...but not AS GOOD AS the s25 or even the s24 ultra I'd say. Now if you're like me this is wasted because you apply a glossy screen protector so I'd recommend looking at anti reflective screen protector which keeps that glossy aspect so the clarity of the display is retained but it helps reflect light better so easier to view outdoors - but a matte protector will still be better at this, just bare in mind you're losing display quality for that better visibility outdoors.

Cameras: 
I do need more time with these two and I highly recommend checking out dedicated videos for the cameras, but comparing it to the s25 ultra...honestly, I can't tell much a difference. In low light I think there's a little less noise now in the s26 ultra but again, not highly noticeable. At this point, all I wish Samsung does now I provide a 50MP 3x telephoto lens. Honestly, when changing lens (zooming in or out) when going between 3-4.9x (which uses that dedicated 3x telephoto lens) the difference is night and day. All the other lens looks great in both photos and videos, but tap between those ranges and it's like it's had a brain freeze. The rest of the cameras, like the s25 ultra are great overall, it's only that 3x that really disappoints and annoys me. But if you've been happy with the s25 ultra, you'll be happy here as well with marginal difference in colour tuning and overall quality. Again, highly recommend watching dedicated videos for this since I'm not a professional camera person and I don't want to skew opinions because of my lack of knowledge in this category. 

In terms of specs, the only change this year is they've increased the aperture size of the main and 5x telephoto allowing more light in (someone explained this as like curtains of a window, they've opened the curtains more allowing more light into the sensor...but the sensor is still the same so. The sensor size is more important than the aperture however, at least this year they did something. I just wished it was the 3x. 

Fyi, regarding the 3x telephoto. There is news circulating around stating the size of the sensor is smaller than the s25 ultra's 3x telephoto. However, after listening to many videos on this and reading up articles, it seems what Samsung have done is use a higher MP sensor (12MP one in fact) with a larger sensor size, however, they've cropped into this sensor to output a 10MP image, and the size of the cropped sensor comparative to the s25 ultra's 10MP sensor is smaller. Take that for what you will (I don't know if this is completely true as well but I've seen clips from YouTube reviewers saying this is what Samsung execs said to them). Then again, Samsung themselves got their display information wrong so this could be wrong too, who knows.

Again, I'm happy with these (aside from the 3x). Oh, and the selfie camera has actually gotten quite a bit better compared to previous gen. 

Software: 
AI AI AI AI AI.... And AGENTIC AI - whatever the hell that means. I'm going to skip past all this nonsense and just talk about things that matter to me. If you'd like more detail about some of the AI stuff on the phone, message me...or search it up!
Overall, I love One UI 8.5; it's not a massive leap above one UI 8, but everything feels smooth and there's less lag in areas where there used to be e.g. turn your phone landscape, go to your home page (ensure you have turn home screen landscape feature turned on), long press on and empty area to bring up with home screen menu...notice that lag in the animation?...not on one UI 8.5 anymore. The animations feel and look better imo, in fact I had to use custom app opening on my s25 ultra because I didn't like the way icons sort of enlarged before opening (it's still here to some effect but not as drastic; under home up, gensurre animtimation, app opening animation, I changed the start progress bound of the icon alpha to zero - screenshot attached). 

I have to use the phone more (only been a few days now) to really see any difference in the software but almost all the features on this device will be coming to the s25 ultra so don't worry. 

Other useful info:
The speakers...they're much better! It sounds fuller and richer with deeper bass. I used a custom EQ with my s25 ultra, and having applied the same one here...wow! That and turn Dolby atom to music to get that proper 3d effect (and this 3d effect is far more noticeable than on the s25 ultra). This genuinely sounds great. Attached screenshot of this for those that want to give it a go. 

Haptics are a little better I want to say but could be a placebo affect... But I'll take it.

I'm disappointed that for the price you're paying, Samsung don't even provide braided charging cable.

Battery:
Charging speed increase is a great welcome, I can top my phone up from 5% to 100 in about 50ish mins. Not as good as some of its rivals but an improvement nonetheless. 
My phone says it'll get 1d battery life...which is better than I got from my s25 ultra. That being said, my s25 ultra gave me that in the beginning few months and overtime it went down tomabout 18hrs. Let's see how this holds up in the long run. 

Aaaand I can't think of anything else to say. 

So overall, should you get this if you trade in your s25 ultra or s24 ultra...no. Not unless you are someone that upgrades every year and wants to have the latest and greatest from Samsung, and/or you get a great trade in deal.  Otherwise, don't bother. 
23 Ultra....maybe. It's still a great smartphone so I would recommend using it till it's last dying breath i.e. till it runs out of software support or if it's battery life has degraded to such an extent you have to upgrade. 
Anything before, sure go ahead, the improvements will be quite big from chipset to cameras to software etc. 
However....I highly recommend that you also consider other smartphones such as the Vivo, Oppo, Xiaomi, OnePlus, Pixel if you want better cameras (maybe not so much on the OnePlus? But definitely the others), battery life, experience a different software and UI. If you're a gamer, all these phones including Samsung will be great (just need to test out of it heats up a lot). The only outlier will be the pixel, not so great on that front. If you're an apple user, you know what to do. Me personally, I'm going to such with Samsung. I get good trade in deals, I like their hardware (design and build of the phone not of the cameras, just wanted to clarify), I prefer their software due to its plethora of customisation and their long software support. So there you go.

Sorry for it being this long but I thought it'd be good to give some feedback for those that are thinking of buying the device. 

Any questions let me know and I'll help out if I can.",galaxys26ultra,33,50,1773057936.0,https://www.reddit.com/gallery/1royenw
1rw8fxu,S26 Ultra Opinon gate,"S26 Ultra Opinon gate One thing I learn from all of these subredit posts about S26 Ultra, is that the only person's opinion on such a device that matters is ""YOU"".  EVERYONE HAVE THEIR OWN SUBJECTED OPINIONS.  The main thing is I've seen people complaining about almost anything about the S26 ultra and from my personal experience since I got mine I don't see what the others are talking about which then can alter someone's choice in buying the phone.  Some complain about speaker, display, camera, build, screen qualities expecting the device to be the most perfect device ever.  And that right there is the problem.   I mean you have people pixel peaking to the microscopic levels and I'm like who the hell going to do that in the real world.  I get that the privacy screen has its flaws however it's the first generation.

People complained about how Samsung gotten stale with innovation (for the base models I agree ...same cameras since s22 is ridiculous)  however with the ultra the moment Samsung introduced new tech on the S26 ultra and instead of praising the bold move people are looking for all the flaws and complain about it.  People out there saying the viewing angles suck, the privacy screen hurts my eyes and so on, not knowing thats what the privacy screen supposed to do, it's not meant for 24/7 use.

Then I also see people complaining about battery life and when you look at the most apps used it's literally 2-3+ hrs on IG and or tik tok.  Like what do they expect when you're doom scrolling on a screen that's probably at max brightness.

All I get from all of this is that people will never be happy.  For me the S26 Ultra has been the best phone I've own to date and I'm very happy with it.  

Just enjoy your new phone lol",galaxys26ultra,55,42,1773758508.0,https://www.reddit.com/r/galaxys26ultra/comments/1rw8fxu/s26_ultra_opinon_gate/
1rrvop3,Am I crazy or is the S26 Ultra display heavily over-sharpened?,"Am I crazy or is the S26 Ultra display heavily over-sharpened? TL;DR: My S26 Ultra display looks like it has forced artificial sharpening applied to text, icons, and UI edges. I’m not talking about color/brightness settings. I’ve already tested QHD+/FHD+, vivid/natural, adaptive brightness, adaptive color tone, and eye comfort shield. Side by side, my S23 Ultra and S25 Ultra look much more natural and comfortable. ***I’m trying to find other S26 Ultra users seeing the same thing, especially anyone who compared it with older Ultra models.*** Read the full post for more context.


I’m posting this to find other people using the S26 Ultra who are noticing the same thing, especially people who can compare it directly with older Ultra models.

What I’m talking about is not color, saturation, vivid vs natural mode, adaptive brightness, adaptive color tone, eye comfort shield, etc.

What I’m seeing is what looks like artificial sharpening being applied across the display output.

On my S26 Ultra, text looks way too processed. Not crisp in a natural high-res way, but harsh, edge-enhanced, almost “deep fried.” And it’s not just text either. I can also see it on icons, UI elements, fine lines, and edges in general. There’s a kind of forced sharpness/outline effect that makes the screen look less natural than older Samsung QHD phones.

I’ve already tested the obvious stuff extensively:

QHD+ resolution enabled (also tested with FHD+)

Natural and Vivid mode

Adaptive Color Tone on/off

Adaptive Brightness on/off

Eye Comfort Shield on/off

Low and high brightness


None of that fixes it.

So for me, this is clearly not a color-mode issue or some simple settings issue.

I’ve also compared it side by side with the S23 Ultra and S25 Ultra. Those screens look like what I expect from Samsung QHD displays: clean, natural, soft-clear, easy to read, no weird edge enhancement. The S26 Ultra, by comparison, looks like something in the display pipeline is artificially sharpening everything.

And to be clear: yes, I know a lot of people are talking about the privacy display, mesh effect, moiré, pixel structure, whatever. I’m aware of all that.

But what I’m describing feels separate from that.

Even if the privacy display hardware introduces its own visual quirks, there still seems to be an additional software sharpening / edge enhancement effect going on. That’s the part I’m focused on, because that seems like the kind of thing Samsung could potentially tone down or patch.

If text and UI look unnaturally sharpened the whole time, it creates real eye strain. For me, that’s becoming a serious usability issue.

And I’m not making this post just to trash the phone. I’m making it because I actually want to keep using it and not return it. In all other ways, the S26 Ultra is an excellent device and I’m loving everything else about it. That’s what makes this so frustrating.

At this point, this issue is honestly big enough that I’m considering returning the phone, which is a shame, because if Samsung reduced this aggressive sharpening in software, I would have no other issues with this device.

I’m mainly posting to find other people who are noticing this, especially people who can compare it directly with older Ultra models.

If you’re seeing this too, it would help if you mention:

whether text looks unnaturally sharpened/processed to you

whether you compared it side by side with an older Ultra phone

whether it causes eye strain or reading discomfort


Please keep replies focused on text clarity / UI edge enhancement / display sharpening, not just general color preferences or “mine looks fine.” I’m specifically trying to figure out how many people are seeing this same issue.

If enough of us are noticing the same thing, I really think Samsung needs to either:

reduce the sharpening in software, or give us a toggle to disable it

Because right now, instead of looking like a natural high-resolution flagship display, mine looks like an FHD screen with forced sharpening applied over the whole interface, like a TV or monitor with edge enhancement turned up.",galaxys26ultra,6,45,1773333351.0,https://www.reddit.com/r/galaxys26ultra/comments/1rrvop3/am_i_crazy_or_is_the_s26_ultra_display_heavily/
1rumdgs,What is your favorite thing/new feature about the S26 Ultra?,"What is your favorite thing/new feature about the S26 Ultra? I like the Privacy Display, especially when using public transportation or being out in public but i had the S24 Ultra in 2024 and I sold it about a year ago and before I got the S26 Ultra last Tuesday I was just using a cheap Motorola phone and honestly i love how smooth this phone is and how well it runs. I love the magnetic charging ability, I got a magnetic charger when I pre-ordered the phone using the credit Samsung gave (i ordered it directly from them) and it works great and I love getting that free credit (this is the first time I've pre-orded anything lol) and it feels really light and I love it. I think it was well worth the money, what does everyone else think?",galaxys26ultra,26,37,1773600966.0,https://www.reddit.com/r/galaxys26ultra/comments/1rumdgs/what_is_your_favorite_thingnew_feature_about_the/
1rsq14j,"S26 Ultra screen colors look ""washed out"" and ""muddy"" - Vividness slider does nothing","S26 Ultra screen colors look ""washed out"" and ""muddy"" - Vividness slider does nothing Hi everyone,
I recently got the S26 Ultra and I’m having a hard time with the display. The colors, especially in dark mode, look ""dirty"" and ""washed out."" For example, a bright orange on a website turns into a dull, muddy dark red when I switch to dark mode.
Here is what I’ve already tried:
Set the display to Vivid Mode.
Went into Advanced Settings and pushed the Vividness (Intensity) slider to the max.
Adjusted the RGB white balance.
Turned off ""Eye Comfort Shield"" and any accessibility filters.
Restarted the phone multiple times.
Despite all this, I see zero difference in color saturation. On top of that, the contrast feels weirdly high/aggressive in some areas, which is actually giving me eye strain (eye pain).
Is my unit defective, or is this the ""new normal"" for Samsung’s anti-reflective glass? Has anyone found a real fix or a way to get back those punchy Samsung colors?
Thanks for your help!",galaxys26ultra,0,41,1773414820.0,https://www.reddit.com/gallery/1rsq14j
1rmhbkb,People who pre ordered s26 ultra from Best Buy,"People who pre ordered s26 ultra from Best Buy Anyone update on Best Buy yet? I pre ordered s26 ultra from Best Buy on Feb 28th and it still say “I’ll let you know when it’s ready” it’s been 6 days now I live in Dallas , Texas 🙄 I don’t understand how people got updates and notifications from Samsung , Verizon, AT&T etc but Best Buy",galaxys26ultra,8,35,1772811591.0,https://www.reddit.com/r/galaxys26ultra/comments/1rmhbkb/people_who_pre_ordered_s26_ultra_from_best_buy/
1rnbq3v,People who pre ordered s26 ultra from Best Buy check ur app,People who pre ordered s26 ultra from Best Buy check ur app Finally it went from “pre ordered” to “preparing for pick up on Wednesday”   I gotta wait for 4 days ☠️,galaxys26ultra,9,32,1772894749.0,https://i.redd.it/owmddvkbymng1.jpeg
1rjs10b,"I compiled all the Galaxy S26 Ultra deals and trade-in promos so you don't have to (Samsung, Best Buy, Carriers)","I compiled all the Galaxy S26 Ultra deals and trade-in promos so you don't have to (Samsung, Best Buy, Carriers) I spent some time digging through the fine print across the major retailers and carriers to put together this cheat sheet. Hopefully, this saves you some headaches and helps you get the absolute most value for your money.

| Retailer | Storage | Promotions & Terms | Max Trade-in | Net Price (w/ max trade-in) | Ends | Deal Link |
| :--- | :--- | :--- | :--- | :--- | :--- | :--- |
| Samsung.com | 256GB | $150 off + PAYPAL50 code (-$50) | Up to $900 | $399.99 | 10-Mar-26 | [Samsung Direct](https://howl.link/2a7wc2qo2sd43) |
| Samsung.com | 512GB | (512GB) | Up to $900 | $599.99 | 10-Mar-26 | [Samsung Direct](https://howl.link/2a7wc2qo2sd43) |
| Samsung.com | 1TB | No extra promo | Up to $900 | $899.99 | 10-Mar-26 | [Samsung Direct](https://howl.link/2a7wc2qo2sd43) |
| Amazon | 256GB → 512GB | Free storage upgrade • $200 Amazon Gift Card | N/A | $1,099.99 (effective) | 11-Mar-26 | [Amazon Deal](https://www.amazon.com/Samsung-Unlocked-Smartphone-Charging-Warranty/dp/B0GGTMJTN1?dib=eyJ2IjoiMSJ9.dmpAJBmc0kdQ-0UZY3qSO6a_Gk1hGAazYLtTRSZ81mjkPftfapBYgR3DQSYrvvDnPrU9Wk-ajkTu-1OGBCqRjdwIN0l6xE35zHZde0jNU2VGJSz_xo-H5hEqueLhXgYzjKcRoPPoV1rStrux3OquVMDoI5w9cvjTMHsgVj9nU3MARtD5NRV0jI4aNjGioU_oXnvtXMlht803Tp98wiDTrKlp2VUq2gfD-w8sLD0E28U.5xRL4Y1j04-Ze4pW2Ramx3yExynF_LmrkZjIqINL9XU&dib_tag=se&keywords=samsung%2Bgalaxy%2Bs26%2Bultra&qid=1772548691&sr=8-1&th=1&linkCode=ll2&tag=amazonaudiblepromo-20&linkId=021622e5b6d03772fee47d7d8b6fe8ad&language=en_US&ref_=as_li_ss_tl) |
| Best Buy | 256GB → 512GB | Free storage upgrade to 512GB | Up to $1,100 | $199.99 | 11-Mar-26 | [Best Buy Deal](https://www.bestbuy.com/site/samsung-galaxy-s-series/samsung-galaxy-s26-ultra/pcmcat1770065205957.c) |
| AT&T | 256GB | FREE phone with eligible trade-in • Requires unlimited plan ($75.99+/mo) | Up to $1,300 credits | $0.00 + tax upfront | Limited time | [AT&T Deal](https://mavely.app.link/xH0CS5q1c1b) |
| Verizon | 256GB | FREE with new line • Requires Unlimited Ultimate plan | Up to $1,000 | $0.00 (36 mo credits) | Limited time | [Verizon Deal](https://mavely.app.link/os2dGSr1c1b) |
| T-Mobile | 256GB | ""On Us"" (FREE with trade-in) • Requires Experience Beyond plan | Up to $1,299.99 | $0.00 (24 mo credits) | Limited time | [T-Mobile Deal](https://www.t-mobile.com/cell-phone/samsung-galaxy-s26-ultra) |
| Xfinity Mobile | 1TB | $300 off 1TB; $200 off 512GB • Requires Xfinity Mobile service | N/A | $1,499.99 | 10-Mar-26 | [Xfinity Deal](https://www.xfinity.com/mobile/learn/samsung) |

Pro tip: always check cashback portals like [Rakuten](https://www.rakuten.com/) or [TopCashback](https://www.topcashback.com/) before checking out, as they frequently offer double-digit cash back at Samsung or Best Buy during major promo windows.

Also, make sure to put the final balance on a credit card that gives you extended warranty protection or solid points, like the [Chase Sapphire Preferred](https://creditcards.chase.com/rewards-credit-cards/sapphire/preferred), [US Bank Cash+](https://www.usbank.com/credit-cards/cash-plus-visa-signature-credit-card.html), or a reliable flat 2 percent card like the [Citi Double Cash](https://www.citi.com/credit-cards/citi-double-cash-credit-card).

TL;DR: If you want an unlocked phone without being tied to a carrier plan for 3 years, Best Buy or Samsung direct are your best bets if you have a high-value trade-in. If you don't have a trade-in, Amazon's $200 gift card promo is probably the most practical. 

Let me know if I missed any hidden deals or if any of these promos change, and I'll update the table!",galaxys26ultra,20,30,1772551155.0,https://www.reddit.com/gallery/1rjs10b
1rpoeb7,S26 Ultra camera ranking by DXOMark,"S26 Ultra camera ranking by DXOMark The S26 Ultra debuts at **Rank 18** with 157 points in DXOMARK’s phone camera ranking. It ranked 17 in photo and 21 in Video.

[Latest DXOMark Ranking](https://preview.redd.it/cwxy8yv8f5og1.png?width=2204&format=png&auto=webp&s=2ba06e786e1f76e7e881f568ee479963acb42d5e)

A top‑20 ranking is considered very good. However, the S26 Ultra is the lowest‑ranked ultra‑premium phone launched in the past year and only at par with Apple's 2024 flagship! For context, Apple’s iPhone 17 Pro is ranked 3rd with 168 points.

Here’s a list of previous Ultra models’ debut rankings:

* **S25 Ultra** – Rank 25 with 146 points (re‑test: ranked 29 with 151 points)
* **S24 Ultra** – Rank 18 with 144 points
* **S23 Ultra** – Rank 11 with 140 points
* **S22 Ultra** – Rank 6 with 131 points (Exynos) and Rank 5 with 135 points (Snapdragon)
* **S21 Ultra** – Rank 12 with 117 points (evaluated much later than it's release)

**S22 Ultra was the last great Samsung with a great camera for its time.**",galaxys26ultra,13,28,1773120450.0,https://www.reddit.com/r/galaxys26ultra/comments/1rpoeb7/s26_ultra_camera_ranking_by_dxomark/
1rluxdz,S26 Ultra has arrived!,"S26 Ultra has arrived! Canada! 
Silver Shadow 512GB

Haven't fired it up yet. Excited! Will give an update once setup",galaxys26ultra,60,20,1772747495.0,https://www.reddit.com/gallery/1rluxdz
1rud9id,Switched from iPhone to Samsung Galaxy S26 Ultra,"Switched from iPhone to Samsung Galaxy S26 Ultra I’ve been using iPhones since the iPhone 6 up to the iPhone 13. Recently, I decided to switch and got a Samsung Galaxy S26 Ultra.

Since this is my first time using a Samsung/Android phone in years, I was wondering if there are any tips, settings, or features that I should know about to get the most out of it.",galaxys26ultra,62,17,1773579118.0,https://i.redd.it/fo1axqnah7pg1.jpeg
1rqbn1w,Samsung Galaxy S26 Ultra Screen,Samsung Galaxy S26 Ultra Screen Is it just me or the screen on the s26u is way worse than the s25u? I feel like th3 quality is bad and i dont have the privacy screen on and i turned it on to qhd+,galaxys26ultra,0,25,1773181558.0,https://www.reddit.com/r/galaxys26ultra/comments/1rqbn1w/samsung_galaxy_s26_ultra_screen/
1rx0zxp,Galaxy S26 Ultra - Frame paint/coating chipping after just 2 weeks (no drops),"Galaxy S26 Ultra - Frame paint/coating chipping after just 2 weeks (no drops) Bought the new Galaxy S26 Ultra (Cobalt violet) at launch. Been super careful with it - always in a clear case, no drops, no rough use at all.

Today I noticed this paint/coating chipping/ peeling right on the lower frame near the speaker grill. Looks like the colour layer is coming off.

Attached close-up photos from both angles.

Has anyone else seen this issue on their S26 Ultra?

Is this normal or a manufacturing defect? Should I just take it to the Samsung service centre for warranty replacement?

Would really appreciate any advice or similar experiences!

Thanks in advance!",galaxys26ultra,1,20,1773832414.0,https://www.reddit.com/gallery/1rx0zxp
1rj28ts,Samsung s26u vs Oppo find 9 x pro vs Xiaomi 17 ultra,"Samsung s26u vs Oppo find 9 x pro vs Xiaomi 17 ultra ciao a tutti!!

 Consiglio per acquisto longevo (almeno 5 anni): Samsung S26 Ultra, Xiaomi 17 Ultra o Oppo Find X9 Pro? Provengo da un S20 FE e cerco uno shutter lag minimo per foto ai bambini e un'autonomia solida.

​È fondamentale l'integrazione con l’ecosistema Google e un’esperienza ottimizzata per l’uso intensivo di IA, in particolare Gemini e Claude. Samsung offre 7 anni di supporto, ma l’hardware di Xiaomi e Oppo sembra superiore a parità di prezzo. 

Ha senso passare alla concorrenza?

consigli?",galaxys26ultra,1,22,1772479069.0,https://www.reddit.com/r/galaxys26ultra/comments/1rj28ts/samsung_s26u_vs_oppo_find_9_x_pro_vs_xiaomi_17/
1rtrd0d,"S26 Ultra Ghost case is not Qi2 25W compatible, I'm getting only 15w wireless with this case","S26 Ultra Ghost case is not Qi2 25W compatible, I'm getting only 15w wireless with this case I also have official Samsung S26 Ultra cases and I am getting full Qi2 25W ""super fast wireless charging"" speeds, but with the dbrand Ghost case, I am getting only 15W wireless ""fast wireless charging""

I am returning the case. I am very disappointed with dbrand.",galaxys26ultra,12,17,1773513950.0,https://i.redd.it/gugj98rh32pg1.jpeg
1rm23bb,S26 Ultra powerbank options - Camera bump edition,"S26 Ultra powerbank options - Camera bump edition So they designed the S26Ultra so that the magsafe cases clash with the camera bump...
https://i.redd.it/uim3ta35q9hg1.jpeg

So most magsafe powerbanks wont snap on properly...

Enter in the fix from samsung:
https://www.samsung.com/au/mobile-accessories/magnet-wireless-battery-pack-gray-eb-u2500xjegww/

But I havent seen this on sale *anywhere*...
Has anyone else seen this up for sale anywhere?

Is there a third party solution that doesnt require a phat phone case that makes the rest of the case flat and at the same thickness as the protruding camera bump?",galaxys26ultra,1,20,1772765366.0,https://www.reddit.com/r/galaxys26ultra/comments/1rm23bb/s26_ultra_powerbank_options_camera_bump_edition/
1rjy1ti,S26 Ultra (512GB) on Google Fi – Real Math Breakdown,"S26 Ultra (512GB) on Google Fi – Real Math Breakdown After seeing the post for Verizon, Best Buy, Samsung, i figure i'd show one for GoogleFi:

Just locked in the S26 Ultra on Google Fi. Sharing the actual numbers because the promo structure is a little different than carrier bill credits.

# Device Price

* MSRP: $1,299.99
* Google Fi instant promo: –$650
* Tax: $58.42
* **Total paid today: $708.41**

# Trade-In (S24 Ultra 512GB)

* Trade-in credit: $310
* Effective net cost after trade-in: **$398.41**



# Promo Requirements

* Must activate within 30 days
* Must stay on **Unlimited Premium or Flexible**
* Must remain active for **120 days**
* If you cancel before 120 days → $650 discount is charged back

So this is NOT a 36-month bill credit.  
It’s essentially a **4-month commitment window.**



# Why This Is Different From Carrier Deals

Carrier promos:

* $1,000–$1,300 “trade-in”
* Spread over 36 months
* Lose credits if you upgrade early
* Requires premium plan the entire time

Google Fi:

* $650 instant discount
* Only 120-day requirement
* No 3-year lock
* You own the device outright

Since we upgrade yearly and stay on Fi anyway, this structure works way better for us.

# Bottom Line

After trade-in, we’re into a brand-new S26 Ultra 512GB for about **$400 effective cost**.

No 36-month leash.  
No activation fees.  
No forced plan upgrade (we’re already on Unlimited Premium).

For anyone already on Fi and planning to stay at least 4 months, this is a very clean deal.",galaxys26ultra,6,17,1772564333.0,https://www.reddit.com/r/galaxys26ultra/comments/1rjy1ti/s26_ultra_512gb_on_google_fi_real_math_breakdown/
1rw8mne,How to download Samsung on the Samsung s26?,How to download Samsung on the Samsung s26? I don't have the Samsung S26 ultra just the s26. I've used Samsung messages for years. But I can't find it in the galaxy store.  Does anyone here know how to get Samsung messages on the S26 series?,galaxys26ultra,0,15,1773758918.0,https://www.reddit.com/r/galaxys26ultra/comments/1rw8mne/how_to_download_samsung_on_the_samsung_s26/
1rr7c6s,Sky Blue S26 Ultra and Ultra Watch Obtained!,"Sky Blue S26 Ultra and Ultra Watch Obtained! The screen is bright and amazing and....I understand what people are talking about with the screen though. To me its like I am almost looking at text that is part of a hologram or something 🤣.

I am going to mess around with the settings a lot more..but it is still finishing setting up. Has anyone figured anything out with their own? This is my first Ultra and really getting into setting it up more than a few things here and there.",galaxys26ultra,30,12,1773265143.0,https://i.redd.it/gr8wd4jojhog1.jpeg
1rbujcb,"This guy is leaking EVERYTHING from the S26 Ultra right now, wtf Samsung?","This guy is leaking EVERYTHING from the S26 Ultra right now, wtf Samsung?",galaxys26ultra,0,15,1771787423.0,https://x.com/karoulsahil/status/2025645326426898636?s%3D12%26t%3D8bLEw07fhyEufA7GXFZGHQ
1ru6lsw,S26 ultra in silver shadow,"S26 ultra in silver shadow Upgraded from S25 Ultra. It's comfortable to hold the S26 Ultra, but I liked the square corners on the S25 Ultra, though it's an okay trade-off. Other than some of the new features, it's all similar to the S25 Ultra. The only reason I got this was because my S25U was repaired when I had a camera motor issue. The factory finish was ruined because of this.
This will be my last upgrade for years to come.
Will only go for upgrade if samsung brings square corners with Bluetooth s pen.
But seeing the quality of s pen on s25 ultra. 
I think they are ditching s pen altogether.",galaxys26ultra,33,7,1773555298.0,https://i.redd.it/nwrm0msgi5pg1.jpeg
1rsp5ws,"S26 Ultra: Coming from a Pixel 6, here’s the good, the bad, and the ""gremlins.""","S26 Ultra: Coming from a Pixel 6, here’s the good, the bad, and the ""gremlins."" Hey everyone, just wanted to share my 48-hour experience moving from a Pixel 6 to the new S26 Ultra. I was expecting a lot from this jump, and while I’m mostly impressed, there are definitely some growing pains.

​The Display & Hardware
​The screen is a massive step up. I know people have been nitpicking that it’s not quite as ""crisp"" at extreme angles compared to the S25 Ultra (I checked them side-by-side in-store), but honestly? In real-world use, it doesn't matter. I don’t use my phone from the side, and the front-on quality is stunning.
​It’s a big phone, obviously. Coming from the Pixel 6, it feels like a tank, but I’m hoping I’ll get used to the footprint soon.

​Battery & Charging
​Battery life is good, but it hasn’t ""blown me away"" like I hoped. I use my phone heavily for work—lots of YouTube, bank apps, and NFC payments. I’ve been capping it at 90% to save long-term health, and it comfortably gets me through the day, but it’s not the multi-day beast some might expect.
​Charging: It’s fast, but Samsung is still playing it safe. Compared to the recent Chinese flagships (OnePlus 15, etc.), we’re still waiting for that ""wow"" charging speed.

​The ""Gremlins"" (Software & Gestures)
​This is where the Pixel nostalgia hits. One UI 8.5 is feature-packed, but it still doesn't feel quite as ""fluid"" or refined as Google’s pure Android.
​The Gestures: I’m really struggling with the bottom-swipe gesture to switch apps. It’s nowhere near as consistent as the Pixel. I really wish Samsung would let us customize that area to be a bit taller/more sensitive.
​AI: It feels very similar to what I had on the Pixel. It’s useful, and I expect it to get better, but it's not a radical shift yet.

​The S Pen & Camera Bump
​I don’t mind the massive camera bump for photos, but it creates a real practical issue: it won't sit flat. If you want to use the S Pen to write while the phone is on a desk, the ""wobble"" is real. It almost makes the pen feel redundant for desk work.

​Note: Also a bit gutted that the S Pen still doesn't have Bluetooth back this year. It feels more like a basic stylus now than a remote.

​The Fingerprint Sensor
​It’s fast—definitely an upgrade over my old Pixel—but again, it’s not as instant as the ultra-fast taps on the new OnePlus or Xiaomi phones. It requires a bit more of a deliberate press.

​Final thoughts: It’s a powerhouse, and the screen is worth the admission price alone, but there are definitely some refinements Samsung still needs to make to the ""Ultra"" experience.",galaxys26ultra,5,10,1773412869.0,https://www.reddit.com/r/galaxys26ultra/comments/1rsp5ws/s26_ultra_coming_from_a_pixel_6_heres_the_good/
1rrdwgo,S26 Ultra Anti reflective samsung protector,"S26 Ultra Anti reflective samsung protector Installed samsung offical anti reflective film.  Got this line in centre and some bubble type on top. 

Will both be disappear after few days or no?",galaxys26ultra,1,9,1773280776.0,https://www.reddit.com/gallery/1rrdwgo
1roswxm,Had to try this - from my new Samsung galaxy s26 Ultra,"Had to try this - from my new Samsung galaxy s26 Ultra Question for other owners of s26 ultra, what are your most recommended accessories with s26u?",galaxys26ultra,12,8,1773038484.0,https://i.redd.it/xzka0v7gtyng1.jpeg
1rl39e1,S26 Ultra - coming from Fold 7,"S26 Ultra - coming from Fold 7 Just got the S26 Ultra, have had most of the Folds and Ultras released over the last 6 years or so.

Happy with the phone so far. Only disappointment is that the cases I ordered are both hard cases and feel very cheap. Going to return one and order some other cases off Amazon instead. The screen protector was quite good and always appreciate Samsung's install hardware for screen protectors - makes installation pretty easy.",galaxys26ultra,11,8,1772671937.0,https://www.reddit.com/gallery/1rl31tl
1rqe028,Best way to transfer and First Things to Do Inquiry (iPhone to S26 Ultra)?,"Best way to transfer and First Things to Do Inquiry (iPhone to S26 Ultra)? Haven’t been on a Samsung in YEARS but looking forward to the change.

I’ve seen different ways to go about transferring messages, notes, apps, media, etc. like WiFi or direct cable connection, using certain transfer apps like iOS to Android or Smart Things, but what truly is the best way?

Also, how does one go about transferring over passwords from the passwords app on iPhone to Google?

Most important things to do after transferring? 

I’ve heard about the 24MP using camera assistant, obviously the screen quality from Full to whatever the top notch option is, but what else? 

Moving from iPhone 17 Pro to S26 Ultra.

Wife is moving from iPhone 13 Mini to base S26.

Any help and advice (tips and tricks) and musts are very much appreciated!

Thanks all!",galaxys26ultra,4,8,1773187081.0,https://www.reddit.com/r/galaxys26ultra/comments/1rqe028/best_way_to_transfer_and_first_things_to_do/
1rqelpx,S26 Ultra 12/512 Philippines,S26 Ultra 12/512 Philippines Plus a original Samsung Clear Magnetic case.,galaxys26ultra,10,7,1773188538.0,https://i.redd.it/ufb27xfjmfng1.jpeg
1rmpwmp,Samsung Galaxy S26 Ultra Review: There's a Catch - YouTube,Samsung Galaxy S26 Ultra Review: There's a Catch - YouTube,galaxys26ultra,14,7,1772830556.0,https://youtu.be/nfHRMqqO578?si=WOUMkK8W5Wt65ADZ
1rq03a3,"If you preordered your Samsung Galaxy s26 ultra from Amazon you might want to check your bank account - they're charging you for the promotional ""free"" $200 gift card","If you preordered your Samsung Galaxy s26 ultra from Amazon you might want to check your bank account - they're charging you for the promotional ""free"" $200 gift card Also, I contacted customer service and they won't issue a refund till the card arrives( it hasn't shipped yet and won't get here till tomorrow).

I just wanted the phone and earbuds and didn't really care about the gift card. Now I'm out $200 and have to deal with all of this because of their mistake.

Or they're just trying to see who doesn't realize they were billed for a free item.

🤬🤬🤬",galaxys26ultra,0,8,1773156685.0,https://www.reddit.com/r/galaxys26ultra/comments/1rq03a3/if_you_preordered_your_samsung_galaxy_s26_ultra/
1rpjrrq,Samsung Galaxy S26 Ultra Privacy display,"Samsung Galaxy S26 Ultra Privacy display What is your opinion on the privacy display? 


https://youtube.com/shorts/gLHVLJI9aVw?si=G8cGjdEC8r4sy3Yc",galaxys26ultra,0,8,1773107109.0,https://www.reddit.com/r/galaxys26ultra/comments/1rpjrrq/samsung_galaxy_s26_ultra_privacy_display/
1rrf94d,Two days post-upgrade - S21 Ultra to S26 Ultra,"Two days post-upgrade - S21 Ultra to S26 Ultra The cameras are great. 

The UI is blazingly fast. I didn't even realize my old phone was slow until using the new one. It's like going from a ICE car to a Model S Plaid. It is a level of speed I did not think possible before. 

The transfer process is smooth. I hate changing phones, but this worked out well. I have not had to grab the old phone since the night of the upgrade. 

Privacy display - I'm not looking at inappropriate content or messaging nuclear launch codes. The privacy display feature works, but the image quality drops like a rock. I can't see myself using this feature... ever. 

Screen - Reds do not pop as much as they did on my S21U. I can live with it, but bright red is now orange, even with vivid turned on and all the sliders at max. Maybe Samsung will fix this will a software update. Maybe it is because of the fancy privacy screen tech. Either way, it isn't the end of the world for me.

The S-pen... I've used tablets with stylus before, dating back to the Apple Newton. It seems to work well, but I'm not convinced I'll use it a lot, for reasons associated with my one gripe on this phone...

Whoever designed the camera island for this phone should be cursed to spend eternity walking barefoot through a neverending hellscape of loose Legos on a hard floor while listening to Baby Shark on infinite repeat. By designing the camera island with a one side rounded stack, the phone wobbles like a drunken Bachelorette on Broadway in Nashville after a 3 for 1 well liquor special at a honky tonk. What's worse is that there are only a tiny handful of cases on the market that resolve this issue, and most of them look like they should be featured on the next Marvel superheroes movie. For those of us that just want a phone that can sit flat on a table (you know, so we can use that fancy stylus), this means giving up stability or carrying something that looks like a gaming PC and a low budget sci-fi film had a love child.

I've tested out a few cases and nothing is perfect. The Pitaka Cairn is very nice, and the NFC buttons are awesome, but it wobbles terribly. If they'd offer a stabilizer to go around the camera island and provide a cross member to allow the phone to be stable on a table (even at an angle), I'd pay as much for the upgrade as I did for the case.

I upgraded for one reason - I'm running low on space on the S21U (512gb) and have been waiting for AT&T to offer a Samsung with 1TB. The trade in credit was generous, so I made the plunge. If I could have waved a magic wand and given the S21U more space (without upgrading or migrating), I would have.

The bottom line is simple - if you can tolerate a wobbly phone, this is a great upgrade. If you find a solution to the wobble, please share it. I may try 3d printing something to help stabilize it... or gluing something to it. 

To the team that designed the camera island.... you're going down in history right next to the Microsoft Bob team and the New Coke team. All you had to do is square off the island. You didn't have to reinvent the wheel, you just had to copy from previous iterations (or from Apple). Instead, you went full Edsal on the shape. You never go full Edsal.",galaxys26ultra,3,7,1773284363.0,https://www.reddit.com/r/galaxys26ultra/comments/1rrf94d/two_days_postupgrade_s21_ultra_to_s26_ultra/
1rtsx09,"Got the S26 Ultra last week, finally got the charging accessories to go with it.","Got the S26 Ultra last week, finally got the charging accessories to go with it. Upgraded from the S24 Ultra to the S26 Ultra and really loving it so far. No issues with the display and the privacy screen has been more useful than I thought (especially since battery life seems to be a bit better with it on). Since my old magnetic battery charger doesn't fit on this phone as well (have to have it on diagonally to avoid the camera bump) I figured I'd try out the official Samsung one.",galaxys26ultra,3,6,1773517614.0,https://i.redd.it/i4kkuk1fe2pg1.jpeg
1rv480y,Cannot make calls and send messages s26 ultra,"Cannot make calls and send messages s26 ultra Hello,

I bought s26 ultra week ago and use Orange as a operator in Poland. Unfortunately I cannot call and send messages to specific people on my google contact list. Samsung is telling me everything is ok on their side, Orange suggests its Samsung fault.

Looks like deleting contact and adding them allow me to call them. The same for sms - I have to delete ALL sms to be allowed to send sms. I dont think this is the best solution - I have very important messages.

  
Have you encountered similar problems? I dont want to return this phone but, its great but not having basic phone functions I cannot accept :(.

  
Have a good day!",galaxys26ultra,3,5,1773651226.0,https://www.reddit.com/r/galaxys26ultra/comments/1rv480y/cannot_make_calls_and_send_messages_s26_ultra/
1rimdyi,"Fui a probar el S26 Ultra y los Buds4 Pro a la tienda. La ""Privacy Display"" es real y el audio es otra cosa.","Fui a probar el S26 Ultra y los Buds4 Pro a la tienda. La ""Privacy Display"" es real y el audio es otra cosa. ​Hola a todos. Me di una vuelta por la tienda oficial para probar de primera mano los nuevos lanzamientos. Me interesaba ver si lo que anunciaron en el stream era real o puro marketing.

​Aquí mis impresiones honestas tras tenerlos en la mano:

​Privacy Display (Hardware vs. Software): Esto me voló la cabeza. Es una solución física llamada Black Matrix. No es un filtro de software; son los píxeles dirigiendo la luz solo al frente. Como todos, necesito privacidad y les confirmo que desde los lados no se ve nada. Lo mejor es que la activas solo cuando la necesitas, .

​Buds4 Pro (El sonido): Los probé ahí mismo y el sistema de Doble Amplificador se nota. La separación entre los bajos (que son un 20% más potentes por el nuevo woofer) y los agudos es muy clara. Para jugar o escuchar música en Hi-Fi de 24 bits, el salto es notable.

​Agentic AI: Jugué un poco con el AI Agent y funciones como Now Nudge. Es interesante cómo el teléfono ya no solo espera que le pidas cosas, sino que ""entiende"" el contexto de lo que estás haciendo para sugerirte el siguiente paso.

​El S26 Ultra se siente increíblemente rápido (el Snapdragon 8 Elite vuela) y la carga de 75% en 30 min es un alivio para los que siempre estamos en movimiento.

​¿Alguien más ya fue a verlos a tienda? ¿Qué les pareció el diseño Blade de los Buds? ¡Estaré respondiendo sus dudas!

​#SamsungMembersConnect #GalaxyUnpacked #SamsungMembersStars #GalaxyAI #GalaxyS26 #Feb252026",galaxys26ultra,10,6,1772436321.0,https://i.redd.it/0zlj6sb63lmg1.gif
1rg0edq,Estoy valorando dar el salto de IPHONE a ESTE S26 ULTRA y tengo estas dudas,"Estoy valorando dar el salto de IPHONE a ESTE S26 ULTRA y tengo estas dudas Soy usuario de Iphone desde hace 10 años...actualmente tengo el 15 pro max y llevo ya año y medio sopesando volverme a Android por que sinceramente entre el 11 13 y 15 que he tenido estos años no he notado ""mejoría"" me llamase la atención...necesito un cambio  
  
Mi idea solo es valorar el cambio a este S26 ULTRA ( no valoro otras marcas, llamadme lo que queráis).  
  
Las dudas que tengo después de tantos años fuera de android (mi ultimo móvil android fue un Note 2) son:  
  
\- Temas de seguridad que tal lo veis? está a un nivel del que tiene iphone y no me refiero a temas de patrones o huellas y faceID, me refiero a si es más factible que te metan ""virus"" en este S26 que en un iphone. Lo digo pq jamás he tenido este problemas en iphone y desconozco que tan bien funciona la seguridad actual en Samsung.  
  
\- Leo mucho el tema de las aplicaciones...dicen que las de Android no están muy pulidas, mi pregunta es...uso Whatsapp, Telegram, Playstation, Todas las de google, BBVA, CAIXA,Facebook, Instagram, Tiktok...así a groso modo son peores estas en samsung que en iphone??  
  
\- El famoso tema de LAG, estos años no he parado de leer que en los samsung al cabo de X tiempo se vuelven lentos y con continuo reinicios actualmente esto es así?  
  
\- Actualmente tengo un reloj y si cambio, compraría el reloj Samsung correspondiente. Mi pregunta es, ¿son los relojes Samsung tan precisos en cuanto a quema de kcal, km recorridos, frecuencia cardíaca y otras mediciones como lo son los Apple Watch?",galaxys26ultra,3,7,1772178137.0,https://www.reddit.com/r/galaxys26ultra/comments/1rg0edq/estoy_valorando_dar_el_salto_de_iphone_a_este_s26/
1rhuvp4,T-Mobile Samsung galaxy s26 ultra pre orders,T-Mobile Samsung galaxy s26 ultra pre orders Does anyone know when t mobile will start shipping out pre orders? Or has anyone received tracking yet ?,galaxys26ultra,0,7,1772363951.0,https://www.reddit.com/r/galaxys26ultra/comments/1rhuvp4/tmobile_samsung_galaxy_s26_ultra_pre_orders/
1rh1dry,How is this 3 in 1. 25W wireless charger for S26 ultra?,How is this 3 in 1. 25W wireless charger for S26 ultra? Link: [https://amzn.to/4beDxKi](https://amzn.to/4beDxKi),galaxys26ultra,0,7,1772281602.0,https://i.redd.it/l1hyaljza8mg1.jpeg
1rrf95o,S26 Ultra Anti reflecting film,"S26 Ultra Anti reflecting film Anyone installed official Samsung anti reflecting film on their s26 Ultra? I am just curious if anti reflecting properties are better on the film, since the s26 ultra screen's anti reflecting properties are a little worse than previous generation.",galaxys26ultra,1,5,1773284365.0,https://i.redd.it/41obtmju4jog1.jpeg
1rkinjf,Where to find the official 60W Samsung charger for S26 Ultra in Australia?,Where to find the official 60W Samsung charger for S26 Ultra in Australia? The official Samsung site says :not for sale,galaxys26ultra,2,6,1772622429.0,https://www.reddit.com/r/galaxys26ultra/comments/1rkinjf/where_to_find_the_official_60w_samsung_charger/
1rl5sk9,Samsung Galaxy S26 Ultra Awarded ‘Best in Show’ at the Global Mobile Awards at Mobile World Congress 2026,Samsung Galaxy S26 Ultra Awarded ‘Best in Show’ at the Global Mobile Awards at Mobile World Congress 2026,galaxys26ultra,8,5,1772678781.0,https://news.samsung.com/global/samsung-galaxy-s26-ultra-awarded-best-in-show-at-the-global-mobile-awards-at-mobile-world-congress-2026
1rv41fq,S26 Ultra - Philippines,S26 Ultra - Philippines Anyone can hit me with their purchase hack or tips for more discounts with my s26 ultra purchase via samsung shop app. Thank you!,galaxys26ultra,1,4,1773650516.0,https://www.reddit.com/r/galaxys26ultra/comments/1rv41fq/s26_ultra_philippines/
1rphdh0,My new S26 ULTRA 512 arrived today,"My new S26 ULTRA 512 arrived today Got the light Grey model from the Samsung site.  Working on transferring apps and info, re establishing accounts, authenticator(s).  I have over 450 apps.  My Samsung device is both a work and personal device.  I have been a Samsung fan foe years, back to the Note 7/8 days..  Use the pen.  Coming from an S25 Ultra, 512 gb.

My first observation was all camera lenses on back were moved to right side.  Not sure yet if I like that being right handed..  

The display feels more crisp, more clear to me.  

We shall see if I start using some of the AI stuff.   

I use the Secure container big time for work.  That concept alone defeats Apple iPhone, drop mike.  I would love to see multiple secure containers to have multiple personas, i have use cases foe work, e.g. a sales person tightly coupled to a customer and customer gives our sales person access to apps, email.  Give me a container just foe that relationship.

I will update as i get to use this device more and look forward to reading other input!",galaxys26ultra,0,5,1773101021.0,https://www.reddit.com/r/galaxys26ultra/comments/1rphdh0/my_new_s26_ultra_512_arrived_today/
1rnmal9,Stay with S24 Ultra or get S26 Ultra,"Stay with S24 Ultra or get S26 Ultra If I trade in my s24 ultra (512gb) ,  plus additional discounts I can get the s26 Ultra 512 GB at £461.5
Or the the 1TB at £677.65

Pondering if it's worth getting it or just pass and wait for s27 ultra 🤔",galaxys26ultra,0,5,1772919798.0,https://www.reddit.com/gallery/1rnmal9
1rwt5i3,S26 Ultra Dropping Audio & Calls – Is my hardware defective?,"S26 Ultra Dropping Audio & Calls – Is my hardware defective? Got my S26 Ultra last week (switching from a buggy Pixel 10 Pro) and while the apps are great, the actual phone calls are unusable.
The Issue:
Every single call I make or receive has the same pattern:
The audio completely fades out (the other person can't hear me, and I can't hear them).
The audio might cut back in briefly.
The call eventually drops entirely.
This happens on my Apple earbuds, the phone’s speaker, the regular earpiece, and Samsung Buds Pro 4. It’s happened with over 20 different callers this week.
Tech Troubleshooting I’ve Already Tried:
Mic Settings: Switched from ""Voice Focus"" to ""Standard"" (only possible when off Bluetooth).
Bluetooth Codec: Changed the Bluetooth audio format (SSC) to see if it was an interference issue.
App Maintenance: Force-stopped the Phone app and cleared the cache.
Network: Reset all Network Settings.
Updates: Fully updated One UI, the Phone app, Samsung Buds, and Google Play Services.
I really don't want to return this, but I need a working phone for my job. Am I missing a setting somewhere, or did I just get a ""lemon"" with a bad modem/antenna?
Any advice is appreciated!",galaxys26ultra,5,3,1773805374.0,https://www.reddit.com/r/galaxys26ultra/comments/1rwt5i3/s26_ultra_dropping_audio_calls_is_my_hardware/
1rjdocp,"¿Lo de ""Agentic AI Phone"" del S26 Ultra es el futuro o es puro humo de Samsung?","¿Lo de ""Agentic AI Phone"" del S26 Ultra es el futuro o es puro humo de Samsung? Después de ver otra vez el Unpacked me quedé pensando...

Samsung declaró que el S26 Ultra es el primer ""Agentic AI Phone"". Al principio me sonó a puro marketing, pero la función de que Gemini pueda gestionar apps en segundo plano (como lo que enseñaron de pedir comida analizando un chat) me dejó con la duda.

Siento que por fin estamos pasando de una IA que solo responde preguntas a una que ""hace"" cosas por ti. ¿Ustedes creen que con esto sí marcaron un antes y un después en cómo usamos el celular o creen que en dos meses a nadie le va a importar?

Digo, el hardware está muy muy chido, pero me interesa más saber si ven funcional que el teléfono tome ese tipo de autonomía o si aún estamos lejos de tener un agente de IA en la mano. ¿Qué opinan?",galaxys26ultra,5,5,1772506273.0,https://www.reddit.com/r/galaxys26ultra/comments/1rjdocp/lo_de_agentic_ai_phone_del_s26_ultra_es_el_futuro/
1rre9gu,Got my new s26 ultra and need help,"Got my new s26 ultra and need help I'm brown-skinned, and when I was on the phone with my fiancé, I looked sick, like it watered down my skin tone or something. I thought I was crazy, so I compared it to the S22 I was using, and I was right. I looked like Uncle Fester, like I had a filter on that made me a brown version of his skin tone. I want to know how to fix this issue; no video I found helped.

Also, is there anything else I need to do while setting up the phone? I'm feeling a little sad right now because of this issue since I got a Samsung because Google Pixels failed me, and I used to own a Pixel and used my fiancé's old S26, so please help.

I don't know if I should return the phone or keep it. I'm seeing so much different stuff about it; some people love it, some people don't, and I don't know what to do.",galaxys26ultra,0,4,1773281703.0,https://www.reddit.com/r/galaxys26ultra/comments/1rre9gu/got_my_new_s26_ultra_and_need_help/
1rfsp0r,S26 Ultra still struggles with motion....,"S26 Ultra still struggles with motion.... Even in bright conditions, motion is hard for Samsung. Unbelievable. And before people say ""wait for it to get it's day 1 software update."" That never fixed the issues with previous Samsung phones and they still struggle with motion even after updates. 

https://youtu.be/B3mwR53MctA?si=3Z4ELUGveGYhytIq",galaxys26ultra,0,5,1772154932.0,https://v.redd.it/28fg6bgguxlg1
1rll1bl,Samsung S26 Ultra vs Vivo X300 Pro Camera Test,Samsung S26 Ultra vs Vivo X300 Pro Camera Test,galaxys26ultra,0,4,1772725723.0,https://youtube.com/shorts/qKRra1LiTUE?si=yZzARflQXeC9gEeq
1rqolzh,S26 Ultra vs S23 Ultra – Why does the S26 look warmer? Panel issue or normal?,"S26 Ultra vs S23 Ultra – Why does the S26 look warmer? Panel issue or normal? Hey guys,

Just received my S26 Ultra and noticed the whites look slightly warmer compared to my S23 Ultra.

***I also tested it with the screen protector on and off, and the result looks the same.***

Both phones are on the **same brightness and display settings** (Eye Comfort off, privacy display off, same screen mode).

I opened the Samsung hardware test menu by dialing `*#0*#` in the phone dialer and took this photo from the test screen.

**Left: S26 Ultra | Right: S23 Ultra**

The S26 looks slightly warmer/pinkish while the S23 looks cooler.

Is this normal panel calibration for the S26 Ultra or could my unit be defective?

Would really appreciate if anyone with an S26 Ultra could check and share their experience.

https://preview.redd.it/h8yamddprdog1.jpg?width=1200&format=pjpg&auto=webp&s=bbcbc2dd6702567b1b73e92786ed6d1be4d09026

Thanks a lot! 🙏",galaxys26ultra,1,3,1773219650.0,https://www.reddit.com/r/galaxys26ultra/comments/1rqolzh/s26_ultra_vs_s23_ultra_why_does_the_s26_look/
1rvc4rm,Galaxy s26 ultra vs Xiaomi mi13t,"Galaxy s26 ultra vs Xiaomi mi13t Sono passto al Samsung s26 ultra, ma sembra che il vecchio xiaomi mi13t abbia una risoluzione maggiore e dei colori migliori, il samsung sembra abbia una luce più calda e non neutra o è una mia impressione?",galaxys26ultra,1,2,1773673868.0,https://www.reddit.com/r/galaxys26ultra/comments/1rvc4rm/galaxy_s26_ultra_vs_xiaomi_mi13t/
1rwcjqk,Algunas fotografías con el Samsung S26 Ultra,Algunas fotografías con el Samsung S26 Ultra Auto mode. Edited with Snapseed.,galaxys26ultra,8,1,1773767243.0,https://www.reddit.com/gallery/1rwcjqk
1rpbz1q,"Answering your S26 questions LIVE on Wednesday 12EST on YouTube. Hands on with the Samsung Galaxy S26, S26+, S26 Ultra, Buds 4 Pro, & Fold 7","Answering your S26 questions LIVE on Wednesday 12EST on YouTube. Hands on with the Samsung Galaxy S26, S26+, S26 Ultra, Buds 4 Pro, & Fold 7",galaxys26ultra,0,3,1773088663.0,https://youtube.com/live/crXE7z9rD_8?si=usz0hSkCqetTqBv_
1rg6rnj,S26 Ultra - storage upgrade offer,"S26 Ultra - storage upgrade offer I just pre-ordered the S26 Ultra 512GB cause it's the same price as the 256GB. (pre-order offer)
original price: $1679
offer price: $1466
$216 difference is not bad tbh",galaxys26ultra,1,4,1772199119.0,https://i.redd.it/zdbuy4puh1mg1.jpeg
1rs68m0,S26 Ultra 1TB screen just died,"S26 Ultra 1TB screen just died Hello, my S26 Ultra 1TB screen just died. While I was scrolling through reels on Instagram, the screen just turned off and the video sound was still audible. Most likely the touchscreen died too. I tried force restarting it. I even reset it to factory settings via smartthingsfind . samsung . com and I heard it vibrate. I was hoping it was a software bug but it's clearly a physical failure :(",galaxys26ultra,0,2,1773356391.0,https://www.reddit.com/r/galaxys26ultra/comments/1rs68m0/s26_ultra_1tb_screen_just_died/
1rrap63,Samsung galaxy s26 ultra,Samsung galaxy s26 ultra,galaxys26ultra,1,2,1773272705.0,https://www.reddit.com/gallery/1rrap63
1ruidrx,A great phone holder for the S26 Ultra: Scosche Magic Mount Select MS dash/vent.,"A great phone holder for the S26 Ultra: Scosche Magic Mount Select MS dash/vent. I have one of the Samsung cases and I'd heard people had issues getting a holder to clear the camera and still make good contact with the magnets.

I didn't want one that stuck to the windscreen or air vents because I think they look tacky (and my air vents are the flap type which wouldn't hold a phone without closing. I also wanted something a little discreet, with all the ones on Amazon looking a bit too tacky for my liking. 

Also, I wasn't bothered about charging as I prefer wired charging via my car's head unit. 

The great thing about this Scosche mount is that it fits the phone very well, with strong magnets. It also has the option of attaching to a vent or using the sticky pad, the dashboard. It also came with a magsafe ring so if you have a phone or case you prefer and it does have magsafe, you can apply the ring yourself.

My only tip is if you're using the sticky pad like I did, leave it to set for about 15 minutes before expecting it to hold your phone.",galaxys26ultra,4,1,1773591839.0,https://www.reddit.com/gallery/1ruidrx
1rmjr4u,Samsung Galaxy S26 Ultra review,Samsung Galaxy S26 Ultra review,galaxys26ultra,4,2,1772816923.0,https://www.gsmarena.com/samsung_galaxy_s26_ultra-review-2939.php
1rpyxj1,All charging indicators in Samsung S26 Ultra,All charging indicators in Samsung S26 Ultra,galaxys26ultra,9,1,1773154072.0,https://i.redd.it/0glm0lrdd8og1.png
1rtuxad,TechMatte screen protector on S26 Ultra has been solid so far,"TechMatte screen protector on S26 Ultra has been solid so far Just installed a TechMatte screen protector on my Galaxy S26 Ultra and it turned out better than I expected. It went on pretty easily, fit well, and I haven’t noticed any issues with touch response or clarity. So far it feels like a good buy if you want solid protection without messing up the screen experience. TechMatte offers Galaxy screen protectors in its Samsung lineup, and its OneTouch products are presented as easy-install tempered glass options.",galaxys26ultra,1,1,1773522342.0,https://www.reddit.com/r/galaxys26ultra/comments/1rtuxad/techmatte_screen_protector_on_s26_ultra_has_been/
1rufchz,Samsung S26 Ultra Volume Equalizer Settings,"Samsung S26 Ultra Volume Equalizer Settings Hey just wanted to do a PSA for the settings on my S26 ultra for volume. Compared to the S23 Ultra I thought I was going crazy with how tin canny and muffled the sound was, especially for voices. I messed with the equalizer settings for a little bit and here is my personal favorite layout for clear audio and just better overall sound quality. Let me know if it helped or if you have a better profile!",galaxys26ultra,0,1,1773584649.0,https://i.redd.it/mmrnazvqx7pg1.jpeg
1rsung9,Samsung s26 ultra Instagram video sound lag,"Samsung s26 ultra Instagram video sound lag Hello, I bought Samsung s26 ultra. I'm making content for Instagram and other platforms. I came from iphone 16 pro max. 
I'm shooting videos with blackmagic app then I'm.editing the videos on edits (Instagram) and I'm uploading them to socials. 

I noticed that there is lag on video's sound on all platfroms. I uploaded the same video from iphone and the sound was great without lag. The sound from the previous clip plays on the next clip. It's hard to notice but the problem exists. 

Anyone knows something?",galaxys26ultra,2,1,1773424781.0,https://www.reddit.com/r/galaxys26ultra/comments/1rsung9/samsung_s26_ultra_instagram_video_sound_lag/
1rt1j9u,Samsung galaxy s26 ultra battery,Samsung galaxy s26 ultra battery,galaxys26ultra,1,1,1773440094.0,https://www.reddit.com/gallery/1rt1j9u
1rp6bm1,[USA] 2-Pack amFilm S26 Ultra Screen Protector for $4.96 via Amazon,"[USA] 2-Pack amFilm S26 Ultra Screen Protector for $4.96 via Amazon Deal Thread - [https://slickdeals.com/f/19251955](https://slickdeals.com/f/19251955?utm_source=reddit)

Promo Code is **FH2QACID**

Mod-Approved. Slickdeals may make a comission on the sale.",galaxys26ultra,7,1,1773076681.0,https://i.redd.it/obvk8u11z1og1.png
1rrfa5j,S26 Ultra Anti reflecting film,"S26 Ultra Anti reflecting film Anyone installed official Samsung anti reflecting film on their s26 Ultra? I am just curious if anti reflecting properties are better on the film, since the s26 ultra screen's anti reflecting properties are a little worse than previous generation.",galaxys26ultra,2,1,1773284434.0,https://i.redd.it/41obtmju4jog1.jpeg
1rr19l3,S26 Ultra Icons and search bar,"S26 Ultra Icons and search bar Man! Samsung really needs to change their wifi, data, battery icons and give a toggle switch for the search bar in app's drawer man it so annoying.
The icons looks like from a cheap android phone
And that search bar takes a lot of screen space which in turn looks so cheap and the notification settings option in notification panal should be on the top right side. They need to fix these immediately.",galaxys26ultra,0,1,1773252218.0,https://www.reddit.com/r/galaxys26ultra/comments/1rr19l3/s26_ultra_icons_and_search_bar/
1rq6ocs,Why is my S26 Ultra score so low compared to other scores online?,Why is my S26 Ultra score so low compared to other scores online?,galaxys26ultra,1,1,1773170772.0,https://i.redd.it/umezcwv0r9og1.jpeg
1rn1h57,Got the S26 Ultra I needed after all - the global model at better than the preorder discount,"Got the S26 Ultra I needed after all - the global model at better than the preorder discount Well, there is a happy ending (for me) after my [customer hostile experience ](https://www.reddit.com/r/samsunggalaxy/comments/1rjh9rk/comment/o8d7zth/?context=3&utm_source=share&utm_medium=web3x&utm_name=web3xcss&utm_term=1&utm_content=share_button)trying to preorder a new Samsung S26 Ultra from Samsung's website.

1. I was able to order it in store here in Vietnam   
2. It is the global model with 2 Physical SIMS and proper ESIM support  
3. It was cheaper than buying it on the Samsung site  
4. I picked it up yesterday because Vietnam and a few other Asian countries had a delivery date 5 days earlier than the Mar 11 release date

https://preview.redd.it/k4fzzn6i6kng1.jpg?width=1920&format=pjpg&auto=webp&s=c33a9e4acab4f79f6621552bbdaa2457c454aa30

Thanks to [Di Động Việt - Didongviet.vn](https://www.facebook.com/didongviet?__cft__[0]=AZa5deCTXTp9CsDgudtlyeolnfcR1KsZVP7Kgq5iAQBTCO5o9Mu_mKMVOukhAybrYyygPzQlzlx_Gh1puOc9HmJvrNThuwRjLWB5xeZlwLOR1g&__tn__=-]K-R) for friendly helpful staff and great service! Please teach [Samsung Global](https://www.facebook.com/SamsungGlobal?__cft__[0]=AZa5deCTXTp9CsDgudtlyeolnfcR1KsZVP7Kgq5iAQBTCO5o9Mu_mKMVOukhAybrYyygPzQlzlx_Gh1puOc9HmJvrNThuwRjLWB5xeZlwLOR1g&__tn__=-]K-R) how to sell their products to eager customers",galaxys26ultra,5,1,1772861247.0,https://www.reddit.com/r/galaxys26ultra/comments/1rn1h57/got_the_s26_ultra_i_needed_after_all_the_global/
1roippt,Best cases for Samsung S26 Ultra?,Best cases for Samsung S26 Ultra?,galaxys26ultra,1,1,1773009323.0,/r/samsunggalaxy/comments/1roipfp/best_cases_for_samsung_s26_ultra/
1ruwttq,"Accessories compatible with Official Galaxy S26 Ultra Cases,  S-Pen & Wireless Charging","Accessories compatible with Official Galaxy S26 Ultra Cases,  S-Pen & Wireless Charging Hi all, Wondering if we can compose a list of accessories compatible with Official Galaxy S26 Ultra Cases,  S-Pen & Wireless Charging

The below item **does not** work with Wireless Charging Or S-Pen

Case: Samsung Galaxy S26 Rugged Magnet Case  
Accessory: Lamicall Magnetic Ring - [https://amzn.asia/d/02emKmJs](https://amzn.asia/d/02emKmJs)",galaxys26ultra,0,0,1773626540.0,https://www.reddit.com/r/galaxys26ultra/comments/1ruwttq/accessories_compatible_with_official_galaxy_s26/
1res4y2,First Look of the Samsung Galaxy S26 Ultra - London Kings Cross,First Look of the Samsung Galaxy S26 Ultra - London Kings Cross,galaxys26ultra,5,2,1772058608.0,https://i.redd.it/soi8r2f1wplg1.jpeg
1rtl5ic,S26 Ultra Phone case for passive cooling?,"S26 Ultra Phone case for passive cooling? Howdy hey! :D

I'm looking for a phone case that can help keep my S26 Ultra cooler longer. I understand there is only so much a passive case can do. I was wondering if anyone with this type of goal tried out this case: 

BodyGuardz Performance Pro for Samsung Galaxy S26 Ultra Case?  
[https://www.bodyguardz.com/products/performance-pro-kickstand-case-samsung-galaxy-s26-ultra](https://www.bodyguardz.com/products/performance-pro-kickstand-case-samsung-galaxy-s26-ultra)

Or has any recommendations?",galaxys26ultra,1,0,1773499287.0,https://www.reddit.com/r/galaxys26ultra/comments/1rtl5ic/s26_ultra_phone_case_for_passive_cooling/
1rts3cl,Gamenative showcase on the Samsung s26 Ultra,Gamenative showcase on the Samsung s26 Ultra,galaxys26ultra,0,0,1773515647.0,https://youtu.be/-1w887zMEdA
1rjwvsb,"S26 Ultra Pre-Order Deal Breakdown: $1,300 Trade-In for 24+ (Verizon, Best Buy, Samsung)","S26 Ultra Pre-Order Deal Breakdown: $1,300 Trade-In for 24+ (Verizon, Best Buy, Samsung)",galaxys26ultra,5,1,1772561833.0,/r/samsunggalaxy/comments/1rjwv1x/s26_ultra_preorder_deal_breakdown_1300_tradein/
1rlp9jq,"PSA on Samsung.com Policies on S26 Ultra preorders (matching, etc)","PSA on Samsung.com Policies on S26 Ultra preorders (matching, etc) Tl;dr: Samsung will neither price match their own site on a pre-order, and they have “no way to hold for a supervisor”. Forget wishful thinking like matching another retailer's offer. 

I pre-ordered the S26 Ultra directly from Samsung.com for MSRP ($1299.99). A day later I notice Best Buy is doubling the memory for that price. I check Samsung to see if maybe they're offering that now too, but instead I see the price is $1234.99 at the top of the product page (when I’m signed in). I call Samsung Customer Service and spoke to “Lisa”. I sent screenshots from their product pages and the cart. They won’t match their own price. I can just cancel and re-order, right? I got a small discount from a referral and she said I won't get that back on a reorder.

Frustrating, but what about Best Buy? It's a hail mary but can they match BB’s upgrade since this preorder hasn’t processed? No luck. Maybe a supervisor can make the price match right if the rep’s hands are tied? ‘Sorry there’s no manager or escalation path’. Only after pushing the rep on the fact that Samsung CS must have supervisors does the person change their story and say there are supervisors (this really happened)! I’m told the supervisors are “busy” and that I should try calling back in an hour to see if they’re free. There’s ""no way for me to hold for a supervisor""!

Without the price match (seemed fair to want) or the bump in memory (long shot but not insane), I canceled the order.

The moral of the story is don’t order from Samsung directly.",galaxys26ultra,0,1,1772735034.0,https://www.reddit.com/r/galaxys26ultra/comments/1rlp9jq/psa_on_samsungcom_policies_on_s26_ultra_preorders/
1rqb67k,Upgrading from iPhone 13 Pro to Samsung S26 Ultra – Need Advice,"Upgrading from iPhone 13 Pro to Samsung S26 Ultra – Need Advice Hey everyone,

I am moving from an iPhone 13 Pro to a Samsung S26 Ultra (512GB).



1.  I have about 180GB in iCloud and 120GB on my iPhone. Can I directly transfer everything via Smart Switch?
2. I also have a google drive subscription,will syncing data with Samsung be as seamless as iCloud is for iPhone?
3. Also, I want to make sure I do everything right before selling my iPhone. What are the key dos and don’ts?
4. Lastly, any recommendations for essential accessories and cases for the S26 Ultra? I am not interested in earpods, just looking for the best experience.

Thanks in advance!",galaxys26ultra,4,0,1773180487.0,https://www.reddit.com/r/galaxys26ultra/comments/1rqb67k/upgrading_from_iphone_13_pro_to_samsung_s26_ultra/
1ro8w6r,Wallet case for S26 Ultra ?,"Wallet case for S26 Ultra ? Hello, since my S22 Ultra, I change to 2 generation and I adopted this case from Samsung, 

After a quick search, I do not see the case for the S26 Ultra? Did they do it for the S25 Ultra?

Should I turn to another brand of box?

Thanks for your advice!:)",galaxys26ultra,7,0,1772986648.0,https://i.redd.it/topf86a9jung1.jpeg
1rlji67,Question about S26 Ultra Call Screening vs Pixel Call Screening,"Question about S26 Ultra Call Screening vs Pixel Call Screening Hi everyone,



I’m curious if anyone here has more specific information about the new call screening feature on the Galaxy S26 Ultra (One UI 8.5) and how it compares to Google Pixel’s Call Screen.

A few things I’m particularly trying to figure out:

• Can you manually screen any call, or is it only automatic for unknown/spam numbers?

• If automatic screening is enabled, does the phone still ring first, or does it screen the call in the background before you see it?

• What does the Samsung AI actually say when it answers the call? Is it similar to how Pixel answers and asks the caller to state their name and reason for calling?

• Can you turn off automatic screening and only manually trigger it when you want (like Pixel lets you do)?

I’m a big fan of Pixel’s call screening because you can manually trigger it when you see a number you don’t recognize, and it’s very flexible.

I’m hoping Samsung’s implementation is closer to that and not something basic like Apple’s current screening.

If anyone already has the S26 Ultra or has seen deeper info, I’d love to hear what you’ve found.



Thanks!",galaxys26ultra,0,1,1772722076.0,https://www.reddit.com/r/galaxys26ultra/comments/1rlji67/question_about_s26_ultra_call_screening_vs_pixel/
1rdm0sc,"Samsung Galaxy S26, S26+, and S26 Ultra's EU Energy Labels confirm their battery capacities","Samsung Galaxy S26, S26+, and S26 Ultra's EU Energy Labels confirm their battery capacities Battery size is the same yet again but this time the charging cycle rating has dropped. Well done Samsung!",galaxys26ultra,1,2,1771952890.0,https://www.gsmarena.com/samsung_galaxy_s26_s26_and_s26_ultras_eu_energy_labels_confirm_their_battery_capacities-news-71683.php
1rre8rk,140watt charger brick for s26 ultra,140watt charger brick for s26 ultra I just purchase this 140 watt charger on Amazon. It gives me samsung quick charge 3.0. Has both PD 3.1 & PPS. I just brought this brick to also charge my gaming laptop.,galaxys26ultra,0,0,1773281650.0,https://i.redd.it/2et4edwrwiog1.png
1rmhb6x,S26 Ultra 3DMark score with cooler attached,"S26 Ultra 3DMark score with cooler attached https://preview.redd.it/xtoeoc163gng1.jpg?width=946&format=pjpg&auto=webp&s=1dda6790f8f371481ca332ffa6bf56c20d7b7932

https://preview.redd.it/aa3hwlkt2gng1.png?width=946&format=png&auto=webp&s=bd94be4ee5adcb397ef476e598dbb892035b8e59

Saw some scores before release that seemed lower than other devices, but with active cooling the phone rocks.",galaxys26ultra,2,0,1772811568.0,https://www.reddit.com/r/galaxys26ultra/comments/1rmhb6x/s26_ultra_3dmark_score_with_cooler_attached/
1rn3iur,Samsung fail. Three hours and could not buy s26 ultra,Samsung fail. Three hours and could not buy s26 ultra,galaxys26ultra,0,0,1772867790.0,/r/samsunggalaxy/comments/1rn3ifp/samsung_fail_three_hours_and_could_not_buy_s26/
1rmmkh4,Samsung S26 Ultra Review by mrwhosetheboss,Samsung S26 Ultra Review by mrwhosetheboss,galaxys26ultra,0,0,1772823060.0,https://www.youtube.com/watch?v=AmNVQQ-YOoE
1rer33q,UK Store S26 Ultra PayPal Issue,"UK Store S26 Ultra PayPal Issue Trying to use PayPal for the additional £100 off - PayPal put a pre-authorization on my card but on the Samsung site i get this error and the order does not complete. im using the pay in 3 option.

**Payment processing error**

**Please contact your payment provider for assistance.**

Anyone else seen this?",galaxys26ultra,1,1,1772056246.0,https://www.reddit.com/r/galaxys26ultra/comments/1rer33q/uk_store_s26_ultra_paypal_issue/
1re09sa,Samsung Galaxy S26 Ultra Caudabe Cases Available,Samsung Galaxy S26 Ultra Caudabe Cases Available,galaxys26ultra,0,1,1771985182.0,https://caudabe.com/collections/samsung-galaxy-s26-ultra
1rjw589,It's totally fine,"It's totally fine Just saw the s26u and it is totally fine. very bright, more than the pic shows.

I couldn't even tell if it was a 25 or 26 until in hand.",galaxys26ultra,225,133,1772560267.0,https://i.redd.it/v5qr48lpbvmg1.jpeg
1rjntw5,Samsung has been lying this whole time,Samsung has been lying this whole time [https://www.sammobile.com/news/samsung-galaxy-s26-plus-ultra-doesnt-feature-10-bit-displays/](https://www.sammobile.com/news/samsung-galaxy-s26-plus-ultra-doesnt-feature-10-bit-displays/),galaxys26ultra,62,150,1772540305.0,https://i.redd.it/b7ntu0ibotmg1.jpeg
1rrsz9a,Display,Display So this is my first day daily driving the s26 ultra and I have to say I don't get where the display hate is coming from. This display is very bright and very vibrant but I will say that it does seem like that Samsung tuned it to be more of a natural looking display with not as overly saturated colors as previous Samsung displays. I don't think that that is a knock on the display itself and honestly if people are so upset they probably will send out an update that will make the vibrant setting even more vibrant which is exactly what they did on the s24 ultra. I definitely would not base your decision or purchase on just the people complaining about that the display in my opinion still is really good.,galaxys26ultra,71,136,1773327391.0,https://www.reddit.com/r/galaxys26ultra/comments/1rrsz9a/display/
1rs7f2t,"I was gonna skip this year, I guess not...","I was gonna skip this year, I guess not... I was super happy with my S24 Ultra, then Verizon, Samsung, and Bestbuy kept bugging me with notifications and emails. I ended up getting a 512GB Cobalt Unlocked. I'm loving the AI photo generation, and the Buds 4 Pros are amazing, especially compared to the Buds 3 Pro! The S26 Ultra feels like an iPhone Pro Max compared to the S24 Ultra.",galaxys26ultra,165,55,1773359181.0,https://i.redd.it/l9s6t06bbpog1.jpeg
1rmdsfm,Its here. 1tb silver shadow version,Its here. 1tb silver shadow version,galaxys26ultra,225,36,1772803210.0,https://i.redd.it/8sh1t2k4efng1.jpeg
1rkcd0t,Anyone feel like s26ultra didn't sell as good as they thought?,"Anyone feel like s26ultra didn't sell as good as they thought? Anyone feel like the s26 didn't sell as good as they thought?!? I've been getting spammed with ads, emails, and pop ups for s26 but never did for trifold or fold7 even when asked to be known when it's available!!! Like even adding incentives everyday. Lol. Idk I feel like the s line up just isn't what it used to specially with the new technology available and people who like them and already own one aren't going to just upgrade for a privacy screwn?",galaxys26ultra,32,59,1772600031.0,https://i.redd.it/5q1d9j1zlymg1.jpeg
1rvt740,Shot on S26U,"Shot on S26U S26U has much more improved dynamic range, shutter speed, autofocus, reduced motion blur compared to previous generation flagships resulting in stunning outputs. And also F 1.4's magic produces more natural DOF. Unarguably the best ultra camera of Samsung and one of the best in the world.

All are shot on 24mp auto mode.",galaxys26ultra,144,32,1773711585.0,https://www.reddit.com/gallery/1rvt740
1rqku39,"I'm wondering if Samsung had QC issues with these phones, as I love mine...","I'm wondering if Samsung had QC issues with these phones, as I love mine... There's so much hate on here against the S26 Ultra. I get it. It's not the spec monster like a Chinese phone. It's not much different from the S25 Ultra, and some things like the use of Aluminum feel like going the wrong direction. That being said, I love this phone. 

I come from a S20 Ultra, S22 Ultra, S24 Ultra, S25 Plus upgrade path. I liked every device, and I know this will get hate, but I disliked curved screens as I work in Agriculture and they pocket shattered on me a few times. The S24 Ultra, after the screen updates, was my favorite but it was lost out of my pocket on a walk and was never found again. The S25 Plus replaced it, and I hated it. The battery on paper should be close, but I never got through more than 12 hours with one charge. 

I've used my S26 Ultra 12/512 GB for 36 hours and, wow. I'm almost dead on the original charge, this is the best battery life I've seen yet. The screen is more muted than the S22 Ultra, but I was never a fan of ""burn out you retinas"" fake HDR effects. In a way, Vivid is now the perfect blend of colour pop but not artificial colour. I only use the privacy screen for incoming messages and my banking apps, I see no blurry text (in dark mode writing this) and I do not get a headache looking at it. 

It feels the right weight too. The S20 Ultra was crazy heavy. The S24 Ultra felt like a paper weight next to a similar iPhone Pro Max. This phone is slimmer, lighter, but still feels more premium than the S25 Plus. Would I prefer Titanium? Yes. Is the latest glass from Corning, which BTW most of the Chinese phones skip, worth more to me? Yup, because screen protection eventually fails and gouging used to happen, but from what I've seen this newer glass is insanely better against sandpaper pocket syndrome. 

Bottom line, I get the whining if you upgraded from a S25 Ultra and you're mad the colours don't look like Windows god awful overblown fake colour HDR. Beyond that though, I don't see the issues people are raving they see on every display phone, their phone, their neighbours phone, their micropeni's phone, and the 5,000,000,000,000,000 S26 Ultras they played with at every BestBuy that exists and will ever exist. Okay sarcasm again, but this is a very good phone and one worthy of praise. It does get better battery life than past models. It does have new features. It does have a good screen. Sorry, not sorry, I really like this phone so far.",galaxys26ultra,24,49,1773205796.0,https://www.reddit.com/r/galaxys26ultra/comments/1rqku39/im_wondering_if_samsung_had_qc_issues_with_these/
1rqgotf,List - Cases for 25W Super Fast Wireless Charging,"List - Cases for 25W Super Fast Wireless Charging Hi all, it's been a challenge to find cases for the S26 Ultra which support 25W wireless charging with certified wireless chargers which support Qi 2.2, 25W. I've used meters and apps to test various cases. The easiest way to verify is to check the charging status on the S26 Ultra. It should say ""SUPER Fast Wireless Charging"" (NOT JUST ""Fast Wireless Charging"").

I've tested with the following chargers:

Samsung 25W Qi2 Magnet Wireless Charger. 

Belkin MagSafe Charger Compatible, 2-in-1 Qi2 Wireless Charging Station 25W, Convertible Wireless Charger. 

Belkin 3-in-1 Wireless Charging Station for Samsung Galaxy S26, Android - Qi2.2 25W Magnetic Charger. 

Here are the cases that I've tested. Please add any other cases that you've tried on the S26 Ultra and state if you see ""SUPER Fast Wireless Charging"" or not. This will be Incredibly helpful to all.


CASES THAT SUPPORT 25W WIRELESS CHARGING:

Dbrand Tank. 

Spigen Zero One. 


CASES THAT DO NOT SUPPORT 25W WIRELESS CHARGING:

TORRAS Ostand Q3 Air. 

Benks ArmorTint.

Pitaka Edge.",galaxys26ultra,25,43,1773193910.0,https://i.redd.it/tj7m8unvnbog1.jpeg
1rsy3pa,My honest review,"My honest review I'm a long time Android and Samsung phone user.

I started using Android back when I had an HTC HD2 (a windows phone) but was running an Android ROM on it.

After HTC stopped making good phones, I switched to Samsung starting with the original Note.

Since then, I had the Note 2, 4, 7 (the one with the exploding battery) 10, 20 and then Ultra series once Samsung made the terrible decision to stop making the Note series.

I'm upgrading from an S24 Ultra and pre-ordered the S26 Ultra on the day it was announced and received it on 3/9.

I wanted to add that the S24 Ultra was a great phone as is so what was great on the S24 Ultra is as good or better on the 26 Ultra (maybe besides the pen).

**Pros:**

1. The speakers! Both regular speakers and earpiece are way louder and clearer than on my S24 ultra.

2. Speed. Everything is definitely snappier than on my S24 ultra, partially because I only had One UI 8.0 instead of 8.5 and of course a newer SoC.

3. Wireless charging, way better than on the S24 Ultra. Wired charging is faster too but you need the correct charger for the 60 watts charging.

I got a DBrand Tank case (which has the magnets in the back), a Belkin 3-in-1 charger (the Qi 2.2 25 watts one) and it charges very quickly, it really works great.

4. Cameras, photos are noticeably better and videos are way better.

**Not so good**

1. No double the storage for free promotion.

That one really sucks, I didn't want to spend an extra $200 so I went from 512 GB to 256 GB.

2. Battery life, it's ok, not amazing. I'm not surprised since it has the same battery capacity as the last 6 generations of Ultra phones.

I don't want a thinner phone, I want a phone with a bigger battery!

3. I hate the rounded corners. If I wanted an iPhone, I would have bought one!

4. A lot of people complain about the display but I feel like it's fine.

It's the first time I upgrade a phone after 2 generations that there's no real display improvements but the display is good. To be honest Samsung displays have been great for a while so maybe there's not much room for improvement.

5. I don't care about the privacy display but others might find it useful, also AI stuff is more like a gimmick for me.

6. No 10 bit display and UFS 4.1, for the price they charge it would have been nice.",galaxys26ultra,21,39,1773432281.0,https://www.reddit.com/r/galaxys26ultra/comments/1rsy3pa/my_honest_review/
1rv7lu2,Convinced my iPhone user boyfriend to switch,"Convinced my iPhone user boyfriend to switch So I got the S26 Ultra about a week ago, and I was at my boyfriend's house. He liked my new phone so much he switched from his iPhone 15 Plus to the Galaxy S26 Ultra Cobalt purple. He is a bit confused on how to work the phone completely, so I have to help him through the process, but let's just say he loves the phone. He said he probably won't go back to iPhone because this one is so much better, and I'm very happy that I convinced him somehow. I basically just told him the cameras were better and the phone was like 3 times faster, and that was about it, but he likes the new features and says they're better. I think the only thing he said he's going to miss is that iPhone users don't judge him for having a Samsung phone, but I told him that it doesn't matter because the S26 Ultra is more expensive than any iPhone base model anyways.",galaxys26ultra,32,33,1773662801.0,https://www.reddit.com/r/galaxys26ultra/comments/1rv7lu2/convinced_my_iphone_user_boyfriend_to_switch/
1rgryp3,FREE 512GB Upgrade + 200$ Amazon Gift card at Amazon,"FREE 512GB Upgrade + 200$ Amazon Gift card at Amazon This is a great deal I saw on Amazon cheaper than Samsung official website   
  
Amazon is having 200$ Gift card and Free 512GB Upgrade for all S26 Series  
  
[S26 Ultra ](https://www.amazon.com/Samsung-Unlocked-Smartphone-Charging-Warranty/dp/B0GGTVNKGP?crid=1K659J6AAKQ9N&dib=eyJ2IjoiMSJ9.dmpAJBmc0kdQ-0UZY3qSO8cRvZ4GcEm114fgQrKAkmRXXAWgOtvG0iJdE-TXvUrN76Zh99F83ygeAGYuQ8ce3uHesWZpVV_CIKZa0If71CvFdaFUkquSpvATaUqRz86JsHmvnrB_IKXCGaifwJnpnNxXeb9ZLv7M2mMa3mLV4HFzVdDodhK2zrfInguaYSV32ayP8a4LxXbP_NcCuX7U21bkNfGxVKEejnV0TnzbIsU.GZzCU1dNmvADM5JX-pJgiB6UMtWIk_7P2XThlbcVHxo&dib_tag=se&keywords=s26%2Bultra&qid=1772249102&sprefix=s26%2Bultra%2B%2Caps%2C357&sr=8-1&th=1&linkCode=ll2&tag=amazonaudiblepromo-20&linkId=5e0bf6e7e9b07b7aef4ca0a3978c5372&language=en_US&ref_=as_li_ss_tl)\-  at 1299$ with 200$ GC  
[S26+](https://www.amazon.com/Samsung-Unlocked-Smartphone-Charging-Warranty/dp/B0GGT47S77?crid=1K659J6AAKQ9N&dib=eyJ2IjoiMSJ9.dmpAJBmc0kdQ-0UZY3qSO8cRvZ4GcEm114fgQrKAkmRXXAWgOtvG0iJdE-TXvUrN76Zh99F83ygeAGYuQ8ce3uHesWZpVV_CIKZa0If71CvFdaFUkquSpvATaUqRz86JsHmvnrB_IKXCGaifwJnpnNxXeb9ZLv7M2mMa3mLV4HFzVdDodhK2zrfInguaYSV32ayP8a4LxXbP_NcCuX7U21bkNfGxVKEejnV0TnzbIsU.GZzCU1dNmvADM5JX-pJgiB6UMtWIk_7P2XThlbcVHxo&dib_tag=se&keywords=s26%2Bultra&qid=1772249102&sprefix=s26%2Bultra%2B%2Caps%2C357&sr=8-1&th=1&linkCode=ll2&tag=amazonaudiblepromo-20&linkId=e23c07a4022e83dd3b5473c16f88d235&language=en_US&ref_=as_li_ss_tl) \- at 1099$ with 100$ GC  
[S26 ](https://www.amazon.com/Samsung-Unlocked-Smartphone-Charging-Warranty/dp/B0GHCRP8P8?crid=1K659J6AAKQ9N&dib=eyJ2IjoiMSJ9.dmpAJBmc0kdQ-0UZY3qSO8cRvZ4GcEm114fgQrKAkmRXXAWgOtvG0iJdE-TXvUrN76Zh99F83ygeAGYuQ8ce3uHesWZpVV_CIKZa0If71CvFdaFUkquSpvATaUqRz86JsHmvnrB_IKXCGaifwJnpnNxXeb9ZLv7M2mMa3mLV4HFzVdDodhK2zrfInguaYSV32ayP8a4LxXbP_NcCuX7U21bkNfGxVKEejnV0TnzbIsU.GZzCU1dNmvADM5JX-pJgiB6UMtWIk_7P2XThlbcVHxo&dib_tag=se&keywords=s26%2Bultra&qid=1772249102&sprefix=s26%2Bultra%2B%2Caps%2C357&sr=8-1&th=1&linkCode=ll2&tag=amazonaudiblepromo-20&linkId=87f75d3d2a7762bceba49f2d943fa676&language=en_US&ref_=as_li_ss_tl)\- at 899$ with 100$ GC

Also orders getting delivered at 11th March for S26 Series",galaxys26ultra,15,40,1772249554.0,https://i.redd.it/yzz1e60pn5mg1.png
1rqx5z0,My first Samsung phone! (Hardcore Android lover),"My first Samsung phone! (Hardcore Android lover) I am a recent college graduate and wanted some change from my 7 year old One Plus 6T (maybe the last best One Plus phone). It's still working fine but it's a 4G phone and I really wanted an upgrade. 
So saved some money and could've gone for iPhone but my love for Android made me go for this beauty. 

I love this colour :-)

Any suggestions how to use it's features to the fullest from OG Samsung owners?",galaxys26ultra,53,30,1773243523.0,https://i.redd.it/agr2npgdrfog1.jpeg
1rox3we,Im returning my S26 U and going back to S24 U  heres why,"Im returning my S26 U and going back to S24 U  heres why Upgraded from S24 Ultra  
S26 Ultra is extremly snappy, everything feels quite instant, apperently 40-60% quicker than S24 U that i m returning to.  
The issue i have is with display mainly, the biggest feature of privacy display does not work for me at all, when i have it on a full screen app it just twists my eye in a weird way if that makes sense and gives me headaches if i stay using app that has it on, used it only for notifications since friday.  
Also i can see the screen clearly from all angles but it is slightly dimmer which is weird, and some people report faulty privacy screens which might be the case in mine, either way im not chancing it and gonna return mine.

  
S26U feels very good in hand, its lighter, camera performance is slightly better than S24U, but i cant think about it as a good enough deal for me to upgrade, its extremly expensive for a phone with just small bits better.  
Good thing is without privacy display, the screen actually looks very good, i use my phone in dark mode, with extra dim feature switched on.  
Battery performance is actually very very good and im impressed by it compared to my S24U, but i would not be surprised if S24U will gain some battery life with new updates.

Overall S26U is a good phone, but upgrading from S24U didnt feel like 1500 euro worth of an upgrade, also the deal i've got with trade in was quite poor, compared to last time i upgraded to S24U from S22U.  
Overall i remember how impressed i was with S24U compared to S22U, unfortunately im not very impressed S24U > S26U upgrade.

Samsung managed to break my ""I upgrade every 2 years one the dot"" mindset.  
I will for sure upgrade to S27 Ultra next year, when we will see hopefully more meaningfull upgrades.",galaxys26ultra,0,39,1773053955.0,https://www.reddit.com/r/galaxys26ultra/comments/1rox3we/im_returning_my_s26_u_and_going_back_to_s24_u/
1ro0ph7,Could this set deliver a 60W fast charging experience?,Could this set deliver a 60W fast charging experience? My new s26u charges to full in over an hour. Which I don't think what a 60w should last. Im using the charger and cable set shown above. Are they not working properly? What do I need to change?,galaxys26ultra,3,38,1772962783.0,https://www.reddit.com/gallery/1ro0ph7
1rq85yn,Screen protector recommendations please,"Screen protector recommendations please Hi everyone, I'm thoroughly enjoying my new 26U. Does anyone have recommendations form a screen protector that works well with finger print biometrics? 

I got these but they don't play well with finger print ID even with readding my prints after install. https://a.co/d/06XZSVBw

Thanks so much!",galaxys26ultra,5,36,1773173940.0,https://i.redd.it/vm5ahuwh0aog1.jpeg
1rlzn9k,S25Ultra to S26Ultra,"S25Ultra to S26Ultra $640 CAD for S26Ultra 512GB by trading S25Ultra, i got S25Ultra 512GB for only $600 by trading S22Ultra last year.

Will see how it behaves.",galaxys26ultra,44,30,1772758846.0,https://www.reddit.com/gallery/1rlzn9k
1rgitao,Try the new Galaxy S26 and I tell you everything!,"Try the new Galaxy S26 and I tell you everything! Hello Reddit people! Today I had the opportunity to try the new Galaxy S26, S26+, and S26 Ultra, and I’m going to tell you about all their features, what’s new, and my first impressions after using them.


---

GALAXY S26 AND S26+ — THE LITTLE BROTHERS

The only difference between these two models is the device size, screen size, and battery capacity: while the S26 has a 6.3-inch display, the S26+ panel extends to 6.7 inches.
In the base model, the battery is 4,300 mAh — an increase of 300 mAh compared to the previous generation — while the Plus model stays at 4,900 mAh. Fast charging is 25W for the S26 (up to 55% charge in 30 minutes) and 45W for the S26+ (up to 69% charge in 30 minutes).

Both models feature Dynamic AMOLED 2X LTPO displays with a variable refresh rate from 1 to 120Hz, while resolution remains FULL HD on the base model and QHD+ on the Plus version. In both cases, peak brightness reaches 2,600 nits and they support HDR10+ content playback.

Both the S26 and S26+ debut the Exynos 2600, the world’s first mobile processor built on a 2nm architecture, delivering what we expect to be excellent energy efficiency — especially considering the S26’s screen size and the S26+ battery capacity. This processor also introduces the most powerful NPU ever seen in an Exynos chip, designed to smoothly handle all the new Galaxy AI features included in these phones.

The camera sensors remain unchanged compared to the previous generation. In my opinion, it’s about time Samsung upgrades its 10MP telephoto sensor to a higher-resolution one and adopts the ultra-wide lens introduced last year in the S25 series for the base and Plus models as well.
Even without major hardware changes, image quality shows a noticeable improvement thanks to the new ISP and the new ProVisual Engine, which — combined with Samsung’s updated processors and post-processing software — deliver better image quality, especially in low-light conditions.

From what I was able to test, there is a substantial and clearly noticeable improvement in low-light photos and videos thanks to the new Night Mode and Nightography video recording. This proves that beyond camera optics, the real key lies in the integration between cameras, software, and processor — and if there’s one thing Samsung knows how to do, it’s optimizing image quality to the maximum.


---

GALAXY S26 ULTRA — THE ALL-TERRAIN ANDROID

Samsung’s strongest bet to compete in the Android flagship segment in 2026 is the Galaxy S26 Ultra, which is also the model packed with the most innovations.

And speaking of innovation, let’s talk about the technology everyone is discussing: the Privacy Display — a unique technology currently exclusive to the S26 Ultra that allows the screen to be visible only when viewed head-on while hiding content from people beside you. Let me briefly explain how it works: Samsung introduces a new technology called Flex Magic Display, where the screen uses two types of pixels working together — standard pixels (called Wide pixels) and directional pixels (called Narrow pixels). When Privacy Mode is activated through software, the system changes how light is distributed so the image remains perfectly visible from the front but becomes invisible from side angles. Essentially, the direction of light emitted by each pixel is controlled, enabling different pixel groups depending on whether the mode is active or not.

The best part is that this technology does not affect battery life.

Now, after personally testing the S26 Ultra, I have to say that when Privacy Mode is enabled — although the screen remains clearly visible from the front — colors and contrast change slightly and brightness drops a bit. Nothing dramatic; it’s still perfectly usable. This isn’t something many people are mentioning, but I wanted to point it out.

The good news is that Samsung designed a solution for this: the privacy filter can be activated only for specific apps, parts of the screen, or notifications. For example, you can use the phone normally across the entire system except inside your banking app. I think this is a perfect implementation by Samsung.


---

S26 ULTRA CAMERAS — A QUIET INNOVATION

Although the sensors remain the same as last generation, Samsung significantly increased the aperture of the main sensor (from f/1.7 to f/1.4) and the long-range 5X telephoto sensor (from f/3.4 on the S25 Ultra to f/2.9 on the new S26 Ultra). This results in much sharper images, better depth-of-field control, and brighter, clearer photos in low-light conditions.

The front camera was also updated to improve nighttime selfies.
Just like its smaller siblings, the innovative Nightography video feature has been added. I was able to test it, and it truly changes the game: the difference in recording quality at night or in low-light conditions is massive in favor of the S26 Ultra. The wider apertures and improved synergy between software, processor, and ISP are clearly noticeable.


---

THE MOST POWERFUL QUALCOMM CHIP

The S26 Ultra debuts the Snapdragon 8 Elite Gen 5 for Galaxy, which promises to be the fastest Android processor — and possibly the fastest mobile chip in the world — especially in this Samsung-exclusive version with additional overclocking.

The new Snapdragon 8 Elite Gen 5 promises a 39% increase in NPU performance for on-device AI features, a 19% faster CPU for demanding tasks, and a 24% faster GPU for improved performance in graphics-intensive workloads such as gaming and video editing.


---

GALAXY AI — MORE CAPABLE THAN EVER

The main focus of Unpacked 2026 was the expansion of Galaxy AI capabilities. Some features genuinely surprised me, including new AI agents capable of answering calls from unknown numbers on your behalf, talking with the caller, and making decisions dynamically. Another standout feature is prompt-based generative editing, which allows you to edit photos using simple natural-language commands. I tested this by asking the phone to change the color of my shirt — and it did it perfectly.


---

To wrap things up, I want to briefly share my experience with the S26 Ultra. I come from a previous Ultra model, so I was able to compare them side by side, and the differences — especially in cameras — are VERY noticeable. Long-distance zoom quality improved significantly, and photos and videos captured in low-light conditions are truly on another level. The improvement in photo and video quality feels like a genuine generational leap.

The new Galaxy AI features — which will even allow you to order food or request an Uber using voice commands — are genuinely impressive, as is the generative image editing.
The Privacy Display is also revolutionary: having tested it firsthand, I can confirm it’s just as impressive as what we saw during the Unpacked demonstrations.


---

FINAL THOUGHTS

As a regular Samsung user, I’d like to leave you with this reflection: on paper, in raw specifications, the S26 lineup may not look like a huge revolution. But that’s exactly where the mistake lies — believing specs are the most important thing. For years, Samsung has proven its ability to deliver extremely solid user experiences — among the best in the Android world — thanks to the optimization between hardware components and software, something you can clearly notice in the photos and comparisons shown at the top of this post.

Now I invite you all to comment and discuss:
What do you think about the new S26 family? And the S26 Ultra in particular? What surprised you the most about this new generation?

I’ll be reading and joining the discussion in the comments!",galaxys26ultra,21,35,1772226157.0,https://www.reddit.com/r/galaxys26ultra/comments/1rgitao/try_the_new_galaxy_s26_and_i_tell_you_everything/
1rwdt0n,Just switched,"Just switched Hi everyone, 

I just switched from iPhone. I've been a die hard iPhone user for years.... like since the 3gs... and this is my first android/ Samsung phone. My first general impression of the S26 Ultra are truly amazing. I was surprised how easy it was to move everything over from iPhone. Love how much control over the settings I have and I love the customizable privacy screen feature. The cameras are also really amazing too. I came from a 16 pro max, and I'm still amazed on how far ahead Samsung is. I do have one general question too, what settings/ thing i should know about Samsung?",galaxys26ultra,13,30,1773769835.0,https://www.reddit.com/r/galaxys26ultra/comments/1rwdt0n/just_switched/
1rpw7ao,Only Samsung official cases are Qi2 ready with full 25W wireless charging support. 3rd party cases won't give full 25W wireless charging,Only Samsung official cases are Qi2 ready with full 25W wireless charging support. 3rd party cases won't give full 25W wireless charging,galaxys26ultra,0,28,1773147447.0,https://i.redd.it/41gnzb7jt7og1.jpeg
1rua5b8,S26U Antireflective Glass Screen Protector comparison: Benks vs WSKEN from Amazon,"S26U Antireflective Glass Screen Protector comparison: Benks vs WSKEN from Amazon So I have had it with Samsung’s AR Film as it scratched way too easily from my experience from my last 3 flagships.

I decided to go glass and my first time trying glass screen protectors with Antireflective properties on a phone.

WSKEN from Amazon was the most popular it seems (only to find out it was plagued with fake positive 5 star reviews.) I have posted about it here on Reddit a couple of weeks ago, but it was the only one readily available for next day delivery as I got my Ultra pretty early here in Australia. I thought what the heck I’ll give it a go.

**WSKEN AR Glass Protector 2-Pack**

The WSKEN is definitely super easy to put on with its included kit, but immediately noticed the super dim screen. There was antireflective property for sure but it is much dimmer and less clear for some reason as a trade off. I have also been having issues with the fingerprint scanner not unlocking the phone even with touch sensitivity on and adding 5 registers of the same finger! The product page shows it had a black frame but the actual product doesn’t include it. I like the black frame as it is thin enough to not interfere with screen but hides any refraction on the edge. It was also quite pricey at about 32 AUD.

**Benks GlassWarrior AR**

I then tried the Benks GlassWarrior with AR. The installation wasn’t as easy, although still easy, but my goodness, the clarity is actually night and day! The Antireflection is also much better on the Benks and it does not make the screen much dimmer, which is magic in my eyes. There is definitely higher light transmittance on this one considering it is about the same price as the WSKEN. It also has the thin black frame which I like.

One of them is definitely getting returned! 

\[Photos attached note\] Focus on the Antireflectiveness on the photo not the smudges and bubbles as I have to remove the WSKEN for comparison. Not the best photo but this will show how it handle the same light source.

**Benks GlassWarrior wins!**",galaxys26ultra,9,24,1773568639.0,https://www.reddit.com/gallery/1rua5b8
1ricud5,Google Fi deals,"Google Fi deals The deal at Google Fi is the best out there without a trade-in. The promo requirement is four months of active service, which will cost \~$100. In total, $750 for a new phone is not bad at all. I sold my S25 ultra on the marketplace for more than that, so it's a free upgrade for me.",galaxys26ultra,12,26,1772408137.0,https://i.redd.it/sjxhgjjuqimg1.jpeg
1rtwhcq,Eye Just Can't Do It Anymore,"Eye Just Can't Do It Anymore This phone is making my left eye twitch and I have to look away for a few minutes just to get my head right, not to mention getting headaches from this phone. Sure, I've changed some settings that I never would've normally changed in order to try and fix something that should've never been a problem to begin with, especially on a brand new $1500 phone, which I *do* own and am actually using despite frequent eye issues.

Many have suggested that ""the haters"" (which is funny bc I'm a Sammy fanboy myself) don't own this phone, so this thread is to show off how many of us there actually are and to prove it's not a bunch of bots.

So if you have actually experienced the abomination that is the Galaxy S26 Ultra and you're having trouble with your eyes, please sound off below and let's show the people who just think we're trolling that it's not B.S. and that Samsung dropped the f-ing ball on this one just to be gimmicky to try and steal a few customers from Apple.",galaxys26ultra,0,25,1773526154.0,https://i.redd.it/3igd6h4t33pg1.jpeg
1rq0jpn,Got the s26u and first impression is “eh”,"Got the s26u and first impression is “eh” I received my S26 ultra yesterday after doing all the transfers and sim. And honestly, it looks no different than my S24 ultra, display wise. I can care less about the privacy feature. Definitely not impressed. I’ve been a galaxy owner since I can remember. Also have a 17 Pro Max and I could definitely tell the difference in the display. I think Samsung really dropped the ball this year. They compromised on the display for this private feature that honestly is a gimmick. I won’t return mine because of the hassle that I don’t want to deal with. I guess I’ll keep it and trade it in for next years ultra.",galaxys26ultra,0,25,1773157738.0,https://i.redd.it/jbuggagbo8og1.jpeg
1rl5fvc,Guess it's not that bad after all. 🤔,Guess it's not that bad after all. 🤔 https://www.sammyfans.com/2026/03/04/samsung-galaxy-s26-ultra-dominating-preorders/[26u Dominating](https://www.sammyfans.com/2026/03/04/samsung-galaxy-s26-ultra-dominating-preorders/),galaxys26ultra,7,24,1772677821.0,https://www.reddit.com/r/galaxys26ultra/comments/1rl5fvc/guess_its_not_that_bad_after_all/
1rgd8p2,M14 10-bit panel in S26U still has anti reflective properties. Color reproduction is superior too.,"M14 10-bit panel in S26U still has anti reflective properties. Color reproduction is superior too. I want s25u folks stop spreading misinformation about s26u ""downgrade"" display with all these clickbait videos.",galaxys26ultra,75,15,1772213684.0,https://www.reddit.com/gallery/1rgd8p2
1rr8pci,Purchased My First Samsung,Purchased My First Samsung I have been with apple since the iPhone 5 landed on Verizon. I traded in all my gear and so far I’m super impressed! I need case recommendations and watch face recommendations lol,galaxys26ultra,56,14,1773268171.0,https://i.redd.it/hjza6n3pshog1.jpeg
1rslpfz,Megathread for compatible magsafe accessories,"Megathread for compatible magsafe accessories Samsung seems to be slowly embracing MagSafe-style magnets. Most of their newer official cases now include the magnetic ring, which is great… in theory.

But the gigantic camera bump on recent Galaxy phones makes a lot of MagSafe accessories basically unusable.

A ton of the accessories on the market — especially rectangular ones like power banks, wallets, and grips — end up hitting the camera bump or sitting crooked. So the magnet works, but the accessory doesn’t actually sit flush. Kind of defeats the whole point.

It feels like Samsung is half-committing to the ecosystem without actually designing around it.

So let’s crowdsource this:

What MagSafe accessories actually work well with Galaxy s26 Ultra phones?

Drop links or names for anything that fits cleanly without interfering with the camera bump:

• Chargers / Charging stands
• Power banks
• Wallets
• Phone grips
• Car mounts
• Anything else magnetic

If you’ve found something that actually sits flush and works the way MagSafe is supposed to, post it. Let’s build a list.",galaxys26ultra,0,21,1773404189.0,https://www.reddit.com/r/galaxys26ultra/comments/1rslpfz/megathread_for_compatible_magsafe_accessories/
1rk84oq,"Its 8 bit, not 10 bit. That's interesting","Its 8 bit, not 10 bit. That's interesting",galaxys26ultra,0,22,1772588040.0,https://i.redd.it/lero8gfbmxmg1.jpeg
1rr4nya,Apple to Samsung,"Apple to Samsung I have the iPhone 17 pro max 256 silver.I bought it before 4 months.Im Apple user for 10 years.Every year with the new model.I changed some times first with S23 ultra,back to iPhone and after to s25 ultra and now to IPhone 17 pro max.I took the decision to order S26 ultra 12/512 Black.I sold my Apple Watch Ultra and I will sel the phone to.Is a good choice? I bored IOS and the same thing 10 years now.I think I need a change.",galaxys26ultra,1,20,1773259363.0,https://www.reddit.com/r/galaxys26ultra/comments/1rr4nya/apple_to_samsung/
1rp6apn,Do you guys seriously not notice the fuzz on the display ?,"Do you guys seriously not notice the fuzz on the display ? These Samsung phones have this fuzzy kind of look to them . You can see it with black text on light backgrounds , you can see it on the quick settings icons against the background , you can see it on the app icons against a light background.

The display is jut simply not sharp and crisp. Compared to iPhone you can see it’s just not as good. The iPhone is clear and crisp and satisfying but the s26 is not. I think most people don’t notice it but some of us do. It’s not satisfying to look at . To me a good display means I don’t notice any flaws or grain or fuzz , it’s just clear. If I notice any flaws or blurriness or fuzz or whatever then it’s just not satisfying and it’s disappointing . 

People get emotional and upset if you point this out but can we just be adults about it and admit that this display is not great and it’s definitely not what it should be on a $1500 device . 

Edit: after reading some stuff about this in other places it’s apparently called “mura effect” and has been there since the s24 ultra , I had s24 but not s25 so I can’t speak for s25 but for sure the s24 ultra had it and the s26 ultra still has it .

Edit 2: just had a look at a 17 pro max and compared to my 15 pro max the 17 also looks less sharp and crisp . iPhone also using Samsung displays so yeah it seems to me that since the s24 ultra and iPhone 15 pro max that Samsung displays have been trash and even the iPhones don’t look as good.",galaxys26ultra,0,19,1773076628.0,https://www.reddit.com/r/galaxys26ultra/comments/1rp6apn/do_you_guys_seriously_not_notice_the_fuzz_on_the/
1ruybvo,Seeing endless Samsung​ Galaxy S Series comparisons....​,"Seeing endless Samsung​ Galaxy S Series comparisons....​ So since the release of the Samsung Galaxy S26 Ultra I come across atleast five or so comparison posts daily that are so polarized in the sense that people are either totally bashing the S26 to previous models or praising it without flaw to the other models , it literally makes a person think over and over about the purchase that they made if they should have stayed or made the ""upgrade"".. I'm at a point of getting ""anxiety"" using my phone incase a ""flaw"" suddenly appears that are perhaps mentioned on these comparison threads... ><",galaxys26ultra,5,16,1773630797.0,https://www.reddit.com/r/galaxys26ultra/comments/1ruybvo/seeing_endless_samsung_galaxy_s_series_comparisons/
1rm0xgg,Camera vs S25 Ultra,"Camera vs S25 Ultra Got my S26 Ultra today and just wanted to confirm to those wondering that it is a pretty significant upgrade to the camera from my S25 Ultra. I've never been a fan of the way Samsung handles low light and always found it too saturated and over sharpened once the conditions become dim. The wider aperture on the S26U makes a big big difference and I've been testing them side by side. Pictures are much clearer, more natural looking and it keeps the details a lot better. Honestly a bigger upgrade than I was expecting it to be",galaxys26ultra,14,16,1772762245.0,https://www.reddit.com/r/galaxys26ultra/comments/1rm0xgg/camera_vs_s25_ultra/
1rq57ly,Any alternative to this wireless battery pack by Samsung?,"Any alternative to this wireless battery pack by Samsung? I missed out on getting this battery pack as a freebie when I ordered my S26 Ultra. Are there any (better) alternative to this as of now? One that actually fits the new camera notch and has better specs, more than the 5,000 mAh and 15 W wireless charging this provides. Sure I can just use a conventional power bank but a wireless one would be more convenient and easier to carry when I'm filming at a concert or game/race.

This is around $25 for context.",galaxys26ultra,4,15,1773167675.0,https://i.redd.it/b68bl94vh9og1.jpeg
1rmrz6q,Anyone else lol?,Anyone else lol? Hoping I get it tomorrow,galaxys26ultra,1,16,1772835390.0,https://i.redd.it/dh0huset1ing1.jpeg
1rqymov,Finally upgraded from my S23 ultra! First day review down below ⬇️,"Finally upgraded from my S23 ultra! First day review down below ⬇️ Finally decided to upgrade to the S26 ultra this week. AT&T had a killer upgrade promo that was too good to not pass up on. 

First impressions comparing to the S23.

1. Feels a lot smoother display wise. My S23 was starting to lag.
2. Phone lasts longer without needing charge obviously
3. Phone feels noticeably lighter and it almost doesn't have that ""ultra"" feel like the s23 has with the sharp corners
4. Camera quality is noticeably better however the S26 cannot take photos as upclose as the S23.
5. Obviously no Bluetooth s pen which really sucks I loved using that feature but I can do it with my watch so thats good.
6. I enjoy the subtle UI changes to everyday apps. Always nice having a change of look with a new phone.
7. Camera lens stick out more so if you dont have a case or you have a smaller case it'll sit uneven on a flat surface.
8. Privacy display is awesome. I personally set it for banking apps, passwords, notificationsand such. It does degrade the resolution when it's on but if im on banking apps and such I don't care.

Overall these are my first impressions of having it for only a day. I would say this is a noticeable upgrade however it's not anything out of this world. Privacy display is easily the best new feature of this phone. My minor gripes lie with the Bluetooth s pen being removed and ability to take upclose photos being downgraded. If it's an ultra phone it should give me all the great features the previous phones had. Overall I like the phone and ill probably keep it for 3 years until I upgrade again like I did with the S23.",galaxys26ultra,42,10,1773246721.0,https://www.reddit.com/gallery/1rqymov
1rj9k5y,Before you buy: Accessories (UK),"Before you buy: Accessories (UK) Before you dive into any bundle offers through Samsung for accessories and stuff, check the prices online first.


In each screenshot you can see the exact same basket (new plug, wireless charger and S26U screen protector), but one basket is samsung directly (with student discount applied too - UNIDAYS) or the regular amazon price.

For eveey accessory, the amazon price is much lower than Samsung directly - even if you account for student discount AND the extra 30% off accessories WBW the phone. 

Also, the ""Super Fast Charging 2.0"" is an error on Amazon's part. It is the new 60W one, and you can confirm this by clicking on the product details and confirming you are placing a preorder.

Anyone else getting cheaper prices elsewhere? I even saw that the cases were £25 though Amazon but £44 through Samsung...",galaxys26ultra,5,16,1772495608.0,https://www.reddit.com/gallery/1rj9k5y
1reouv5,Why screen is so dull ?,"Why screen is so dull ? Above pic is comparison between IQOOO 15 Ultra vs S 26 Ultra. Why the s 26 ultra screen is so dull ? I own a S 24 Ultra and it having same characteristics, when I seen another non flagship amoled phone I felt 24 ultra display whitish or colour temp having some misses ? I have tried to make it similiar by adjusting various methods, unfortunately did not help. IQOOO 15 ultra and s26 ultra both having antireflective coating. Any idea why there is a difference in colour ?",galaxys26ultra,29,13,1772051309.0,https://i.redd.it/u387i34caplg1.jpeg
1rlz7gp,Finally here S26U,"Finally here S26U Pre-ordered Feb 25, received it today March 5 in Toronto. This is the way.",galaxys26ultra,20,12,1772757736.0,https://i.redd.it/hk2eutuwmbng1.jpeg
1rj1eqr,Preorder of s26u,"Preorder of s26u Preordered the s26u on feb 25

traded in my s25u for the s26u (prices in CAD) 🫡🔥

this is the way 🔥

\[original post deleted because of bad flair\]",galaxys26ultra,4,14,1772477259.0,https://i.redd.it/2mroyyqwgomg1.jpeg
1ro3med,Apple à Samsung ?,"Apple à Samsung ? Hello everyone,

Apple user for 12 years, I'm starting to saturate. My whole family is on iPhone, I have a MacBook and an AppleWatch, but my current experience makes me doubt

The problem: My iPhone 15 Pro Max is like new, but the lock button is ""tired"" and responds badly. Apple asks me for €700 for the repair. I prefer to change it now to take advantage of a trade-in offer before it is totally HS

The dilemma:

• The iPhone 17 Pro Max does not convince me at all, whether on design or lack of innovation.

• The Samsung S26 Ultra attracts me a lot with its design and features, and I want to keep a large screen.

After more than a decade in the ecosystem, I'm afraid of regretting the change (iMessage, habits, resale)

For those who left iOS after years, is grass really greener elsewhere? Is the adaptation fast or do we always end up going back?

Thank you for your feedback",galaxys26ultra,7,12,1772972804.0,https://www.reddit.com/r/galaxys26ultra/comments/1ro3med/apple_à_samsung/
1rut1x2,Trade-in successful! Best News 😀,Trade-in successful! Best News 😀 It took fewer days after I got an email that they received the trade-in.,galaxys26ultra,23,8,1773616551.0,https://i.redd.it/5vfl6folkapg1.jpeg
1rjiqe9,Anyone get a better price in Canada?,"Anyone get a better price in Canada? https://preview.redd.it/ae3z3ytr4smg1.png?width=1902&format=png&auto=webp&s=42193b8afef3831aa2ee39ec6200d2257a93abca

Sold my S25U 512GB for $1100 and buds 3 pro for $125 for a total of $1225.   
  
Rakuten is giving me 10% cashback on the $1362 so $136.   
  
$1225+$136 = $1361

So basically costing me just the tax on the $1362 to upgrade which is $177.",galaxys26ultra,3,12,1772521861.0,https://www.reddit.com/r/galaxys26ultra/comments/1rjiqe9/anyone_get_a_better_price_in_canada/
1rnlz3f,"Best ""Wobble-Free"" case? Looking for slim","Best ""Wobble-Free"" case? Looking for slim ​Ciao a tutti! Ho appena preso l'S26 Ultra e sono in attesa che arrivi . 
Sto scegliendo il case giusto, ma mi preoccupa il ""wobble"" causato dal nuovo modulo fotocamera quando si appoggia sul tavolo.
​Sto cercando una custodia che rispetti questi criteri (budget circa 30€):
​Architettura Wobble-Free: Deve stare abbastanza piatto sulla scrivania senza dondolii fastidiosi.
Ho puntato la Ringke Onyx per i suoi ""corner lips"".

​Focus Stash Stand: Qualcuno usa la serie ESR con Stash Stand? Lo stand intorno alla fotocamera rimane a filo o aggiunge troppo spessore al profilo slim del telefono?.

​inoltre Non vorrei superare i 2-2.5 mm di spessore aggiunto sul retro. Avendo Samsung Care+, preferisco l'ergonomia alla protezione estrema.
​Al momento la mia shortlist è:
​ESR Classic Hybrid 
​Ringke Onyx 
​Spigen Tough Armor (anche se lo spessore mi spaventa un po').
​Qualcuno che le ha già provate può darmi un feedback reale sulla stabilità e sull'ingombro in tasca? Grazie!",galaxys26ultra,2,11,1772919024.0,https://www.reddit.com/r/galaxys26ultra/comments/1rnlz3f/best_wobblefree_case_looking_for_slim/
1rju7k6,"10bit, 8bit, shrugs - the only thing I wonder is why we are getting them tomorrow when they're officially only available from March 6th :)","10bit, 8bit, shrugs - the only thing I wonder is why we are getting them tomorrow when they're officially only available from March 6th :) Prices are in Swiss Francs",galaxys26ultra,6,11,1772556084.0,https://i.redd.it/8okacqz0zumg1.png
1rt0lur,Upgraded s24u to s26u,"Upgraded s24u to s26u I recently upgraded from the Samsung Galaxy S24 Ultra Yellow to the Samsung Galaxy S26 Ultra Blue. I have really been enjoying the privacy screen so people cannot look over my shoulder. I have also really been enjoying the new rounded design because the boxy design of the S24 Ultra was really uncomfortable in the hand. I am really, unfortunately, sad that Bluetooth was removed from the S-Pen, but that is whatever at this point. It was removed last year. I didn't see the point in upgrading last year because the S24 to S25 wasn't that big of an update. I'm really loving this extremely fast charging at 60 watts, up from 45 watts; it's weirdly a crap ton faster. Also, the improved picture and video brightness from the bigger lenses is very much appreciated. The quality looks better.",galaxys26ultra,10,9,1773437905.0,https://www.reddit.com/r/galaxys26ultra/comments/1rt0lur/upgraded_s24u_to_s26u/
1rpweha,Mandatory Age Attestation,"Mandatory Age Attestation More people need to be talking about this. I have purchased over a dozen Samsung flagship phones over the years and for the first time ever on the s26 ultra, Samsung now forces you to enter your date of birth.  I am not talking about setting up a Samsung account. I am talking about just in order to use any part of your phone whatsoever. You cannot get through the initial mandatory setup of the device without entering your whole date of birth. 


This is an overstep and a privacy nightmare. Call me a tin foil hat wearing conspiracy theorist, but this is the first step of the age attestation that people in power want. They want you to have to eventually upload a government-issued identification so that they can tie your identity to every single thing you do online and on your device.",galaxys26ultra,5,10,1773147952.0,https://www.reddit.com/r/galaxys26ultra/comments/1rpweha/mandatory_age_attestation/
1rmgig0,MrWhoseTheBossReview,"MrWhoseTheBossReview What did everyone make of MrWhoseTheBoss' S26 Ultra review?

I think he correctly called Samsung out for their shortcomings.",galaxys26ultra,0,11,1772809759.0,https://www.reddit.com/r/galaxys26ultra/comments/1rmgig0/mrwhosethebossreview/
1rnn84l,"Help, can't get supercharging 3.0 activated, not getting 60 watts, hell not even 45 watts","Help, can't get supercharging 3.0 activated, not getting 60 watts, hell not even 45 watts So I have a number of chargers from Tessan, Anker, and Ugreen, and none of them allow my s26 ultra to charge at Supercharging 3.0 and achieve 60watts. I use Baseus 100w USB cables, and the main charger I use is Tessan (a travel charger) it's GAN and it's rated for 140w. However I'm only getting a max of 25 watts fast charging, and nothing more. I'm not even getting 45 watts fast charging let alone 60 watts. I have ensure that I have fast charging activated and have also restarted the phone.  
  
Why is this happening, and is there something wrong with my phone. Is anyone else having these problems? I can't even tell which Samsung charger I should order, there is one, with one USB port that is 60watts, and a 65 watt one with 3 ports, so I can't tell which to buy.  
  
Loving the phone, but a little confused, and disappointed that my new phone is not charging as per advertised speeds.",galaxys26ultra,2,10,1772922089.0,https://www.reddit.com/r/galaxys26ultra/comments/1rnn84l/help_cant_get_supercharging_30_activated_not/
1rrbguo,Better keyboard settings for autocorrecting,"Better keyboard settings for autocorrecting I recently switched from the iPhone 15 Pro to the S26 Ultra and I’ve been absolutely loving it so far. The only issue I’ve noticed over the last few days is that the keyboard auto-correct and spell check don’t seem as good as what I was used to on iPhone.

I find myself having to correct words more often where my iPhone would have automatically fixed or caught them. I’m guessing I probably just don’t have something configured correctly in the settings. I do have auto spell check turned on (as shown in the screenshot).

I also noticed that it doesn’t automatically capitalize “I”, which my iPhone always did.
I use Discord a lot, and it seems like the auto-correct struggles there the most. Maybe it’s just me getting used to the new keyboard, but I wanted to ask other experienced Samsung users if they have any tips or settings I should change to improve it.

I recently switched from the iPhone 15 Pro to the S26 Ultra and I’ve been absolutely loving it so far. The only issue I’ve noticed over the last few days is that the keyboard auto-correct and spell check don’t seem as good as what I was used to on iPhone.

I find myself having to correct words more often where my iPhone would have automatically fixed or caught them. I’m guessing I probably just don’t have something configured correctly in the settings. I do have auto spell check turned on (as shown in the screenshot).

I also noticed that it doesn’t automatically capitalize “I”, which my iPhone always did.
I use Discord a lot, and it seems like the auto-correct struggles there the most. Maybe it’s just me getting used to the new keyboard, but I wanted to ask other experienced Samsung users if they have any tips or settings I should change to improve it.

Appreciate any help!",galaxys26ultra,1,9,1773274540.0,https://i.redd.it/gi3uf0xmbiog1.jpeg
1rv12z9,Trade in/return question,"Trade in/return question So, I had initiated a return for my S26 Ultra through Samsung yesterday, but now I want to keep the phone, and continue with the original trade in of my S25 Ultra. Samsung told me as long as I send back the trade in device with the specific trade in shipping label, all should be good and I can keep the S26U. Just wanted to ask reddit here to confirm that this is correct? As I'm sure others have been through this before. Thanks in advance!",galaxys26ultra,2,8,1773639544.0,https://www.reddit.com/r/galaxys26ultra/comments/1rv12z9/trade_inreturn_question/
1rlv0br,Anyone see this from the past pre-orders know if this is accurate for delivery date?,"Anyone see this from the past pre-orders know if this is accurate for delivery date? I'm wondering if this is pretty accurate, or kind of like a ""cover your butt"" kind of thing. since I'm late to the pre-orders, I get that it could be delayed but a month seems a bit much maybe. Hoping others had this on past models and mostly was delivered ahead of that date",galaxys26ultra,0,9,1772747690.0,https://i.redd.it/bmtbcv81tang1.jpeg
1rnkr8j,"Perfect 3 in 1 for S26U, charges at 25W","Perfect 3 in 1 for S26U, charges at 25W [https://a.co/d/080IXhSL](https://a.co/d/080IXhSL)",galaxys26ultra,2,8,1772916063.0,https://i.redd.it/xs26g2zjpong1.png
1rvn6m1,Adaptive color tone on or off? Also vivid or natural?,"Adaptive color tone on or off? Also vivid or natural? Just not sure which option to pick.  Also bonus question, what's the better display: vivid or natural?

As you know these are all settings you can choose for the Samsung Galaxy S26 Ultra.

Just want the best looking option.",galaxys26ultra,2,6,1773697188.0,https://www.reddit.com/r/galaxys26ultra/comments/1rvn6m1/adaptive_color_tone_on_or_off_also_vivid_or/
1rtokpq,Which one is better?,Which one is better?,galaxys26ultra,0,6,1773507534.0,https://i.redd.it/36osot4fk1pg1.png
1rphbhu,It has arrived.,"It has arrived. Arrived on the 9th of March at 7pm for the Midwest! Excited to open it all and get it setup. Switching from

iPhone",galaxys26ultra,15,4,1773100884.0,https://i.redd.it/f5vsmrk9z3og1.jpeg
1rplwmh,my order was cancelled!,"my order was cancelled! my order was cancelled because of the conflict in the middle east, there's a shortage of units! 😅 had to pre-order it again 🤷",galaxys26ultra,13,5,1773112793.0,https://i.redd.it/ma7uuc9oy4og1.png
1rubucd,Looking forward to joining the Samsung Knights 🫡⚔️,Looking forward to joining the Samsung Knights 🫡⚔️ A few years ago I had an iPhone. Made the switch to a Google Pixel and really enjoyed android. Now I've decided to test out the waters with this beautiful looking device. Seriously can't wait 🥳,galaxys26ultra,25,3,1773574640.0,https://i.redd.it/qmxtnihz37pg1.jpeg
1rv0ym6,Caudabe Sheath,"Caudabe Sheath I thought I had made up my mind that I was going to get a UAG Monarch for my phone. Then I found the Caudabe Sheath. Totally different look and feel from my previous UAG cases, obviously, but I'm really digging the Celestial Blue. So conflicted lol. Does anyone have this case that can chime in about it?
https://caudabe.com/products/sheath-samsung-galaxy-s26-ultra?variant=43668775370849",galaxys26ultra,1,3,1773639116.0,https://www.reddit.com/r/galaxys26ultra/comments/1rv0ym6/caudabe_sheath/
1rp59je,First update? Anyone had Feb patch and first minor update?,"First update? Anyone had Feb patch and first minor update? The full version of One Ui 8.5 lands on the 11th (so all the reviews and initial tests still aren't using the final release build) but the internal builds have been on the Feb security patch since early Feb. Anyone had a security patch yet?

All the Google Ai stuff goes live on the 11th too (if it's supported in your area).",galaxys26ultra,2,5,1773074453.0,https://i.redd.it/6836ei6os1og1.jpeg
1rmx5e7,Ordered birthday gift for my small brother at the last moment,"Ordered birthday gift for my small brother at the last moment He currently has 24 Ultra, he has told me multiple times about bad battery and too much heating while gaming. 

So, i thought to give him some surprise. He currently has 512gb S24U, this is 256gb. Let's see what he gonna say about that 🫠",galaxys26ultra,13,4,1772848631.0,https://i.redd.it/x28r62yp4jng1.png
1rkdwwx,Do not buy this Adaptor,"Do not buy this Adaptor Do not buy this Adaptor it only Supports 45w PPS so therefore it doesn’t Support 60W for S26 Ultra, Also any charger that supports upto 65 PPS works SFC 3.0",galaxys26ultra,6,5,1772605063.0,https://i.redd.it/q5zdrbgx0zmg1.jpeg
1rtt4ph,Need yall help,"Need yall help I used to have Samsung message app  and passcode 4 digit without tap ok on my s25+ 

But now I have s26 ultra I couldn’t find Samsung message app in Galaxy store and it’s not work passcode 4 digit without tap ok on it",galaxys26ultra,0,4,1773518130.0,https://www.reddit.com/r/galaxys26ultra/comments/1rtt4ph/need_yall_help/
1rkjiqi,Is anyone facing this issue?,"Is anyone facing this issue? Hi, 

Is anyone else facing this loading issue on order page of Samsung India? Trying to check the order status since morning but the page is not loading definitely not an internet connection issue.",galaxys26ultra,1,5,1772625361.0,https://i.redd.it/13dow2eap0ng1.jpeg
1rpxma4,Too early for battery?,"Too early for battery? I last minute did a preorder as I got to hold my wife's phone and I love the feel and ergonomics. I have to say for someone owning almost every Ultra device Samsung has put out, a big struggle for me has been battery life. Even on my s25 ultra it barely last me until 5 or 6 pm everyday. Obviously this isn't a deal breaker but really hope the s26 Ultra has improved. Can any one speak on the battery life yet or is it too early to tell?",galaxys26ultra,2,4,1773151015.0,https://www.reddit.com/r/galaxys26ultra/comments/1rpxma4/too_early_for_battery/
1rpqpp6,Finally upgraded!!,"Finally upgraded!! So I initially owned the Samsung Galaxy S10 Plus, then in January I upgraded to the Samsung Galaxy S25 Ultra 512GB, but I only inoboxd it in the store (as per the stores policy) and then I just kept it in my cupboard at home and didn't ever touch it again, cause I couldn't quite figure out how to copy literally everything from my S10 Plus to my new phone, so I was holding off then realizing this week (yesterday) that the Samsung Galaxy S26 Ultra Black 512GB version is already released in Myanmar, I went to the store and thought to rather just buy the latest flagship model and I gave my girlfriend my S25 Ultra. So after officially using it for a day I can say it's a massive upgrade from that of the S10 Plus and it was a win win for me and my girlfriend! 😃. My S10 Plus served me VERY WELL over the past seven years.  I don't know how to make my post of my phone viewable directly on Reddit like others do, there doesn't seem to be a way when using your phone...",galaxys26ultra,2,4,1773128843.0,https://www.reddit.com/r/galaxys26ultra/comments/1rpqpp6/finally_upgraded/
1rjer9n,"Seems embargo is being ignored by all, just us buying legit need to wait.","Seems embargo is being ignored by all, just us buying legit need to wait. Just saw an ad in my local Facebook Marketplace for an S26 Ultra for sale. Samsung should just ship all now, it's frustrating doing the right thing and needing to wait, unlike others.",galaxys26ultra,2,5,1772509234.0,https://www.reddit.com/r/galaxys26ultra/comments/1rjer9n/seems_embargo_is_being_ignored_by_all_just_us/
1roj2oz,Galaxy Fold 7 trade-in $900?,"Galaxy Fold 7 trade-in $900? How are they only offering $900 for a $2k phone that was just released last August? The same amount as the s25 ultra, wtf?

Was expecting at least $1300 for the fold 7. Very stingy and disappointing.

Verizon is offering $1300 but have to sign up for a different plan, will probably do that I guess.",galaxys26ultra,0,4,1773010215.0,https://www.reddit.com/r/galaxys26ultra/comments/1roj2oz/galaxy_fold_7_tradein_900/
1rtw9y3,About Samsung message app and passcode 4 digital without tap ok,"About Samsung message app and passcode 4 digital without tap ok I used to have Samsung message app  and passcode 4 digit without tap ok on my s25+

But now I have s26 ultra I couldn’t find Samsung message app in Galaxy store and it’s not work passcode 4 digit without tap ok on it

I don’t like Google messages 🥲",galaxys26ultra,1,3,1773525657.0,https://www.reddit.com/r/galaxys26ultra/comments/1rtw9y3/about_samsung_message_app_and_passcode_4_digital/
1rwprxj,Jumping off the Apple Wagon,"Jumping off the Apple Wagon **TL;DR:** 

After years of switching between iPhones and Android devices, I decided to settle with the Samsung S26 Ultra because it serves my needs better, supports Dolby Atmos, works with my Sony earbuds better, allows me to access the file system, doesn't restrain me from switching markets and downloading market-specific apps, and has an amazing 6.9-inch screen that lets me watch content, read books, make notes, and keep it all in one pocket without the need to take a sling or a backpack.

**The long version:** 

I've used Apple products since 2013. My first iPhone was the iPhone 4S, but before that I'd used an OG Galaxy Note. It was amazing and I loved it deeply, but the peer pressure from the people around me and the overall sentiment of iOS being more premium forced me to switch to iOS again and again. Later, I switched to the Galaxy Note 3 and again it was amazing, until I switched to the iPhone 6, Apple Music came to my country, and I got stuck with iCloud, the ecosystem, and the common belief that iPhones are better. Until last year, when Samsung released the S25 Ultra and I tried it for a short time. It looked and felt like a completely different beast. I was curious and I wanted more. This year I was fortunate enough to move to Japan and I see iPhones on every corner, from an old and rusty iPhone 7 to the newest iPhone 17 Pro Max (the tangerine orange is so tacky you can't miss it). This popularity of Apple everywhere is one of the reasons I decided to jump ship. My eyes were fixed on the Galaxy S26 Ultra and I took the leap of faith. I took the train with multiple transfers to get to the Yodobashi store in Akihabara, picked up the phone, waited behind a bunch of tourists, and finally opened the box. It's supreme. It's like reliving the Galaxy Note 8 [advertisement](https://www.youtube.com/watch?v=s__m7oxw01Y) in real life. At least, that's how I felt.

Being a foreigner in Japan and learning the language, it's sometimes super overwhelming to understand what things mean, and it took a lot of friction to translate kanji to English on an iPhone. Now I can just ask Google to translate an app on my screen and still use it.

Also, I'm shocked that in 2026 Apple can forbid me from switching regions and requires me to wait until May 2026 (my subscription expiration date) to switch to Japan. With Google I just created a new payment profile and now I can see all the Japan-specific apps.

Overall, the Galaxy S26 Ultra feels light — at 214 grams, somehow it feels lighter than my 177-gram iPhone 17. And don't get me started on the corner rounding. iPhones and Pixels are going towards a pill-shaped form factor, but I prefer the more rounded rectangle shape of the S26U. It looks far more premium, especially the black variant I got, compared to any iPhone I've seen and used. iOS 26 Liquid Glass spends so much time and effort showing me beautiful light-rendered refractions, as if that's what I should be paying attention to — but Samsung's One UI is snappy from the start, and with Good Lock's adjustments it gets even snappier and eliminates all friction.

The screen is wonderful, vivid, and big enough for me to forget I ever owned an iPad Mini. I haven't used the Privacy Display yet — plus my boyfriend would complain that I'm hiding something from him lol.",galaxys26ultra,4,2,1773796287.0,https://www.reddit.com/r/galaxys26ultra/comments/1rwprxj/jumping_off_the_apple_wagon/
1rq3pkq,Anti reflective screen protector?,Anti reflective screen protector?,galaxys26ultra,2,3,1773164534.0,https://i.redd.it/kzp4th1g89og1.jpeg
1ruos6a,Missing features,"Missing features I saw this article which talks about a feature in settings -> advanced features called ""covert motion pictures""

https://www.sammyfans.com/2026/03/14/samsung-galaxy-s26-one-ui-8-5-convert-motion-photos/

I don't  see this feature on my S26 Ultra!

Also there was a tweet that said thay S26 Ultra will be able to airdrop files to apple devices using quick share - that isn't working either.

Am I missing anything or everyone is missing these features?",galaxys26ultra,3,2,1773606440.0,https://www.reddit.com/r/galaxys26ultra/comments/1ruos6a/missing_features/
1rsam2d,Wireless Charging,Wireless Charging It seems like my non-samsung vent mounted wireless charger is charging my s26 ultra at its full 15 Watts.  For my s23 base it was restricted to 10 watts. Anyway its been charging my phone while running google maps while on my s23 the 10 watts just keept it from draining.,galaxys26ultra,6,2,1773367392.0,https://www.reddit.com/r/galaxys26ultra/comments/1rsam2d/wireless_charging/
1rn77dr,Amazon AU 1TB version w 12GB RAM?,"Amazon AU 1TB version w 12GB RAM? Want to preorder the s26 ultra 1TB from Amazon AU, but noticed in description it has 12GB RAM. Is that correct? Should the AU version have 16GB for the 1TB option?",galaxys26ultra,1,3,1772881141.0,https://i.redd.it/1tb9neoutlng1.jpeg
1ricgkq,Bestbuy Discounts,Bestbuy Discounts,galaxys26ultra,1,3,1772407174.0,https://i.redd.it/x79nx3bioimg1.jpeg
1roofgk,New to Samsung and looking for a little advice,"New to Samsung and looking for a little advice Where can I find some good information for a not real tec savy person going from a Motorola 2022 G stylus to it course the S26 ultra, I have one on its way this week and also what cases have you all been going with id love to see some pictures, thanks in advance",galaxys26ultra,1,2,1773024253.0,https://www.reddit.com/r/galaxys26ultra/comments/1roofgk/new_to_samsung_and_looking_for_a_little_advice/
1rhp3uq,Pre ordered the Silver Shadow S26U + GW8 classic (UK),"Pre ordered the Silver Shadow S26U + GW8 classic (UK) After starting with a budget Galaxy M32 and then switching to the Nothing Phone 2, I've finally made my way back to Samsung after nearly three years.

With the pre-order offer and student discount, I managed to get the 1TB S26 Ultra along with the Watch 8 Classic for £1.6k, which I'm pretty happy with considering the storage and bundle.

I've had my Galaxy Watch 5 for over three years now, so I was already thinking about upgrading. When I saw the deal on the Classic, it felt like a good opportunity to upgrade both at the same time.

My family have already been hardcore Samsung users, with a Z fold 4 user and a Z flip 5 user, and One Ul is just too goated, I had to make the switch back.

It's been a long time coming, can't wait to finally get my hands on it.",galaxys26ultra,6,2,1772343401.0,https://i.redd.it/geqothpvedmg1.jpeg
1rqrnvk,"Is this, the only anti-reflective glass screen protector with a cutout for the front camera?","Is this, the only anti-reflective glass screen protector with a cutout for the front camera?",galaxys26ultra,0,1,1773230058.0,https://i.redd.it/iwi01b67neog1.png
1rwo7j9,Unable to add Quick Settings icons,"Unable to add Quick Settings icons I just noticed something really strange. When I want to Edit my Quick Settings panel (add more buttons), the 'Available Buttons' aren't showing, so I cannot drag and drop any other settings I want to add to the Quick Panel.

This is a really bizarre glitch and I was wondering if it was widespread/known by Samsung.

There is a thread in the Samsung Members app where users have reported this issue in the 8.5 beta builds, but to have it in the stable 8.5 build on the S26 Ultra is very odd.

Anyone else run into this bug?",galaxys26ultra,1,0,1773792334.0,https://www.reddit.com/r/galaxys26ultra/comments/1rwo7j9/unable_to_add_quick_settings_icons/
1rp0y0g,Amazon now have Gift Card + Trade In offer Expires Tomorrow,"Amazon now have Gift Card + Trade In offer Expires Tomorrow The Deal on amazon now have Gift Card + Trade In which makes good for few depending upon what phone do you have 

[S26Ultra](https://www.amazon.com/Samsung-Unlocked-Smartphone-Charging-Warranty/dp/B0G4SZ6SJY?pd_rd_w=1rnNf&content-id=amzn1.sym.8b774f38-e5e5-4163-b4f7-cee506267d46&pf_rd_p=8b774f38-e5e5-4163-b4f7-cee506267d46&pf_rd_r=9QYV64VRN0GRXSHV0Q06&pd_rd_wg=tRo95&pd_rd_r=0650d78d-2f52-439d-bae6-3653c0818adf&pd_rd_i=B0G4SZ6SJY&th=1&linkCode=ll2&tag=trendingfindzamz-20&linkId=9833e2143db9a666214a49c8fd236a1c&language=en_US&ref_=as_li_ss_tl)  
[S26+](https://www.amazon.com/Samsung-Unlocked-Smartphone-Charging-Warranty/dp/B0G4SYWBQP?pd_rd_w=1rnNf&content-id=amzn1.sym.8b774f38-e5e5-4163-b4f7-cee506267d46&pf_rd_p=8b774f38-e5e5-4163-b4f7-cee506267d46&pf_rd_r=9QYV64VRN0GRXSHV0Q06&pd_rd_wg=tRo95&pd_rd_r=0650d78d-2f52-439d-bae6-3653c0818adf&pd_rd_i=B0G4SZ6SJY&th=1&linkCode=ll2&tag=trendingfindzamz-20&linkId=18d0e106f66ce401348748ab4517e8c8&language=en_US&ref_=as_li_ss_tl)  
[S26](https://www.amazon.com/Samsung-Unlocked-Smartphone-Charging-Warranty/dp/B0GH3B3PFH?pd_rd_w=1rnNf&content-id=amzn1.sym.8b774f38-e5e5-4163-b4f7-cee506267d46&pf_rd_p=8b774f38-e5e5-4163-b4f7-cee506267d46&pf_rd_r=9QYV64VRN0GRXSHV0Q06&pd_rd_wg=tRo95&pd_rd_r=0650d78d-2f52-439d-bae6-3653c0818adf&pd_rd_i=B0G4SZ6SJY&th=1&linkCode=ll2&tag=trendingfindzamz-20&linkId=c703591cd38a2c150d9a5997d013c841&language=en_US&ref_=as_li_ss_tl)

This expires tomorrow 03/10/2026",galaxys26ultra,2,1,1773064747.0,https://www.reddit.com/gallery/1rp0y0g
1rpj35r,Super fast charging not working???,"Super fast charging not working??? I still have my S24 ultra with me and I downloaded AMPERE on both. The photos I uploaded are from my S26 Ultra. On my S24 the fast charging is pulling in enough wattage. On my brand new S26 Ultra my old charger shows up as 2.0 but pull in only 1.5 watts.... I got a new charger and it keeps showing up as super fast charging 3.0 and only 30 some minutes till full.

But it's only pulling in a few watts and is not getting charged.

So what the heck is happening???",galaxys26ultra,0,0,1773105342.0,https://www.reddit.com/gallery/1rpj35r
1rh4hfx,Samsung s-view flip case?,Samsung s-view flip case? I have a s21 ultra and just preordered a 26 ultra. I've been using a Samsung brand s-view flip case.  It looks like Samsung offered that idental case for other ultra versions but I don't see anything regarding the s26 ultra.  Anyone know if that's coming or have seen anything on that style Samsung case? Thanks,galaxys26ultra,2,2,1772290092.0,https://www.reddit.com/r/galaxys26ultra/comments/1rh4hfx/samsung_sview_flip_case/
1rfhxag,We wiped. Went ahead and pre-ordered my very first Samsung phone,"We wiped. Went ahead and pre-ordered my very first Samsung phone Went ahead and finally decided to pre-order my very Galaxy phone after launch. Bumped up from the S25 Ultra which I have sold to a family member of mine who's been using an Iphone 11 which is sadly on it's last legs. Everyone in the household uses Samsung and they were the final one using an Apple device so safe to say, everyone in the family is now officially under the Samsung bubble.

Sure, it isn't much of a bump from the 25U but considering it's going to someone in the family? I'd say it was worth doing the upgrade. At least they won't be suffering from a dying iPhone anymore.",galaxys26ultra,19,0,1772130024.0,https://i.redd.it/moyq2eb1svlg1.png
1rp6t3s,S26U Speakers Tip/Tweak,"S26U Speakers Tip/Tweak Hey everyone! I think the speakers sound really nice on the S26 Ultra, but I just wanted to share my little adjustment I made to further improve them by giving them a little modest bump in the low frequencies.

(The speakers are pretty well protected with the smart amplifer algorithms but still do this at your own risk, and don't make too extreme changes. If the speakers start to sound like they're struggling or distorting pull it back until they stay clean.)

I downloaded an app called Equalizer (pic attached) to adjust the EQ and ""Bass Boost"".

First thing I did was go into settings and enable ""Always Attach To Global Mix""
This makes sure the EQ app is working across all applications.

Bass Boost: 
I set this to about 51%
(If you have the paid app, change the boost frequency to 40Hz as it compensates against Samsung's high-pass filter they have set in the speaker systems driver.)

My EQ settings are attached on the 3rd slide. Play with it a little.  I mostly left all the other frequencies as I find the stock tuning very pleasant and nice.",galaxys26ultra,2,0,1773077698.0,https://www.reddit.com/gallery/1rp6t3s
1rnyax7,Camera Auto FPS Bug!,Camera Auto FPS Bug! On my s25 ultra the camera at 60 FPS is super smooth and there's no flicker in any of the lights. On the s26 ultra there seems to be an issue where Auto FPS never actually switches off. I tested turning it on and off at 60 FPS and there's no difference. Meanwhile I can induce the same issue on the s25 ultra by turning on auto FPS which causes light flicker. When I switch it off the video is completely smooth and locked at 60 FPS. I really hope Samsung fixes this because it's really annoying.,galaxys26ultra,0,0,1772954092.0,https://www.reddit.com/r/galaxys26ultra/comments/1rnyax7/camera_auto_fps_bug/
1rn9oke,Is the Silicone Magnet Case selling on the Samsung website Qi2.2 25W certified?,Is the Silicone Magnet Case selling on the Samsung website Qi2.2 25W certified?,galaxys26ultra,0,0,1772889247.0,https://i.redd.it/m8l5bi2uhmng1.png
1rfmqms,Bag is secured. $650 off and free storage upgrade,"Bag is secured. $650 off and free storage upgrade I was not going to upgrade this year (Samsung is being ridiculous by not offering free memory upgrade and upcharging $200 for extra storage, plus upgrade is incremental of course), but could not pass this Google Fi deal. 
Essentially a free upgrade after I unload my S25U 512gb on hardwareswap or swappa for $650-700.",galaxys26ultra,2,0,1772140663.0,https://i.redd.it/hhc18fc1owlg1.jpeg
1rucr05,First time zooming in with s26 ultra,First time zooming in with s26 ultra First ultra phone im very impressed with the zoom and the post photo sharpening.,galaxys26ultra,288,103,1773577587.0,https://www.reddit.com/gallery/1rucr05
1rnmn9v,Let me see your case choice for the S26 Ultra 😍,"Let me see your case choice for the S26 Ultra 😍 Pitaka and dbrand tank 🙌🏼
Do you use screen protector? How's the fingerprint scanner when using screen protector.",galaxys26ultra,72,177,1772920659.0,https://i.redd.it/drucpa0d3png1.jpeg
1rqva5t,Which phone cases did you get for your Galaxy S26 Ultra?,Which phone cases did you get for your Galaxy S26 Ultra? I just ordered a Pitaka Golden Glint case.,galaxys26ultra,24,163,1773239302.0,https://www.reddit.com/r/galaxys26ultra/comments/1rqva5t/which_phone_cases_did_you_get_for_your_galaxy_s26/
1rghyzt,"Don't use S26 Ultra without a cover. Someone already made a dent with a single fall. Welcome Aluminum, bye bye titanium","Don't use S26 Ultra without a cover. Someone already made a dent with a single fall. Welcome Aluminum, bye bye titanium",galaxys26ultra,152,100,1772224214.0,https://i.redd.it/16pqw6jgk3mg1.jpeg
1rtl8ts,I’ve been playing with my s26 ultra for three days now,"I’ve been playing with my s26 ultra for three days now I trade from s25+ to s26 Ultra it’s my first time with ultra I’ve been use galaxy (plus) whole my life 

Battery, camera quality, screen etc is amazing ! It’s blow my mind and with privacy display off , I don’t see any issues on it so far it just look fine with me i believe they’re either hating , jealous or Apple users I feel like they’re lying to people so they wouldn’t buy s26 ultra 😂 no issues on my s26 ultra not even one just don’t listen haters and go see it for yourself but for me definitely worth every penny ! If anyone have questions about s26 ultra let me know",galaxys26ultra,157,70,1773499517.0,https://www.reddit.com/gallery/1rtl8ts
1rlhy3j,Charging Issues with the S26 Ultra,"Charging Issues with the S26 Ultra So, I got my new S26 Ultra today, and I used to have an S22+ that did Superfast Charging 2.0.

I've got this Ambrane 65W GaN charger and a 100W Anker cable that worked great for Superfast Charger 2.0 on my S22+.

But when I try to charge my S26 Ultra with the cable it came with, it only says ""Superfast charging,"" not 2.0 or 3.0.

However, if I use my old cable with the S26 Ultra, then it does Superfast Charging 2.0.

So, here's what I'm thinking:

1. The cable that came in the box doesn't do Superfast Charging 2.0.

2. I can't even get Superfast Charging 3.0 on my S26 Ultra, even with my 65W PD GaN charger and 100W Type C cable.

Anyone else having a different experience? Let me know in the comments!",galaxys26ultra,111,82,1772718166.0,https://i.redd.it/cjrso1s8d8ng1.jpeg
1rsrmg9,A few s26 ultra cases,A few s26 ultra cases A few cool cases,galaxys26ultra,93,81,1773418352.0,https://www.reddit.com/gallery/1rsrmg9
1rlkfgg,Got the S26 Ultra from S23 Ultra,"Got the S26 Ultra from S23 Ultra Soooo, I traded in my S23 Ultra for the S26 Ultra.

Initial Impressions: 

- The shape feels much more comfortable and I can also feel the lightness.

- Already missing the Spen Bluetooth and 10x Telephoto

- A few OS bugs here and there with AOD and other apps.

Will see how it feels after using for a longer time. 

Cheers",galaxys26ultra,125,68,1772724303.0,https://i.redd.it/uz8l3tphv8ng1.jpeg
1ro10e8,First photo with S26 Ultra,"First photo with S26 Ultra I thought I would share this. I think it came out really well and bonus, I scored myself a nice lock screen. The burbs name is buddy and he's just vibing to the rain outside.

I didn't change any settings, just point and shoot with the portrait mode.",galaxys26ultra,211,43,1772963893.0,https://i.redd.it/q485zjrwnsng1.jpeg
1roeiqt,S26 Ultra Privacy Display test at 45° angle. Massively underwhelming.,"S26 Ultra Privacy Display test at 45° angle. Massively underwhelming. EDIT:

Many comments overlook the fact that reviewers and ads were promoting a nice black privacy screen on viewing from an angle when the privacy option is turned on. Example here: [https://youtu.be/mhQeyn0hAZ0](https://youtu.be/mhQeyn0hAZ0)

This is simply not the case at all. This option only dims the screen and does not produce any privacy effect. You have to use the max option, which washes out the entire screen even when you are viewing it head-on. Given that it affects the entire screen, it feels more like a software trick rather than actual pixel-level work. Now this is still useful to some extent, but the advertisement and reviews were massively misleading.

\----------------------------------------------------------------------------------------------------------------------------

I tested the Privacy Display option on my new phone.

All photos were taken in the same position. The viewing angle is about 45 degrees, and the distance is about 20 cm.

The phone has Samsung's official antireflective film on.

Findings:

Turning Privacy Display on only slightly dims the screen, and it is still easily viewable from angles. I doubt this would be useful for real privacy.

The “Maximum protection” mode works better, but it adds a foggy layer across the whole display, which makes it uncomfortable to use. It might only make sense for things like pop-up notifications or specific apps, but definitely not all the time.

Seeing this in real life is very different from recorded videos. Many YouTube reviews made it look much more efficient than it actually is.

Honestly, after seeing it myself, I am surprised some people think it would significantly affect viewing angles or brightness. The feature is quite underwhelming and does not seem to change the native display that much.",galaxys26ultra,0,83,1772999422.0,https://i.redd.it/pfp0ory4kvng1.jpeg
1rk6bra,S26 Ultra battery drain test,S26 Ultra battery drain test [https://youtu.be/SuSuMiODVTU?si=CdeDp7fYIbcTp3pS](https://youtu.be/SuSuMiODVTU?si=CdeDp7fYIbcTp3pS),galaxys26ultra,48,70,1772583323.0,https://i.redd.it/3a9o9sp98xmg1.png
1rqg8v3,So I got my s26 ultra yesterday after switching from iPhone and I LOVE this phone and I don't understand the hate. I do have one minor annoyance with the phone though,"So I got my s26 ultra yesterday after switching from iPhone and I LOVE this phone and I don't understand the hate. I do have one minor annoyance with the phone though It's how the s pen protrudes from the bottom not sitting flush with the frame. Does this bother anyone else?

Otherwise this phone is a 10/10",galaxys26ultra,54,67,1773192745.0,https://www.reddit.com/r/galaxys26ultra/comments/1rqg8v3/so_i_got_my_s26_ultra_yesterday_after_switching/
1rvxd6k,Are camera lens protectors worth it for the S26 Ultra?,"Are camera lens protectors worth it for the S26 Ultra? Hey everyone,

I already have the S26 Ultra and I've been loving it, however, I’m a bit paranoid about the camera bump. Since the lenses stick out, they’re basically always touching surfaces when I place the phone down.

I’ve been debating whether to get camera lens protectors, but I keep seeing mixed opinions. Some people say they noticeably reduce image quality (especially with glare, focus, or low light), while others say the lens glass is already durable enough and protectors are unnecessary.

At this point I’m trying to decide whether it’s better to prioritize protection or keep the camera performance untouched. I’d really appreciate hearing real-world experiences from people who’ve gone either route.

Thanks!

  
Edit: Seems like the general consensus is that the negatives overcome the positives so I won't be getting the lens protectors. Thanks for everyone's input!",galaxys26ultra,54,63,1773723527.0,https://i.redd.it/g57pvh6fejpg1.png
1ri7ltf,Not a bad price for the S26 Ultra,Not a bad price for the S26 Ultra,galaxys26ultra,39,61,1772395779.0,https://i.redd.it/fu3rtdkmqhmg1.jpeg
1rjeqda,S26 Ultra in the house...,S26 Ultra in the house... I received my S26 Ultra from work today.... Still going through the process of setting everything up and relogging back into apps.,galaxys26ultra,90,47,1772509162.0,https://www.reddit.com/gallery/1rjeqda
1rvc2f3,S26 Ultra case without wobble,"S26 Ultra case without wobble Anyone have a good case recommendation for a S26 Ultra without wobble or very minimal? I am using a dbrand ghost case 2.0 case, and the wobble is driving me crazy. I looked into UAG but can't really get past the camera cutouts and the case seems to be a little bulky. Appreciate if anyone has any other suggestions.",galaxys26ultra,17,55,1773673724.0,https://www.reddit.com/r/galaxys26ultra/comments/1rvc2f3/s26_ultra_case_without_wobble/
1rockaj,iPhone vs s26 ultra display,"iPhone vs s26 ultra display So I got my s26 ultra yesterday and I have an iPhone 15 pro max that I’ve been using for few months since I destroyed my s24 ultra. 

This s26 ultra is grainy , blurry, and fuzzy. Compared to my iPhone it absolutely sucks. 

Can everyone who also has an iPhone and an s26 ultra compare them side by side and see the clarity and sharpness of the iPhone compared to the s26 ultra and post your findings here ?

I wanna see what your experience is . 

Edit: if you have the stock background and icons in the Home Screen look at the play store icon. It’s so blurry and grainy .",galaxys26ultra,0,51,1772995026.0,https://www.reddit.com/r/galaxys26ultra/comments/1rockaj/iphone_vs_s26_ultra_display/
1rphuw1,Held my wife's s26 ultra,Held my wife's s26 ultra My wife just got her s26 ultra today and I have to say coming from someone who has the s25 ultra. The phone feels amazing  I actually like it more rounded and overall feels like it has a lot better ergonomics in the hand than the s25 ultra. It got me second guessing upgrading since the trade in deals are so great this year and I don't see a lot of people talking about this.,galaxys26ultra,36,42,1773102225.0,https://www.reddit.com/r/galaxys26ultra/comments/1rphuw1/held_my_wifes_s26_ultra/
1ri1lb5,"I saw the Galaxy S26 Ultra on the subway, and when this woman turned on the privacy mode, I couldn't see anything.","I saw the Galaxy S26 Ultra on the subway, and when this woman turned on the privacy mode, I couldn't see anything.",galaxys26ultra,59,38,1772382435.0,https://v.redd.it/50i93qfnxdmg1
1rj16iy,Are there actually display issues with the S26 Ultra?,"Are there actually display issues with the S26 Ultra? There’s been a few posts on social media (notably Twitter & YouTube) about the S26 ultra having a worse overall display vs the S25 ultra. Can anyone who has both talk about their experience with this? I’ll go into a store and check it out myself later on this week but since I still have time to cancel my preorder, I’d like to know as early as possible. From the research I’ve done so far, opinions are varied so I can’t tell if it’s genuinely an issue or if it’s just social media doing its thing.",galaxys26ultra,9,45,1772476783.0,https://x.com/tarunvats33/status/2028435779371102454?s=61&t=G-en8Hk55jY9061iB6SxmA
1rthurx,Photography by s26 ultra,"Photography by s26 ultra Is the galaxy cameras that bad ? I've seeing alot of xiaomi and oppo and iPhone reels on tiktok and YouTube about how fantastic the camera is and a really good shots, but almost none about s25u and s26ultra

Does s26 u make a good camera especially for beginners?",galaxys26ultra,0,37,1773490371.0,https://www.reddit.com/r/galaxys26ultra/comments/1rthurx/photography_by_s26_ultra/
1rf25bl,S25 Ultra or S26 Ultra?,S25 Ultra or S26 Ultra? I have the S25 Ultra and love it. I am not one to upgrade every year but do you all think it's worth upgrading to S26 Ultra? Privacy feature is alright I guess. The camera bump I'm not a big fan of.,galaxys26ultra,4,40,1772085158.0,https://www.reddit.com/r/galaxys26ultra/comments/1rf25bl/s25_ultra_or_s26_ultra/
1rhirt4,Larger Visible Bezels S26 Ultra,Larger Visible Bezels S26 Ultra I don't know if it's cause of the redesigned body of the S26 Ultra that makes the bezels look larger than it's predecessor!,galaxys26ultra,54,30,1772324832.0,https://i.redd.it/2vhzypqnvbmg1.jpeg
1rvanlo,S24 Ultra vs S26 Ultra,"S24 Ultra vs S26 Ultra I'll get right to it. Here's the biggest things I've noticed after making the switch:

1. S26U ""box"" design feels rough in the hands. Never realized how much I appreciate curved sides/cases. Easier to hold when running. 

2. Day 1 my alarm went off in the morning and instead of ""dang, I have to wakeup"", the first thing I thought was ""holy cow are those new speakers so clear!"" S26 Ultra speakers are amazing! Noticeable upgrade. 

3. BT s-pen .. rip. Going to miss being the hero for family group photos. 

4. S26U charge speed is so underrated! Like 30 minutes from 0-80. It's nuts. Diagnostics showed my 24U battery as healthy, but I can tell a huge difference in battery lasting + the charging speed (let's hope it lasts). 

5. Display issues don't really bother me. But privacy display does kinda mess with your eyes a bit. Thought I'd still use it, but I don't think I will now unless doing banking stuff in public. 

6. My S24U was 1TB/12GB. S26U is 1TB/16GB. Both are wicked fast. 

Feel free to ask any questions. Cheers",galaxys26ultra,45,28,1773670570.0,https://www.reddit.com/r/galaxys26ultra/comments/1rvanlo/s24_ultra_vs_s26_ultra/
1rrpwkr,Did anyone else not have access to Samsung messages when they first got their S26?,"Did anyone else not have access to Samsung messages when they first got their S26? I noticed when I completed my transfer from my old phone samsung messages wasant automatically installed so I tried to look for it on the shop and it wasant there either. Looked online and had to find an online file apk to download Samsung messages.

Anyone know why this is happening? I much prefer samsung messages to Google messages.",galaxys26ultra,12,33,1773319870.0,https://i.redd.it/1yh4lv7f2mog1.jpeg
1rocfp6,For those wondering about how the S26 Ultra handles motion in photos. It's not good.,For those wondering about how the S26 Ultra handles motion in photos. It's not good.,galaxys26ultra,1,36,1772994741.0,https://i.imgur.com/A1D36Oa.jpeg
1rmeinq,S26 Ultra disassembly reveals ALoP 5x zoom module instead of a regular periscope module,S26 Ultra disassembly reveals ALoP 5x zoom module instead of a regular periscope module Video by: Disassembling Parts,galaxys26ultra,82,23,1772805077.0,https://i.redd.it/7e66pxcojfng1.jpeg
1rrmnzy,Screen fuzziness or blurriness s26 ultra vs s25 ultra,"Screen fuzziness or blurriness s26 ultra vs s25 ultra Those of you who have noticed this and also have the s25 ultra , how do the 2 compare ? Does the s25 also suffer from this blurriness / fuzziness ? 

I have the s26 ultra and will be returning it because of this screen problem but it’s annoying because I don’t know whether it’s all of them or just some of the units . 

So I’m thinking either to return and try another one although I feel that probably they are all the same .. or to get an s25 ultra instead which as far as I can see , doesn’t have this blurriness problem . 

But those who have both can you see visibly the difference between s25 and s26 ? Is the s25 sharp and clear ?",galaxys26ultra,0,33,1773309902.0,https://www.reddit.com/r/galaxys26ultra/comments/1rrmnzy/screen_fuzziness_or_blurriness_s26_ultra_vs_s25/
1rgcwwl,S25 Ultra vs S26 Ultra: Is the New Screen Better?,S25 Ultra vs S26 Ultra: Is the New Screen Better?,galaxys26ultra,2,34,1772212992.0,https://v.redd.it/9ijxkf4vl2mg1
1ro842y,My thoughts on the S26 Ultra,"My thoughts on the S26 Ultra I got my S26U on Friday and got it set up this morning and some of my first impressions on the new phone: 

Nice display

A bigger camera bump (upgraded from the S24U)

Privacy display is cool, but not needed all the time

The design of the Ultra has drastically changed since it's been introduced (more so since the S22U). Now today's Ultra phones are just larger S Plus phones with S-Pens.

So far, so good.",galaxys26ultra,12,30,1772984792.0,https://www.reddit.com/r/galaxys26ultra/comments/1ro842y/my_thoughts_on_the_s26_ultra/
1ru2ml9,Best Case for S26 Ultra,"Best Case for S26 Ultra I have an Otterbox Defender case, but it and none of the cases I have seen can be used with a magnetic charger. The edge of every one of them prevents it from making a seal unless you turn it to the side which looks ridiculous",galaxys26ultra,2,30,1773542592.0,https://www.reddit.com/r/galaxys26ultra/comments/1ru2ml9/best_case_for_s26_ultra/
1rioc5x,I'm impressed. I was honestly not expecting the s26 ultra to do this well.,I'm impressed. I was honestly not expecting the s26 ultra to do this well.,galaxys26ultra,18,29,1772443720.0,https://www.youtube.com/watch?v=RGGHyY2mN7o&t=8
1rqb92u,What's your SOT on galaxy s26 ultra?,"What's your SOT on galaxy s26 ultra? Hello everyone,",galaxys26ultra,0,29,1773180664.0,https://www.reddit.com/r/galaxys26ultra/comments/1rqb92u/whats_your_sot_on_galaxy_s26_ultra/
1reju3d,the Official stats for the s26 ultra looks to be the same as last year,the Official stats for the s26 ultra looks to be the same as last year aside from the better color selection and the privacy screen whats the difference. seems like samsungs leaning full into Ai 💔,galaxys26ultra,2,30,1772040819.0,https://i.redd.it/soob341zdolg1.jpeg
1rqqcvp,I afraid of buying s26 ultra,"I afraid of buying s26 ultra After seeing some report about dizzy feeling from screen and condensation fog on the internal camera lens
It's my last shot to buy a new phone and iam confused between ss26 ultra and xaiomi 17 ultra 

My current phone is note 10 lite.

Is these issues are commen ? I only had 7 days after buying to replace it or return it after that they my only fix it at maximum and am afraid of that",galaxys26ultra,0,26,1773225879.0,https://www.reddit.com/r/galaxys26ultra/comments/1rqqcvp/i_afraid_of_buying_s26_ultra/
1rnpa3b,"Which is the most beautiful S26 Ultra case, you have seen?","Which is the most beautiful S26 Ultra case, you have seen?",galaxys26ultra,0,26,1772927347.0,https://i.redd.it/dzdovy28npng1.png
1rn8aa7,S26 Ultra 25W Superfast Wireless Charging,S26 Ultra 25W Superfast Wireless Charging Works with the 25W Qi2 Ugreen Uno 👍,galaxys26ultra,16,23,1772884855.0,https://www.reddit.com/gallery/1rn8aa7
1rrg18q,Returning my S26 Ultra the new display is making me nauseous,Returning my S26 Ultra the new display is making me nauseous,galaxys26ultra,0,23,1773286587.0,https://www.reddit.com/gallery/1rrg0fx
1ruho7f,Benks Kevlar Cases and Screen Protector for S26 ultra Reviews (detailed pics and info),"Benks Kevlar Cases and Screen Protector for S26 ultra Reviews (detailed pics and info) These are some detailed impressions of the Benks (Kevlar) Cases for the Galaxy S26 Ultra. I know that Kevlar is used in bulletproof vests and stuff like that, so I just had to see how these would hold up on a phone case.

I ran a few informal tests at home, including the front lip test (where I put a dry-erase marker on the screen and slammed it on the table to see if the marker would hit a piece of paper) and some controlled drops onto my floor, just to get a sense of the protection and grip. These are unique cases, but the one I was most excited about (Air Case) is just Kevlar and resin, with no real edge protection.

MagSafe worked great on all of them with a very strong magnet and did not interfere with the SPen.

These were sent to me, but to be clear, these are observations and review notes, not an attempt to convince anyone to buy the cases.

For protection, the Armor Pro mkas sense offers a real case feel, covers all sides, and features Kevlar on the back for next-level protection.  But if you want a stylish case for just 1 step above being a naked phone, the Air case is the way to go, but proceed with caution, as I said, it's just Kevlar and resin , no real protection on the edges.

**Random note:**  
Not all “Kevlar cases” are real Kevlar. Many brands use **aramid fiber veneer on plastic**. Benks actually uses **licensed DuPont Kevlar fibers**, which is part of why their cases are priced higher 

\-----------------------------

**Screen Protectors**

The screen protector was easy to install and came with the alignment kit, including the new adhesive layer that removes dust from the screen before the protector adheres. It feels like a solid protector that should hold up well against several drops. The fingerprint reader works perfectly, and there is [minimal glare or reflection](https://www.reddit.com/r/galaxys26ultra/comments/1rua5b8/s26u_antireflective_glass_screen_protector/).  I took it off after installing and slapped it on my marble countertop a few times really hard, and nothing happened.

But, **it's only 1 in the box,** at this price point, you need 2 at least.

\--------------

**Armor Air Case (blue one)**

**Button clickiness/responsiveness – 0** – It does not have built-in buttons, you are pressing the phone’s natural buttons through the case.

**Front lip clearance when face down – 4** – It barely has a lip on the front of the phone. It mostly passed the front slam test with the marker and paper, but you can tell it probably will not hold up in a major front drop.

**Grip – 5** – There is not much grip on the case, but it is still easy enough to hold with the Kevlar material.

**Fit in hand – 8** – Feels good in the hand, basically like holding the phone with lingerie on, since it is very close to being naked.

**Corner protection – 4** – The corners are really thin, and one corner is missing where the S Pen slot is. The entire case is extremely thin, almost like a layer of skin or lingerie, so they are clearly betting on the Kevlar to absorb drops. At this price point ($60 US), it should have more corner protection.

**Ease of getting the case on and off – 1**– By far the hardest case to remove that I experienced all week. It fits like skin and does not want to come off. The material is very rigid with almost no bend, so you need a real strategy to remove it without risking damaging the phone.

If you buy this case, plan to leave it on rather than swapping cases.

**Cutouts – 5** – Mixed results. Several openings are completely exposed like the buttons, charging port, and S Pen slot, while other areas have very precise cutouts.

**Look and feel – 10** – The case looks fantastic. It is extremely thin and feels great in the hand. The navy blue on baby blue with the silver camera accent looks great. But if you drop your phone often, or spend time around concrete, this may not be the best choice.

**Smudge resistance – 4** – Shows fingerprints and smudges very easily.

**Camera protection – 8**– The camera ring should do an excellent job protecting the lenses and absorbing impact.  But it's aluminum instead of steel, so a big drop will leave a dent or even chip the ring.

\--------------------------------------------------------

**Armor Pro (ArmorGrid / Armor Montage) - These are the same case, just in different patterns**

**Button clickiness/responsiveness – 7** – Good and responsive, but the buttons could be slightly larger. At this price, it should be excellent, not just good.

**Front lip clearance when face down – 6** – The front lip is very minimal. It is uniform all around the screen and gives only a small amount of clearance. Ideally, the top or bottom would have a slightly raised section for better protection.

**Grip – 8** – Good grip and it does not feel like it will slip out of your hand.

**Fit in hand – 8** – Feels good in the hand without adding bulk. It is like wearing a sweatshirt, an extra layer that is thicker but not bulky.

**Corner protection – 7** – Average corner protection. The corners are not Kevlar, they use a harder TPU material designed to absorb impacts, while the back panel is Kevlar.

**Ease of getting the case on and off – 9** – Very easy to install and remove. It behaves like a normal TPU case and can be swapped easily.

**Cutouts – 8** – Overall very good and well aligned.

**Look and feel – 8** – A solid low-profile case that protects the phone without adding noticeable bulk. It has a clean, understated look for people who prefer a simple black case.

**Magnet strength – 9** – The magnet is very strong and does not interfere with the screen.

**Camera protection – 7** – The camera ring design is a little odd. One side has a aluminum lip protecting the lenses, but the other side does not. The lip is also not very tall, so in a larger drop the cameras could still contact the ground.

The camera ring itself is made of aluminum, so again, it will dent or chip with drops over time.

\----------------------------",galaxys26ultra,21,19,1773590191.0,https://www.reddit.com/gallery/1ruho7f
1rpqhrn,S26 ultra is getting more love and enthusiasm than previous ULTRAs imo,"S26 ultra is getting more love and enthusiasm than previous ULTRAs imo I have been buying each S series phone since S1 till today s26u..

As far as i remember i have been joining subs from s22u s23u on launch day till now s26u ...

The amount of excitement and the photos of the phone bought by users are much more than previous ULTRAs..this is my opinion though...everywhere on reddit there is a post regarding got my beauty got this today etc etc...makes me happy that s26u after getting some hate (jealousy hate imo) is still doing great...whats your opinion please share...",galaxys26ultra,15,18,1773127995.0,https://www.reddit.com/r/galaxys26ultra/comments/1rpqhrn/s26_ultra_is_getting_more_love_and_enthusiasm/
1rps6jr,could any software update fix the s26 ultra display issues??,"could any software update fix the s26 ultra display issues?? I know there's been a handful of peeps mentioning eye strain & I've experienced it too. but my biggest issue is the brightness & coloration. its like everything has a slight blue-gray tint over everything & its akways dimmer, which is very noticeable. it feels so unnatural & like I'm on an old phone? its very uncomfortable & disappointing, especially as a digital artist as colors are very important to me. it does seem to get better when turning on adaptive color tone, however it warns you that it constantly uses the camera for that feature rather than just the simple light sensor under the screen; which i don't like to have on for that. idk, its very disappointing & I'm wondering if (just like with that vivid issue when the s24 first rolled out because of its anti glare screen) anyone thinks that a future software update could fix these things? particularly the colors & brightness? side note: I also noticed there's a bigger gap above the notification bar on the 26, which is like bruh why but whatever i guess",galaxys26ultra,2,21,1773134511.0,https://www.reddit.com/gallery/1rps6jr
1rs83bj,Seeking input battery SOT S26 ultra,"Seeking input battery SOT S26 ultra Hi everyone. I bought my S26 ultra 1 week ago and I have mixed feelings about battery. Is a screen on time of 5 hours normal? Given normal daily usage (social media etc). See screenshots 

Thanks!",galaxys26ultra,1,19,1773360836.0,https://i.redd.it/j479uzi8gpog1.jpeg
1rffubx,Is the Galaxy S26 Ultra's screen 10-bit?,"Is the Galaxy S26 Ultra's screen 10-bit? Is the Galaxy S26 Ultra's screen 10-bit? On the official website, they say 16M colors so it is 8-bit?",galaxys26ultra,1,21,1772125599.0,https://www.reddit.com/r/galaxys26ultra/comments/1rffubx/is_the_galaxy_s26_ultras_screen_10bit/
1rtnu3d,Ringke Cases and Screen Protector for S26 ultra Reviews  (detailed pics and info and score chart),"Ringke Cases and Screen Protector for S26 ultra Reviews  (detailed pics and info and score chart) These are some detailed impressions of the Ringke Cases for the Galaxy S26 Ultra. I love Ringke cases as I think they are the best pound for pound price-wise and always have a good grip along the edges.

I ran a few informal tests at home, including the front lip test (where I put a dry-erase marker on the screen and slammed it on the table to see if the marker would hit a piece of paper) and some controlled drops onto my floor, just to get a sense of the protection and grip. These are great cases as usual, but you can tell the cheaped out in some areas.

MagSafe worked great on all of them with a very strong magnet and did not interfere with the SPen.

These were sent to me, but to be clear, these are observations and review notes, not an attempt to convince anyone to buy the cases.

**Screen Protectors**

To me, some of the best in the game, especially at the price point (I have been buying these myself on my own dime for years).  You get two of them, and the installation guide frame makes it really easy nd also has the dust protector to pull off first.  They are durable and can hold up to a few hard slams on the marble countertop, so they will provide great everyday protection for your phone.  Not too much glare either will come off of these, so apply these first.

\--------------

Fusion X Magnetic / Fusion Bold

https://preview.redd.it/ge9zx83vi1pg1.jpg?width=4000&format=pjpg&auto=webp&s=f5005cd13229f4f33628a68aa92167fd45395158

https://preview.redd.it/xs341d3vi1pg1.jpg?width=4000&format=pjpg&auto=webp&s=b8eae0c615d32875f8e11fd7429b1b6b7c6aac17

https://preview.redd.it/nbrtha3vi1pg1.jpg?width=3000&format=pjpg&auto=webp&s=7d303065932170f341bd6eff7287f4d5eefb74c9

https://preview.redd.it/nnwyhw4gc1pg1.jpg?width=4000&format=pjpg&auto=webp&s=4cf54c542a418fbc8eefc7d0b2a237ece8ea8857

https://preview.redd.it/y2wul2ybc1pg1.jpg?width=4000&format=pjpg&auto=webp&s=fa649abbb11c100a7e54cf9611c9e3618d5cfd49

https://preview.redd.it/k9se3yxbc1pg1.jpg?width=4000&format=pjpg&auto=webp&s=484811b6cef8f4b2916a9590b7b08149df70c9ab

https://preview.redd.it/18h7rxxbc1pg1.jpg?width=3000&format=pjpg&auto=webp&s=dc4a6aa0442dd4f14dde34f08f72fb327b36f72e

These two are basically the same case minus the design

**Button clickiness / responsiveness: 9**  
Very responsive buttons with a satisfying click, noticeably better than the S24 Fusion case.

**Front lip screen clearance (face down protection):** **8**  
Good protection for the front of the phone when placed face down.

**Grip: 9**  
Very grippy and secure in the hand.

**Fit in hand: 8**  
Comfortable to hold without feeling bulky.

**Corner protection: 7**  
The design makes it look like there is extra protection, but the actual corner protection is similar to the rest of the case on the X.   It provides good drop protection, but it's not an Otterbox or UAG level corner protection.

**Ease of getting the case on and off: 8**  
Not too difficult to remove or install.

**Cutouts: 8**  
All cutouts are clean and properly aligned.

**Look and feel: 9**  
Great design with nice color contrast, and it feels very good in the hand.  Really makes the phone pop, especailly on the X.

**Camera protection: 8**  
Good raised lip around the camera area.

\------------------------------------------------

Onyx

https://preview.redd.it/ro3jkphzc1pg1.jpg?width=4000&format=pjpg&auto=webp&s=2db05c6a06e0fafa25e80de752aba5440f456501

https://preview.redd.it/hla3lphzc1pg1.jpg?width=4000&format=pjpg&auto=webp&s=3f9b5ca6bb2608ecf3e03987220db44f0f9f1aff

https://preview.redd.it/wr2huphzc1pg1.jpg?width=4000&format=pjpg&auto=webp&s=83f8541c94f6b556b66851c86bdd29737a438c38

https://preview.redd.it/q6p8hphzc1pg1.jpg?width=3000&format=pjpg&auto=webp&s=4eed38d467f0840614736f7d453cd4b98bd25166

**Button clickiness / responsiveness: 9**  
Very responsive buttons with a nice tactile feel.

**Front lip screen clearance (face down protection): 7**  
Good front screen protection when the phone is placed face down.

**Grip: 9**  
Excellent grip thanks to the textured surface.

**Fit in hand: 9**  
Feels very natural and comfortable in the hand.

**Corner protection: 7**  
Solid corner protection without adding too much bulk.

**Ease of getting the case on and off: 9**  
Very easy to remove compared to most cases.

**Cutouts: 9**  
Very clean and precise cutouts.

**Look and feel: 9**  
Soft silicone-style finish that feels great while still offering good protection.  The all black offers stealth mode for the phone, for those who like to keep it low key

**Camera protection: 8**  
Good raised lip around the camera area.

\-------------------------------------------------------------

UX Magnetic Case (their new case)

https://preview.redd.it/9x4l3u5hd1pg1.jpg?width=4000&format=pjpg&auto=webp&s=8597b74b0245270a56da8b8421d7557b8302aaa0

https://preview.redd.it/8belsu5hd1pg1.jpg?width=4000&format=pjpg&auto=webp&s=64984413047bc1a9ae818ec486a0dc4aed794a17

https://preview.redd.it/c8j07v5hd1pg1.jpg?width=4000&format=pjpg&auto=webp&s=f2655ea52385607953d2f72c4e090a41644c7347

https://preview.redd.it/as6jobxde1pg1.jpg?width=4000&format=pjpg&auto=webp&s=3553ecb136b4140535b3d016450d35ab7f22c42f

https://preview.redd.it/gxraom81e1pg1.jpg?width=3000&format=pjpg&auto=webp&s=1cc361cb239834443d57d9d96c26b46572854ce3

**Button clickiness / responsiveness: 9**  
Very responsive buttons with a solid tactile feel.

**Front lip screen clearance (face down protection): 8**  
Average for Ringke cases but still provides good screen clearance without an overly large lip.

**Grip: 6.5**  
Not as grippy as typical Ringke cases, so I was disappointed there.  The plastic finish makes it feel more slippery, so you need to hold the phone a bit tighter.

**Fit in hand: 8**  
Feels good overall. The body of the case is not bulky in the main area where you hold the phone, but the corners have additional protection/bulk.

**Corner protection: 9**  
Excellent drop protection with reinforced corners and additional layers of protection.

**Ease of getting the case on and off: 6**  
More difficult than usual for a Ringke case.

**Cutouts: 8**  
Clean cutouts with good alignment.

**Look and feel: 9**  
Nice updated design that balances protection and functionality. The built in kickstand is a great addition for calls and watching videos.

**Camera protection: 8**  
Good raised protection around the camera area.

\-----------------------------------------

Alles Black Case

https://preview.redd.it/w6lryc6ge1pg1.jpg?width=4000&format=pjpg&auto=webp&s=f95ecda047e8b6d81e13cd4c3a5de44fbbc371aa

https://preview.redd.it/4p4p9d6ge1pg1.jpg?width=4000&format=pjpg&auto=webp&s=c0205b88aaf6135d618a951225a48b1ac264a4ee

https://preview.redd.it/7i847r6ge1pg1.jpg?width=4000&format=pjpg&auto=webp&s=81b202f623399d9e8107ac195cc3f0f876420a30

https://preview.redd.it/fug9qd6ge1pg1.jpg?width=3000&format=pjpg&auto=webp&s=389af6f278f15f0e2cc7b00f9c1da0ef71f95c39

I was disappointed in this one, as it feels much cheaper overall and the two parts together come of very easy

**Button clickiness / responsiveness: 8**  
Good responsiveness with a light press.

**Front lip screen clearance (face down protection): 8**  
Average front lip protection, similar to most Ringke style cases.

**Grip: 8**  
Rubber edges provide good grip similar to the typical Ringke feel.

**Fit in hand: 8**  
Feels comfortable and balanced in the hand.

**Corner protection: 7**  
Decent protection but nothing particularly special.

**Ease of getting the case on and off: 8**  
Fairly easy to remove and install.

**Cutouts: 8**  
Properly aligned cutouts.

**Look and feel: 6**  
The design resembles a rugged defender style case, but it feels cheaper than expected. It comes in two parts, and the thin plastic section feels flimsy and easy to remove.

**Camera protection: 10**  
The best camera protection of the group, thanks to the raised lip and individual rings around each lens.",galaxys26ultra,6,17,1773505780.0,https://www.reddit.com/r/galaxys26ultra/comments/1rtnu3d/ringke_cases_and_screen_protector_for_s26_ultra/
1rrohbv,Looks like torras improved the side grip on the new s26 ultra case,"Looks like torras improved the side grip on the new s26 ultra case have seen some comments saying torras cases can be slippery, but this new s26 ultra one looks like it has a stronger side anti slip design",galaxys26ultra,8,17,1773315834.0,https://www.reddit.com/gallery/1rrohbv
1rw5ikf,"I switched to the s26 ultra, but I found a way to keep my weird magnetic habit","I switched to the s26 ultra, but I found a way to keep my weird magnetic habit I’m switching to the s26 ultra this time, but I really didn't want to give up magnetic accessories since I've gotten way too used to the whole magsafe setup. So I ended up using a torras case again. Another reason is that sticking my phone onto random metal surfaces has kind of become a little habit. It's weirdly fun, and a phone that can't do it just feels kind of boring for me now.",galaxys26ultra,31,13,1773751547.0,https://www.reddit.com/gallery/1rw5ikf
1rwjhdr,"S26 Ultra, Adaptive Brightness Broken","S26 Ultra, Adaptive Brightness Broken Adaptive brightness on the S26 Ultra is broken. Adaptive brightness has to be enabled for peak brightness in direct sunlight. Well the S26U just gets dimmer with it on and does nothing.

  
While the S25 Ultra and S25 Edge for example enabling it the display gets extremely bright, when compared to manual 100% brightness.",galaxys26ultra,0,17,1773781673.0,https://v.redd.it/d9sdiywh7opg1
1rtoo34,Is my s26 ultra privacy display broken?,Is my s26 ultra privacy display broken?,galaxys26ultra,0,17,1773507734.0,https://v.redd.it/zlkuebwsk1pg1
1rvb2fj,S26 Ultra gets toasty,"S26 Ultra gets toasty I got my S26u on the 6th of March. First few days i never had any issues.
Recently i noticed the phone getting pretty hot, specially on the top left and the back of the phone when i use tiktok. I downloaded a monitoring app and noticed that the phone is pulling a lot of power, between 5-10 watts, which is depleting the battery really fast and making the phone really hot.

Is this normal? Anybody got similar issues?",galaxys26ultra,4,16,1773671496.0,https://i.redd.it/kvjvt9jz3fpg1.jpeg
1rjvvs7,S26 Ultra 60W fast charging (1% to 100%) in 47mins using any 140W charging brick,S26 Ultra 60W fast charging (1% to 100%) in 47mins using any 140W charging brick [https://youtu.be/eeaCtfbIHPA?si=spZvryLCJw-kQBD2](https://youtu.be/eeaCtfbIHPA?si=spZvryLCJw-kQBD2),galaxys26ultra,44,13,1772559702.0,https://i.redd.it/zhurg4dx9vmg1.png
1rbtdn8,Galaxy S26 Ultra privacy display in action. Source: @KaroulSahil on Twitter,Galaxy S26 Ultra privacy display in action. Source: @KaroulSahil on Twitter,galaxys26ultra,26,16,1771784835.0,https://v.redd.it/c582x3y7u2lg1
1rtiybq,S26 Ultra,S26 Ultra Photos I've taken. Camera is amazing.,galaxys26ultra,59,8,1773493551.0,https://www.reddit.com/gallery/1rtiybq
1ruf8fl,"Loving the S26 Ultra, this set up looks stunning with a matte screen protector","Loving the S26 Ultra, this set up looks stunning with a matte screen protector",galaxys26ultra,23,12,1773584364.0,https://i.redd.it/99hhplbww7pg1.jpeg
1rk0dkh,Any recommendations for a small charging brick that will charge the S26 Ultra in 60W?,Any recommendations for a small charging brick that will charge the S26 Ultra in 60W? Pre-ordered the S26 ultra and was wondering if there any decent small sized charger that supports 3.0 fast charging?,galaxys26ultra,4,16,1772569418.0,https://www.reddit.com/r/galaxys26ultra/comments/1rk0dkh/any_recommendations_for_a_small_charging_brick/
1rlgua4,S26 Ultra Return due to display,S26 Ultra Return due to display Someone suggested I post here are as well.,galaxys26ultra,1,16,1772715144.0,/r/samsunggalaxy/comments/1rlg9rb/s26_ultra_return_due_to_display/
1rsu3c7,s26 Ultra RhinoShield Cases and screen protector reviews (detailed pics and info),"s26 Ultra RhinoShield Cases and screen protector reviews (detailed pics and info) These are some detailed impressions of the RhinoShield cases for the Galaxy S26 Ultra. I was curious how they would actually hold up in real-world use, especially how they feel in the hand and how well they protect against drops.

I ran a few informal tests at home, including the front lip test (where I put dry-erase marker on the screen and slammed it on the table to see if the marker hit a piece of paper) and some controlled drops onto my floor, just to get a sense of the protection and grip. Overall, these cases feel pretty solid, although a few of them are extremely bulky and can be surprisingly difficult to remove from the phone once installed.  MagSafe worked great on all of them with a very strong magnet.

Just to be clear, these are observations and review notes, not an attempt to convince anyone to buy the cases.  But my favorite is the Blue Solid X below, so its the best overall.

**Screen protectors**

* **Impact Protector PRO (film)** This is essentially a basic film protector, similar to ones you might get from Spigen, just a bit thicker. It’s not terrible, but it doesn’t feel great either. The texture takes away from the smooth feel of the actual glass display, which makes the screen feel less premium during everyday use.
* **9H Tempered Glass** \- The tempered glass option feels much better and more solid. The fingerprint reader worked accurately with no failures once the protector fully adhered to the screen after about a minute.   However, the installation kit is surprisingly lacking. RhinoShield does not include a cleaning cloth or an alignment guide, which is disappointing at this price point. Even many inexpensive tempered glass brands now include phone outline alignment trays to make installation easier. For a premium product, this feels like a big miss, especially since the glass itself isn’t offering anything noticeably different from other high-end protectors on the market.

**Ultra Air X Black and Grey** 

https://preview.redd.it/7snq9g2uiuog1.jpg?width=4000&format=pjpg&auto=webp&s=cf0fcecd5499f513b1f1380bb97d245f2f1257a5

https://preview.redd.it/s5ck1i2uiuog1.jpg?width=4000&format=pjpg&auto=webp&s=a741867084920711476223daef77eaddbacbd25f

https://preview.redd.it/95ekvh2uiuog1.jpg?width=3000&format=pjpg&auto=webp&s=f044cc1c15eb6eb52eba4210b2a2589933beb103

https://preview.redd.it/xs05fh2uiuog1.jpg?width=3000&format=pjpg&auto=webp&s=8cca31d20244f1d959785904a3ae6c8e34edd6d6

https://preview.redd.it/v49jsh2uiuog1.jpg?width=4000&format=pjpg&auto=webp&s=946000fde4f087aeea96c2f45bd920f8aef87830

https://preview.redd.it/puh9th2uiuog1.jpg?width=4000&format=pjpg&auto=webp&s=d10baea47c5f208cd9aee5b5b5a777224edbea38

https://preview.redd.it/4x99rh2uiuog1.jpg?width=3000&format=pjpg&auto=webp&s=b29fa86585840670996b8e5568084a14f9dc9314

* **Button clickiness/responsiveness - 6,** \- Buttons are really stiff and doesnt feel natural, you press a little harder
* **front lip to lift the screen when face down, 10**\- great lift around the entire screen for extra protection and raising it up around the table
* **Grip- 6** \- its kid of slippery
* **fit in hand 7 -** it bulky and kind of rubbery feeling, but not the grippy kind of rubber
* **Corner protection 10** \- Extra protection on the corners will ensure this can take a drop from 10 feet and be fine, it's super bulky, but you need that if you know you will be dropping your phone.
* **Ease to get the case on and off -6 -** it's a snug fit, and it's on there very tight, so once you get it keep it on
* **cutouts - 9** \- excellent cutouts all around
* **Look and feel - 7-** not the best looking case, and the feel is super bulky even with my big hands, but it's for protection, not looks, and it can definitely hold up to a large drop.
* **Camera protection 10-** It has a great rise around the cameras to provide extra support

\----------------------------

**Clear Case (clear and Magsafe)**

https://preview.redd.it/6e17krtrjuog1.jpg?width=4000&format=pjpg&auto=webp&s=f7b9fc5117a5625179f2c28200163d30270775f9

https://preview.redd.it/9kmwgrtrjuog1.jpg?width=4000&format=pjpg&auto=webp&s=ba67c76e4bffb8e038249fe4d63c78201476b8ef

https://preview.redd.it/er9yistrjuog1.jpg?width=3000&format=pjpg&auto=webp&s=93f857c6cf331ea7cd4b74572323259993db4cc0

https://preview.redd.it/55eugrtrjuog1.jpg?width=3000&format=pjpg&auto=webp&s=cdc354b0418b21cd83775e0aab00eeb2f6127dbc

* **Button clickiness/responsiveness - 11/10 -** , The buttons are super responsive and clicky, some of the best I have ever felt on a case, top tier on here.
* **front lip to lift clearance the screen when face down** **8 -** great lip clearance for the front of the phone that is thick around the front, not just the top and bottom,  with a little more at the top and bottom to provide extra screen clearance from the table
* **Grip - 8**\- good grip on phone sides
* **fit in hand - 9 -** feels good in the hand, not too bulky, but has good protection and is able to hold 
* **corner protection - 7 -** nowhere near the protection of the air x, but the outer frame is very dense and will provide some protection 
* **Ease to get the case on and off - 4 -** terrible to get off, the material is too stiff, and it takes a lot of work and strategy to take off.  I tested 25 cases this day, and this was the most difficult to get off the phone by a mile.  Once you put it on thats it.
* **Cutouts - 9** 
* **Look and feel - 7 -** The back and sides feel and sound like a hard, cheap plastic, almost like glass, but you can tell that it will protect your phone. Im not the biggest fan of this material.
* **Camera protection - 9 -** nice raised lip for the camera.

\----------------------------

**Solid x Blue and Grey** 

https://preview.redd.it/z80bhssrkuog1.jpg?width=4000&format=pjpg&auto=webp&s=9ca853e67de19c0ef35759abde3ee90115cb7840

https://preview.redd.it/2rrmossrkuog1.jpg?width=4000&format=pjpg&auto=webp&s=a31b74df19e79b91d40973b3b4fdc55c5da0d389

https://preview.redd.it/4d7mlssrkuog1.jpg?width=4000&format=pjpg&auto=webp&s=7e00cd9f4243e6c3a118fe4f17be14bd66150e68

https://preview.redd.it/63fjntsrkuog1.jpg?width=3000&format=pjpg&auto=webp&s=286b9d8f0e1efdec047b80a8fdb07aeef2ea4672

https://preview.redd.it/6iwcgdrukuog1.jpg?width=4000&format=pjpg&auto=webp&s=6955fccff345313f5e01c92a794aaaf83ac45871

https://preview.redd.it/r5yc7qiwkuog1.jpg?width=4000&format=pjpg&auto=webp&s=ac5c237d717a5d45bd6ed40fc1a8fd7884c9ba2a

https://preview.redd.it/gcc4jusrkuog1.jpg?width=4000&format=pjpg&auto=webp&s=2f137c4c6eb9bd25046ef52d200abafbbd71eb9f

https://preview.redd.it/jm5rprsrkuog1.jpg?width=3000&format=pjpg&auto=webp&s=2c6d85071125453e40509fc2160e7d4e9dc44e59

* **Button clickiness/responsiveness 10/10 -** Really, really good, but not as good as the clear case
* **Front lip to lift clearance the screen when face down - 9 -** good clearance, passed the marker test with ease but you can tell it doesnt have as much lip as the others, which is surprising for the Solid suitcase 
* **Grip 7** \- You would think this would have more grip on it, but it's not great; it is kind of bland on the sides.
* **Fit in hand - 8 -** feels good in my hands, with a good level of protection, but not so bulky that it makes the phone feel completely different.
* **corner protection 8-** above average corner protection 
* **ease to get the case on and off 8-** easy with the material the case is made of, but it won't slip off.
* **cutouts 8-** good, slim, and accurate cutouts around the access points
* **Look and feel - 10** great colors, looks like it gives protection, and feels good in the hand overall; these will be my primary cases to use.
* **Camera protection 9** \- solid lip and firmness around the cameras",galaxys26ultra,5,14,1773423603.0,https://www.reddit.com/r/galaxys26ultra/comments/1rsu3c7/s26_ultra_rhinoshield_cases_and_screen_protector/
1rsxdjq,S26 ultra battery,"S26 ultra battery Hey everyone,
Like many of you, I was initially disappointed with the battery life on my S26 Ultra, especially since I spend most of my day outdoors. I was barely hitting 4h to 4.5h of SOT (Screen On Time) for about 60% of battery drain.
After a few days of testing and tweaking, I’ve seen a massive improvement. Here are the results of my outdoor heavy usage tests:
The Results
Stock Settings (5G + Standard Performance): I was getting 4h 04m of Screen On Time. My ratio was 4.2 minutes of screen for every 1% of battery used, with a total phone life of about 7.5 hours for the day.
Optimized Settings (4G + Light Performance): I jumped to 4h 59m of Screen On Time. My efficiency improved to 5.15 minutes of screen per 1%. Most importantly, my total phone endurance skyrocketed to 12h 48m for the day.
Note: Based on my current drain, I’m now projected to hit over 8.5 hours of SOT on a full 100-0% cycle.
My Optimization Setup
Performance Profile: Set to Light. This is the MVP setting. No noticeable lag in daily apps, but it keeps the phone much cooler and prevents battery spikes.
Network: Switched to LTE/4G only. While outdoors, 5G was killing my battery due to constant signal hunting. The gain is massive on social apps like Snapchat or TikTok.
Location Services: Disabled Wi-Fi and Bluetooth scanning (Settings > Location > Location Services). This stops the phone from constantly searching for nearby devices while in my pocket.
Snapchat Tweaks: Enabled ""Ghost Mode"" and ""Data Saver"" inside the Snap app settings. My drain while using the app dropped significantly.
Looking for extra advice
I’m really happy with the overall endurance—I’ve gained over 5 hours of total standby time! However, I have a few questions for the pro-optimizers here:
Resolution: Does switching from WQHD+ to FHD+ actually save a meaningful amount of battery on the S26 Ultra, or is it negligible now?
Routines: Does anyone have a solid Bixby/Modes & Routines setup to toggle mobile data when Wi-Fi is connected without messing up MMS/RCS?
App Suspension: Is ""Suspend execution for cached apps"" in Developer Options still recommended for this generation?
If you have any other tips to squeeze out those last few minutes of SOT and catch up to the iPhone Pro Max efficiency, let me know!",galaxys26ultra,4,14,1773430676.0,https://www.reddit.com/gallery/1rsxdjq
1rf6yju,Anyone else getting the Supcase UB Grip for S26 Ultra?,"Anyone else getting the Supcase UB Grip for S26 Ultra? Just hit 30 last month and finally in a place where I can treat myself a bit. Pre-ordered the S26 Ultra and honestly pretty excited about it. Been using budget phones for years so this feels like a big upgrade. 

Now I'm looking at the Supcase UB Grip that's launching on the 25th. I've used their cases before and they've always been solid. What's got me interested is the magsafe compatibility. Never had a case with magnets before and I've been wanting to get one of those magnetic car mounts. Seems way more convenient than the clamp style ones. The kickstand also adjusts from 0 to 120 degrees instead of fixed angles which would be clutch for work calls. I do a lot of zooms and being able to position it properly would help. 

Only concern is them selling out. Saw some posts from last year saying the S25 cases were out of stock for weeks. Might need to order right when they drop. 

Probably going with black to keep it simple but the aramid fiber one looks pretty nice too. Anyone else getting this case?",galaxys26ultra,11,15,1772102668.0,https://www.reddit.com/r/galaxys26ultra/comments/1rf6yju/anyone_else_getting_the_supcase_ub_grip_for_s26/
1rwmucm,Love my s26 ultra but it's hard to use one handed. Any tips?,Love my s26 ultra but it's hard to use one handed. Any tips? switched from a fold 7.  That phone was easy to use one handed.  this device feels like it's going to fall out of my hand when I use it with one hand.  any tips?,galaxys26ultra,0,13,1773789171.0,https://www.reddit.com/r/galaxys26ultra/comments/1rwmucm/love_my_s26_ultra_but_its_hard_to_use_one_handed/
1rlhjpm,Which anti-reflective screen protector is good for the s26 ultra?,"Which anti-reflective screen protector is good for the s26 ultra? Anyone know how good the JETech anti reflective screen protector is: https://amzn.eu/d/07HXmOhW. 

I'm trying to decide between the torras: https://amzn.eu/d/08HH8qAl and ESR: https://amzn.eu/d/0dJUNoSs.

All of which are quite expensive but the JEtech less so (however if you work out the cost per protector provided then the ESR is cheaper since they provide 3 whereas JETech provides 2 in the pack). 

I don't really want a matte protector due to the drawbacks it has however, having come across these anti-reflective/anti-glare protectors, I think it's a good balance between standard glass and the matte. 

Anyone tried these types before and recommend them?",galaxys26ultra,1,15,1772717077.0,https://www.reddit.com/r/galaxys26ultra/comments/1rlhjpm/which_antireflective_screen_protector_is_good_for/
1rufr3n,Is it normal for the S26 Ultra to be a fingerprint magnet?,"Is it normal for the S26 Ultra to be a fingerprint magnet? Just upgraded from an S10 to S26 Ultra and the new phone seems to be picking up fingerprints like crazy. I know phones usually come with ""oleophobic coating"" so I was surprised it's this bad, even my S10 doesn't catch this many fingerprints after like 7 years of use. I'm wondering if I got a faulty screen or if everyone's having the same experience",galaxys26ultra,0,13,1773585654.0,https://www.reddit.com/r/galaxys26ultra/comments/1rufr3n/is_it_normal_for_the_s26_ultra_to_be_a/
1ri8gap,Finally switching! iPhone 12 Pro to S26 Ultra,"Finally switching! iPhone 12 Pro to S26 Ultra Just pre-ordered the S26U after 5+ years on iOS. My silver phone arrives next weekend!

Any tips on the switch? Already have all media backed up on Google Photos. I use Chrome and Google Notes so that should transition easy as well. Im assuming Whatsapp will also transition nicely? Want to start my new device so i dont transfer any clutter.",galaxys26ultra,7,13,1772397692.0,https://www.reddit.com/r/galaxys26ultra/comments/1ri8gap/finally_switching_iphone_12_pro_to_s26_ultra/
1rore05,S26 ultra Arrives today 😁😁,S26 ultra Arrives today 😁😁 Order the S26 256gb Cobalt violet trading in my S25 ultra i upgrade every year I like to keep up with latest and greatest tech.,galaxys26ultra,11,12,1773033201.0,https://i.redd.it/czuopfe0eyng1.jpeg
1rsdzth,Help regarding new s26 ultra,Help regarding new s26 ultra Hi I just switched from iPhone to S26 Ultra because my iphone battery was horrible.  Now It seems the new s26 Ultra for me battery slowly drains a bit faster even though it's new? I've only had this phone for 5-6 days. When I sleep and wake up the battery's fine it doesn't even go down but soon as I wake up and use it for the day it drains maybe like 10% in less than an hour? Is this normal because I've seen the reviews on YouTube and it says the battery is adjusting and learning your habits for the first week then it goes to normal... I know the photo i provided of my battery settings gives it that much longevity but when I use it consistently it's drains the battery faster than normal I would think.,galaxys26ultra,3,12,1773377193.0,https://i.redd.it/h7qrh1jvsqog1.jpeg
1rvjfk6,Best S26 Ultra Color,"Best S26 Ultra Color Let's settle this once for all

[View Poll](https://www.reddit.com/poll/1rvjfk6)",galaxys26ultra,1,11,1773689157.0,https://www.reddit.com/r/galaxys26ultra/comments/1rvjfk6/best_s26_ultra_color/
1rurw2r,Which launcher are you going with for S26 Ultra?,"Which launcher are you going with for S26 Ultra? I recall enjoying Niagara before, but was curious what everyone else is using? Whats optimized? Whats clean?",galaxys26ultra,2,11,1773613689.0,https://www.reddit.com/r/galaxys26ultra/comments/1rurw2r/which_launcher_are_you_going_with_for_s26_ultra/
1rp7t3a,S26 ULTRA CHARGING,"S26 ULTRA CHARGING I'm slightly confused , I first bought the Anker nano 65w charger because so many people was writing on Reddit super fast charging 3.0 is working (I bought the one with 3 ports) it was only showing super fast charging 2.0 , (I also have an Anker 240watt type c cable) so I purchased the ugreen nexode 100w gan usb c charger and it shows super fast charging 3.0 , the confusion I have got is I plugged in the first charger that shows sfc 2.0 and then I plugged in the second charger that shows sfc 3.0 and it shows identical charge time remaining",galaxys26ultra,2,12,1773079744.0,https://www.reddit.com/r/galaxys26ultra/comments/1rp7t3a/s26_ultra_charging/
1rs644r,Any s26 ultra deals still to be had?,"Any s26 ultra deals still to be had? Sadly my dumb ass waited too long...I should have swooped in on the best buy or Amazon deals, but I didnt realize they'd end so soon. 

Any tips or info on better deals out there or promos/codes to combine would be greatly appreciated",galaxys26ultra,4,11,1773356096.0,https://www.reddit.com/r/galaxys26ultra/comments/1rs644r/any_s26_ultra_deals_still_to_be_had/
1rjyp68,Notebookcheck: Galaxy S26 Ultra proves specs aren't everything as testing reveals cool thermals and 12% longer battery vs Galaxy S25 Ultra,Notebookcheck: Galaxy S26 Ultra proves specs aren't everything as testing reveals cool thermals and 12% longer battery vs Galaxy S25 Ultra,galaxys26ultra,14,11,1772565731.0,https://www.notebookcheck.net/Galaxy-S26-Ultra-proves-specs-aren-t-everything-as-testing-reveals-cool-thermals-and-12-longer-battery-vs-Galaxy-S25-Ultra.1239338.0.html
1rps9j4,Received the first software update for s26 ultra (UK),Received the first software update for s26 ultra (UK),galaxys26ultra,13,10,1773134827.0,https://i.redd.it/i9thyq37s6og1.jpeg
1rhgqh2,Just Saw a Tracking Number,"Just Saw a Tracking Number I just looked through my My Choice UPS and I can see a tracking number for my Galaxy S26 Ultra, although it hasn't shipped yet.",SamsungGalaxyS26Ultra,5,1,1772319567.0,https://i.redd.it/0t9xawb0gbmg1.jpeg
1roekke,S26 Ultra Privacy Display test at 45° angle. Massively underwhelming.,S26 Ultra Privacy Display test at 45° angle. Massively underwhelming.,SamsungGalaxyS26Ultra,3,0,1772999534.0,https://i.redd.it/pfp0ory4kvng1.jpeg
1rml9e8,IT'S HERE!!,IT'S HERE!!,SamsungGalaxyS26Ultra,5,3,1772820200.0,https://i.redd.it/68no2gvmsgng1.jpeg
1rpgc97,S26U Case Choice.....🤔,"S26U Case Choice.....🤔 So I've tried 3 leather wallet cases. From left to right, the 'Porter Riley', the 'Torro' and the 'Shieldon'. Opted for the Shieldon, (as you can see) as it has no sliding movement of the front cover like the other two, and is the better looking too in my opinion. What did you go for?",SamsungGalaxyS26Ultra,3,1,1773098491.0,https://i.redd.it/7p4j13a5s3og1.jpeg
